nombre,ciudad,provincia,telefono,email,instagram,web,fuente,lat,lon,fecha
Peluquería caballeros Florencio,Madrid,Madrid,,,,,osm,40.484238,-3.6871567,2026-05-18
Alafa,Zaragoza,Aragón,,,,,osm,41.6458892,-0.8891362,2026-05-18
peluquería Iniesta,Alacant / Alicante,Comunitat Valenciana,,,,,osm,38.3690009,-0.4351289,2026-05-18
peluquería Sonia Valero,Alacant / Alicante,Comunitat Valenciana,,,,,osm,38.3675704,-0.4340081,2026-05-18
peluquería caballeros,Alacant / Alicante,Comunitat Valenciana,,,,,osm,38.3674541,-0.4276548,2026-05-18
pelu,Alacant / Alicante,Comunitat Valenciana,,,,,osm,38.3751877,-0.4195226,2026-05-18
Hatuaire,Alacant / Alicante,Comunitat Valenciana,,,,,osm,38.3748228,-0.4195127,2026-05-18
Por los pelos,Alacant / Alicante,Comunitat Valenciana,,,,,osm,38.3677257,-0.4219484,2026-05-18
María,Alacant / Alicante,Comunitat Valenciana,,,,,osm,38.3675613,-0.4228231,2026-05-18
C & Arte,Madrid,Madrid,,,,,osm,40.482653,-3.6703097,2026-05-18
Cruz Sanz,Madrid,Madrid,,,,,osm,40.440176,-3.6444939,2026-05-18
Ramos Peluqueros,Logroño,La Rioja,,,,,osm,42.4648843,-2.4362471,2026-05-18
Francisco,Zaragoza,Aragón,,,,,osm,41.6415524,-0.8703791,2026-05-18
Peluquería Sylvia,La Cavada,Cantabria,,,,,osm,43.3520717,-3.7028553,2026-05-18
Curra,La Cavada,Cantabria,,,,,osm,43.3521799,-3.7056807,2026-05-18
Juanjo,Elche,Alicante,,,,,osm,38.2729756,-0.5398495,2026-05-18
Moda y Estilo,Elche,Alicante,,,,,osm,38.2735298,-0.5390469,2026-05-18
Marce,Elche,Alicante,,,,,osm,38.273169,-0.5376864,2026-05-18
Peluquería IM,Pamplona / Iruña,Navarra,,,,,osm,42.823562,-1.6531455,2026-05-18
Lely,Igualada,Catalunya,,,,,osm,41.5731533,1.6085703,2026-05-18
Blanc Peluqueros,Dénia,Comunitat Valenciana,+34965788300,,,,osm,38.8400206,0.1066857,2026-05-18
The Viking barber shop,Salamanca,Castilla y León,+34644253251,,,,osm,40.9693799,-5.6748417,2026-05-18
Azul,Donostia / San Sebastián,Euskadi,,,,,osm,43.3036013,-1.977252,2026-05-18
Fussion,Donostia / San Sebastián,Euskadi,,,,,osm,43.3050157,-1.9755415,2026-05-18
Ainhoa,Donostia / San Sebastián,Euskadi,,,,,osm,43.3048142,-1.9741782,2026-05-18
Kiribil,Donostia / San Sebastián,Euskadi,,,,,osm,43.311051,-2.005421,2026-05-18
Urbans,Errenteria,Euskadi,,,,,osm,43.3171602,-1.9303817,2026-05-18
Mayi,Zegama,Euskadi,,,,,osm,42.9772231,-2.2894712,2026-05-18
C>M,Montcada i Reixac,Catalunya,,,,,osm,41.4932057,2.1861615,2026-05-18
Inma Sasiain,Donostia / San Sebastián,Euskadi,,,,,osm,43.3109601,-1.965842,2026-05-18
Garland,Alacant / Alicante,Comunitat Valenciana,,,,,osm,38.3930554,-0.5179211,2026-05-18
LB,Donostia / San Sebastián,Euskadi,,,,,osm,43.3091142,-1.9811612,2026-05-18
Ederka,Donostia / San Sebastián,Euskadi,,,,,osm,43.3092516,-1.9812814,2026-05-18
Beatriz Ortega,Donostia / San Sebastián,Euskadi,,,,,osm,43.3165732,-1.9839413,2026-05-18
Arantza Ayerbe,Donostia / San Sebastián,Euskadi,,,,,osm,43.302812,-1.9795398,2026-05-18
July,Las Palmas de Gran Canaria,Canarias,,,,,osm,28.1090208,-15.4209402,2026-05-18
Epoca,Salamanca,Castilla y León,,,,,osm,40.9635561,-5.6858351,2026-05-18
Ilea,Arrasate / Mondragon,Euskadi,,,,,osm,43.0663225,-2.4902003,2026-05-18
Sesiñena Ileapaindegia,Oñati,Euskadi,,,,,osm,43.03179,-2.411952,2026-05-18
doble A,Las Palmas de Gran Canaria,Canarias,,,,,osm,28.114338,-15.4231216,2026-05-18
Hermanos de la Fe,Las Palmas de Gran Canaria,Canarias,,,,,osm,28.1144961,-15.4230204,2026-05-18
ginfer,Alacant / Alicante,Comunitat Valenciana,,,,,osm,38.3434587,-0.4932051,2026-05-18
Jose Mari,Oñati,Euskadi,,,,,osm,43.0314661,-2.4034717,2026-05-18
Virginia Larrañaga ile-apaindegia,Arrasate / Mondragón,Euskadi,,,,,osm,43.0660395,-2.4812834,2026-05-18
Versus,Vitoria-Gasteiz,Euskadi,,,,,osm,42.8573789,-2.6969182,2026-05-18
Ascen Pliego,Vitoria-Gasteiz,Euskadi,,,,,osm,42.8566552,-2.6966908,2026-05-18
Dolores,el Masnou,Catalunya,,,,,osm,41.4518742,2.2519411,2026-05-18
Peluqueria Khalid,Sestao,Euskadi,,,,,osm,43.2758971,-2.9566987,2026-05-18
Pedro Molina,Alacant / Alicante,Comunitat Valenciana,,,,,osm,38.366293,-0.4275767,2026-05-18
Marea,Alacant / Alicante,Comunitat Valenciana,,,,,osm,38.370997,-0.4145991,2026-05-18
peluquería María Celaya,Alacant / Alicante,Comunitat Valenciana,,,,,osm,38.3717548,-0.414874,2026-05-18
Peluquería Nova Imatge,Alacant / Alicante,Comunitat Valenciana,,,,,osm,38.3722149,-0.4145209,2026-05-18
Alex Milano,Alacant / Alicante,Comunitat Valenciana,,,,,osm,38.3732293,-0.4141262,2026-05-18
peluquería unisex Venus,Alacant / Alicante,Comunitat Valenciana,,,,,osm,38.3710532,-0.4123308,2026-05-18
Centro de Estética Reyes Izquierdo,Alacant / Alicante,Comunitat Valenciana,,,,,osm,38.3906842,-0.5046406,2026-05-18
José Antonio,Soraluze-Placencia de las Armas,Euskadi,,,,,osm,43.2152548,-2.415958,2026-05-18
JON Ile-apaindegia,Oñati,Euskadi,,,,,osm,43.0315578,-2.4089417,2026-05-18
Artazi Ileapindegia,Oñati,Euskadi,,,,,osm,43.0311626,-2.4132165,2026-05-18
KIMA Ileapaindegia,Oñati,Euskadi,,,,,osm,43.0318695,-2.4108131,2026-05-18
Ekintza,Tolosa,Euskadi,,,,,osm,43.1336234,-2.0763852,2026-05-18
Scorpios,Las Palmas de Gran Canaria,Canarias,,,,,osm,28.1150059,-15.4244522,2026-05-18
Maritxu,Sestao,Euskadi,,,,,osm,43.2831393,-2.9873849,2026-05-18
Lydia,Donostia / San Sebastián,Euskadi,,,,,osm,43.3165736,-1.9827519,2026-05-18
Perruqueria Nuri,Badalona,Barcelona,,,,,osm,41.4439769,2.2214492,2026-05-18
3 Chick,Burgos,Castilla y León,,,,,osm,42.3418945,-3.6951307,2026-05-18
Patxi Urtxipia,Errenteria,Euskadi,+34943002447,,,,osm,43.3126696,-1.9003291,2026-05-18
Peluquería Mayso,Madrid,Madrid,,,,,osm,40.4617241,-3.5912742,2026-05-18
peluquería Romero,Aspe,Comunitat Valenciana,,,,,osm,38.3460318,-0.766865,2026-05-18
Luzz,Ávila,Castilla y León,,,,,osm,40.6467111,-4.698673,2026-05-18
Marco Aldany,Ávila,Castilla y León,,,,,osm,40.6639896,-4.6669425,2026-05-18
Ébano,Las Palmas de Gran Canaria,Canarias,,,,,osm,28.1138276,-15.4225805,2026-05-18
Iratxo,Oñati,Euskadi,,,,,osm,43.0323553,-2.4008374,2026-05-18
Ileak,Oñati,Euskadi,,,,,osm,43.032405,-2.4042095,2026-05-18
Marki Ile-apiandegia,Oñati,Euskadi,,,,,osm,43.0306058,-2.4109789,2026-05-18
MaxBell,Burgos,Castilla y León,,,,,osm,42.3360026,-3.7026591,2026-05-18
Peluquería Cristina Picazo,Alacant / Alicante,Comunitat Valenciana,,,,,osm,38.352089,-0.4977286,2026-05-18
Park Line,Alacant / Alicante,Comunitat Valenciana,,,,,osm,38.3631567,-0.4308714,2026-05-18
Atelier,Portugalete,Euskadi,,,,,osm,43.3155977,-3.016167,2026-05-18
Zis Zas,Soria,Castilla y León,,,,,osm,41.7674662,-2.4801087,2026-05-18
Pilar Tomás,Soria,Castilla y León,,,,,osm,41.7606832,-2.4694799,2026-05-18
La Torre,Soria,Castilla y León,,,,,osm,41.7689211,-2.4840746,2026-05-18
HED,Barcelona,Catalunya,,,,,osm,41.3843654,2.1693054,2026-05-18
Pelidoo (canina),Alacant / Alicante,Comunitat Valenciana,,,,http://www.pelidoo.com,osm,38.38954,-0.4085433,2026-05-18
Tere Chantal,Alacant / Alicante,Comunitat Valenciana,,,,,osm,38.3456698,-0.4841347,2026-05-18
Maria Antonieta,Alacant / Alicante,Comunitat Valenciana,,,,,osm,38.3464274,-0.4845406,2026-05-18
Perrocker,Barcelona,Catalunya,,,,,osm,41.4029834,2.1451385,2026-05-18
Lujo..s,Vitoria-Gasteiz,Euskadi,+34945067477,,,,osm,42.8417458,-2.6970992,2026-05-18
MK,Vitoria-Gasteiz,Euskadi,,,,,osm,42.8421209,-2.6987108,2026-05-18
YMT,Vitoria-Gasteiz,Euskadi,,,,,osm,42.8408134,-2.6960769,2026-05-18
Leyre.bas,Vitoria-Gasteiz,Euskadi,+34945357983,,,,osm,42.8394423,-2.6965141,2026-05-18
Sasha,Labastida / Bastida,Euskadi,,,,,osm,42.5899804,-2.7925343,2026-05-18
C&R,Soria,Castilla y León,,,,,osm,41.7658438,-2.46902,2026-05-18
Candi y Marisol ileapaindegia,Labastida / Bastida,Euskadi,,,,,osm,42.5905195,-2.793249,2026-05-18
YLANG-YLANG,Vitoria-Gasteiz,Euskadi,,,,,osm,42.8419115,-2.7003816,2026-05-18
Yaël,Burgos,Castilla y León,,,,,osm,42.3369265,-3.7259485,2026-05-18
Adats,Vitoria-Gasteiz,Euskadi,,,,,osm,42.8459528,-2.6500612,2026-05-18
Vintage,Vitoria-Gasteiz,Euskadi,,,,,osm,42.853875,-2.6527641,2026-05-18
Kokoloko,Vitoria-Gasteiz,Euskadi,,,,,osm,42.852747,-2.6519233,2026-05-18
UR concept,Vitoria-Gasteiz,Euskadi,,,,,osm,42.8617989,-2.6904983,2026-05-18
MAGENTA,Vitoria-Gasteiz,Euskadi,,,,,osm,42.8622278,-2.6902996,2026-05-18
Green Capital Barbería,Vitoria-Gasteiz,Euskadi,,,,,osm,42.8622077,-2.6894667,2026-05-18
FAMARA,Vitoria-Gasteiz,Euskadi,,,,,osm,42.866891,-2.690525,2026-05-18
Stimage,Madrid,Madrid,,,,,osm,40.4809979,-3.6625795,2026-05-18
Moisés Bárcena,Burgos,Castilla y León,+34947236046,,,,osm,42.3473193,-3.6968932,2026-05-18
Peluquería Victor Manuel,Plasencia,Extremadura,,,,,osm,40.041333,-6.0783628,2026-05-18
Oh! Peluqueros,Salamanca,Castilla y León,+34923123484,ohpeluqueros@ohpeluqueros.com,,https://ohpeluqueros.com/,osm,40.9693968,-5.6735878,2026-05-18
REDKEN,Salamanca,Castilla y León,,,,,osm,40.9731656,-5.680844,2026-05-18
Pardo,El Burgo de Osma-Ciudad de Osma,Castilla y León,,,,,osm,41.5871283,-3.0671878,2026-05-18
La Pulguita,Donostia / San Sebastián,Euskadi,,,,,osm,43.3243782,-1.97297,2026-05-18
Lion's Peluqueros,Donostia / San Sebastián,Euskadi,,,,,osm,43.3228427,-1.9713594,2026-05-18
La Barberie,Donostia / San Sebastián,Euskadi,,,,,osm,43.3232866,-1.9729317,2026-05-18
Marduk,Vitoria-Gasteiz,Euskadi,,,,,osm,42.842593,-2.6749615,2026-05-18
Amarica,Vitoria-Gasteiz,Euskadi,,,,,osm,42.8426104,-2.6732089,2026-05-18
Zirats Ileapaindegia,Mungia,Euskadi,,,,,osm,43.3518173,-2.8390212,2026-05-18
Peluquería Vanguardia,Carmona,Andalucía,+34954190407,,,,osm,37.4710781,-5.6451753,2026-05-18
Peluquería Pety,Carmona,Andalucía,,,,,osm,37.4683594,-5.655198,2026-05-18
Ángeles Barba,Málaga,Andalucía,,,,,osm,36.7230887,-4.3599744,2026-05-18
Dolls,Eibar,Euskadi,,,,,osm,43.1861681,-2.4698848,2026-05-18
Salón de belleza,Alhama de Murcia,Murcia,,,,,osm,37.8879634,-1.3528685,2026-05-18
Irudi,Tolosa,Euskadi,,,,,osm,43.1369586,-2.0730571,2026-05-18
Kyoko,Tolosa,Euskadi,,,,,osm,43.1374015,-2.0726799,2026-05-18
Honekin,Tolosa,Euskadi,,,,,osm,43.1382921,-2.071847,2026-05-18
Tris-Tras,Tolosa,Euskadi,,,,,osm,43.1388134,-2.0722709,2026-05-18
Goya Peluqueros,Zaragoza,Aragón,,,,,osm,41.6464735,-0.8938437,2026-05-18
Peluquería Nerea,Pamplona / Iruña,Navarra,,,,,osm,42.8275416,-1.6560307,2026-05-18
Peluquería NewFashyon,Pamplona / Iruña,Navarra,,,,,osm,42.8335717,-1.659981,2026-05-18
N G,Pamplona / Iruña,Navarra,,,,,osm,42.8336546,-1.6611846,2026-05-18
Formas,Eibar,Euskadi,+34943821277,,,,osm,43.1829112,-2.4763561,2026-05-18
Ana Herguijuela,Eibar,Euskadi,,,,,osm,43.1827642,-2.4758603,2026-05-18
Eider,Eibar,Euskadi,,,,,osm,43.1836562,-2.4754734,2026-05-18
Ilargi,Eibar,Euskadi,+34943202860,,,,osm,43.1836578,-2.4754374,2026-05-18
Esther,Eibar,Euskadi,,,,,osm,43.1833248,-2.4744886,2026-05-18
Ángel Peluquería,Zaragoza,Aragón,,,,,osm,41.6427523,-0.8872991,2026-05-18
Peluquería Pily-Mari José,Zaragoza,Aragón,,,,,osm,41.6477133,-0.8982435,2026-05-18
"Peluquería ""Lázaro""",Vilassar de Mar,Catalunya,,,,,osm,41.5063464,2.3894597,2026-05-18
Espill,Vilassar de Mar,Catalunya,,,,,osm,41.5053892,2.3952024,2026-05-18
Moha Said,El Ejido,Andalucía,,,,,osm,36.7723261,-2.8190881,2026-05-18
Ven que te Peino,Lugo,Galicia,,,,,osm,42.9975486,-7.5471714,2026-05-18
Urba'n Peluqueros,Lugo,Galicia,,,,,osm,42.998364,-7.5482261,2026-05-18
Carles,Vilassar de Mar,Catalunya,,,,,osm,41.5037397,2.3919268,2026-05-18
Peluqueria Paco,l'Eliana,Comunitat Valenciana,+34962743584,,,,osm,39.5657565,-0.5278565,2026-05-18
Peluquerías Low Cost,Lugo,Galicia,,,,,osm,42.9984993,-7.5476313,2026-05-18
Jesús Domínguez,Salamanca,Castilla y León,,,,,osm,40.9697826,-5.669438,2026-05-18
Peluquería Barbería 52,Salamanca,Castilla y León,,,,,osm,40.9705229,-5.6699884,2026-05-18
Pamela,Suances,Cantabria,,,,,osm,43.4250241,-4.0419495,2026-05-18
Crisland,Puerto de la Cruz,Canarias,,,,,osm,28.4162528,-16.5544764,2026-05-18
Conchita,Puerto de la Cruz,Canarias,,,,,osm,28.4161086,-16.5460231,2026-05-18
Las Chicas,Puerto de la Cruz,Canarias,,,,,osm,28.4158197,-16.5482711,2026-05-18
Chicha,Puerto de la Cruz,Canarias,,,,,osm,28.4164706,-16.5554197,2026-05-18
Hierba Buena,Puerto de la Cruz,Canarias,,,,,osm,28.4152483,-16.5468246,2026-05-18
Mary,Puerto de la Cruz,Canarias,,,,,osm,28.4164279,-16.5526449,2026-05-18
Arteixo,Puerto de la Cruz,Canarias,,,,,osm,28.4163198,-16.5457226,2026-05-18
Angelica,Puerto de la Cruz,Canarias,,,,,osm,28.4149549,-16.5394588,2026-05-18
Francis,Puerto de la Cruz,Canarias,,,,,osm,28.4171154,-16.5453132,2026-05-18
Elio,Puerto de la Cruz,Canarias,,,,,osm,28.4170549,-16.5501419,2026-05-18
J. Lam,Puerto de la Cruz,Canarias,,,,,osm,28.412855,-16.5551808,2026-05-18
Status,Puerto de la Cruz,Canarias,,,,,osm,28.4159504,-16.546768,2026-05-18
Loly,Puerto de la Cruz,Canarias,,,,,osm,28.414074,-16.5566071,2026-05-18
Begoña Balaguer,l'Eliana,Comunitat Valenciana,,,,,osm,39.5667419,-0.5295822,2026-05-18
Kanoe Estilisme,l'Eliana,Comunitat Valenciana,,,,,osm,39.5655,-0.5301427,2026-05-18
Peluquería Cocolisso,l'Eliana,Comunitat Valenciana,,,,,osm,39.5662954,-0.5289694,2026-05-18
Isabel,Puerto de la Cruz,Canarias,,,,,osm,28.3945976,-16.5202159,2026-05-18
Bambu,Puerto de la Cruz,Canarias,,,,,osm,28.3978265,-16.5777211,2026-05-18
Isa,Los Silos,Canarias,,,,,osm,28.3726813,-16.79272,2026-05-18
Carmen,Puerto de la Cruz,Canarias,,,,,osm,28.4147305,-16.5382558,2026-05-18
Contrastes,Los Silos,Canarias,,,,,osm,28.3652821,-16.8149979,2026-05-18
Zare,Icod de los Vinos,Canarias,,,,,osm,28.3804913,-16.6807895,2026-05-18
Due,Puerto de la Cruz,Canarias,,,,,osm,28.3939005,-16.5199128,2026-05-18
Deutscher Friseur,Puerto de la Cruz,Canarias,,,,,osm,28.4133214,-16.5386207,2026-05-18
Carola,Fasnia,Canarias,,,,,osm,28.1656783,-16.4289771,2026-05-18
Javier,Puerto de la Cruz,Canarias,,,,,osm,28.3976771,-16.5770026,2026-05-18
Ramón Estilistas,Badalona,Barcelona,+34933999808,,,,osm,41.4418033,2.2203648,2026-05-18
Peluquería Cristina Cué,Llanes,Asturias / Asturies,,,,,osm,43.4306125,-4.808482,2026-05-18
Peluquería Pepe Sevilla,Sevilla,Andalucía,,,,,osm,37.3674979,-5.9714706,2026-05-18
Dania,Burgos,Castilla y León,,,,,osm,42.3424518,-3.6996428,2026-05-18
Marce,Burgos,Castilla y León,,,,,osm,42.3431419,-3.6996982,2026-05-18
H2043,Burgos,Castilla y León,,,,,osm,42.3377349,-3.6959169,2026-05-18
Miguel Ángel,Burgos,Castilla y León,,,,,osm,42.3377736,-3.6961118,2026-05-18
Fantasy,Burgos,Castilla y León,,,,,osm,42.3389443,-3.6989998,2026-05-18
Peluquería Gardel,Burgos,Castilla y León,,,,,osm,42.3508435,-3.6830505,2026-05-18
Marnedi,Burgos,Castilla y León,+34947205143,,,,osm,42.3375825,-3.7023885,2026-05-18
Suma,Burgos,Castilla y León,,,,,osm,42.3375118,-3.7022742,2026-05-18
Peluqueria Ana Marta,Gijón / Xixón,Asturias / Asturies,,,,,osm,43.5383084,-5.6851344,2026-05-18
N. Pascual,Burgos,Castilla y León,,,,,osm,42.3381802,-3.700743,2026-05-18
Dori Roma,Burgos,Castilla y León,,,,,osm,42.3376265,-3.7012857,2026-05-18
Verònica,Vilafamés,Comunitat Valenciana,,,,,osm,40.1170053,-0.0506499,2026-05-18
M.D.S. Peluqueros,Burgos,Castilla y León,,,,,osm,42.348608,-3.6873995,2026-05-18
Nuevo Diseño,Burgos,Castilla y León,,,,,osm,42.3481176,-3.6966251,2026-05-18
Tony,Burgos,Castilla y León,,,,,osm,42.3369425,-3.7007733,2026-05-18
Perruqueria MªAngels,Saldes,Catalunya,,,,,osm,42.2277953,1.734629,2026-05-18
Candelas García,Burgos,Castilla y León,,,,,osm,42.3377412,-3.6969669,2026-05-18
Duo's,Badajoz,Badajoz,,,,,osm,38.8656998,-6.9874491,2026-05-18
Stylarte,Salamanca,Castilla y León,,,,,osm,40.9724583,-5.6580274,2026-05-18
Salón Apolo,Burgos,Castilla y León,,,,,osm,42.3421961,-3.6964376,2026-05-18
Luis Ángel,Burgos,Castilla y León,,,,,osm,42.3380545,-3.6979673,2026-05-18
Peluquería Dalia,O Barco,Galicia,,,,,osm,42.4167745,-6.9868252,2026-05-18
Salón 58,Gijón/Xixón,Asturias / Asturies,+34985875250,,,,osm,43.5414177,-5.6702916,2026-05-18
Peluqueria Pili C.,Gijón / Xixón,Asturias / Asturies,,,,,osm,43.5414633,-5.6703663,2026-05-18
Project,Puerto de la Cruz,Canarias,,,,,osm,28.4150723,-16.5453805,2026-05-18
Arihus,Puerto de la Cruz,Canarias,,,,,osm,28.4150644,-16.5502185,2026-05-18
Belise,Puerto de la Cruz,Canarias,,,,,osm,28.4147869,-16.5515508,2026-05-18
fUtUrocoUp,Puerto de la Cruz,Canarias,,,,,osm,28.4156681,-16.551644,2026-05-18
Tximak,Zumaia,Euskadi,+34943860449,etxabeantto@hotmail.com,,https://www.tximak.com/,osm,43.2941681,-2.2545983,2026-05-18
D'Sandy,Adeje,Canarias,,,,,osm,28.0563309,-16.7120654,2026-05-18
Innova,Burgos,Castilla y León,,,,,osm,42.3433888,-3.7124078,2026-05-18
Kingsman,Llíber,Comunitat Valenciana,,,,,osm,38.7152092,0.049359,2026-05-18
Nueva Imagen,Llíber,Comunitat Valenciana,,,,,osm,38.7153775,0.0491492,2026-05-18
Perruqueria Xavi,Terrassa,Catalunya,,,,,osm,41.5826218,2.0144357,2026-05-18
Ana Garcia,Sestao,Euskadi,,,,,osm,43.3307978,-3.0071368,2026-05-18
Tanger,Calp,Comunitat Valenciana,,,,,osm,38.643665,0.0468917,2026-05-18
Fashion Look,Nerja,Andalucía,,,,,osm,36.747214,-3.8796045,2026-05-18
Milenio,Santiago de Compostela,Galicia,,,,,osm,42.881765,-8.5392576,2026-05-18
Equip Mosquea,Vilanova i la Geltrú,Catalunya,,,,,osm,41.2294029,1.7430281,2026-05-18
Barber Corner,La Zubia,Andalucía,,,,,osm,37.1219038,-3.5820441,2026-05-18
Peluquería Collado,Alacant / Alicante,Comunitat Valenciana,,,,,osm,38.3638007,-0.49635,2026-05-18
Peluquería Angel Jesús Collado,Alacant / Alicante,Comunitat Valenciana,,,,,osm,38.3746364,-0.4919243,2026-05-18
Ayala,Burgos,Castilla y León,,,,,osm,42.3434008,-3.7026116,2026-05-18
Dharma,Valladolid,Castilla y León,,,,,osm,41.6465239,-4.7457497,2026-05-18
Laura,Valladolid,Valladolid,,,,,osm,41.648907,-4.7279634,2026-05-18
María Luisa Sicilia,Valladolid,Valladolid,+34983308917,info@marialuisasicilia.com,,https://www.marialuisasicilia.com/,osm,41.6491702,-4.7268408,2026-05-18
Paolo,Valladolid,Castilla y León,,,,,osm,41.649996,-4.7298876,2026-05-18
Paladins Barber Studio,Olazti / Olazagutía,Navarra,,,,,osm,42.8957442,-2.17004,2026-05-18
Cuestas,València,Comunitat Valenciana,,,,,osm,39.4539326,-0.3931228,2026-05-18
María Mónica,València,Comunitat Valenciana,,,,,osm,39.453748,-0.3926417,2026-05-18
AN,València,Comunitat Valenciana,,,,,osm,39.4535151,-0.3920078,2026-05-18
Liheto,València,Comunitat Valenciana,,,,,osm,39.4538961,-0.3901171,2026-05-18
J. Ramón,València,Comunitat Valenciana,,,,,osm,39.4527199,-0.3900187,2026-05-18
Mari Luz,València,Comunitat Valenciana,,,,,osm,39.4539836,-0.3904108,2026-05-18
Jean from Paris,San Bartolomé de Tirajana,Canarias,,,,,osm,27.756079,-15.5787782,2026-05-18
Salon California,Beniarbeig,Comunitat Valenciana,,,,,osm,38.8257472,0.0187636,2026-05-18
Perruqueria,Figueres,Catalunya,,,,,osm,42.2655413,3.019109,2026-05-18
Españolo,Murcia,Murcia,,,,,osm,37.9853211,-1.1271303,2026-05-18
Yepes,Murcia,Murcia,,,,,osm,37.9840055,-1.1268751,2026-05-18
Mabel,Murcia,Murcia,,,,,osm,37.9901849,-1.1246126,2026-05-18
Peluquería y Estética YSA,Baeza,Andalucía,,,,,osm,37.9940563,-3.468186,2026-05-18
Peluqueria Unisex GHARU,Baeza,Andalucía,,,,,osm,37.9945512,-3.4672333,2026-05-18
Peluquería Cati,Baeza,Andalucía,,,,,osm,37.9943384,-3.4673254,2026-05-18
Stylo,Pájara,Canarias,,,,,osm,28.1619944,-14.230915,2026-05-18
Rasgos Barber & Tattoo,Logroño,La Rioja,+34941511150,,,,osm,42.4571291,-2.4619075,2026-05-18
El Punto,Utrera,Andalucía,,,,,osm,37.1832355,-5.7776249,2026-05-18
Vanessa,Los Silos,Canarias,,,,,osm,28.353019,-16.7807997,2026-05-18
La Perla,Guía de Isora,Canarias,,,,,osm,28.231057,-16.839312,2026-05-18
Perruqueria home,Reus,Catalunya,,,,,osm,41.1084567,1.146687,2026-05-18
Campos Martinez,Baeza,Andalucía,,,,,osm,37.9955066,-3.467515,2026-05-18
Unisex Fernando,Baeza,Andalucía,,,,,osm,37.9951513,-3.467817,2026-05-18
Cinga,Albanchez de Mágina,Andalucía,,,,,osm,37.7916709,-3.4670768,2026-05-18
Mari,Albanchez de Mágina,Andalucía,,,,,osm,37.7916649,-3.4658352,2026-05-18
Peluquería URBANA,Baeza,Andalucía,,,,,osm,37.9950802,-3.4725903,2026-05-18
Cristina Moreno,Palma,Illes Balears,,,,,osm,39.5735546,2.6543803,2026-05-18
Yngria,Tuineje,Canarias,,,,,osm,28.2095509,-14.0266999,2026-05-18
Pili,Tuineje,Canarias,,,,,osm,28.2129764,-14.021287,2026-05-18
Ibermar,Tuineje,Canarias,,,,,osm,28.2129702,-14.0196843,2026-05-18
Jose,Baeza,Andalucía,,,,,osm,37.9927846,-3.4687395,2026-05-18
La Canga,Baeza,Andalucía,,,,,osm,37.9939367,-3.4702285,2026-05-18
Peluquería Ascen,Donostia / San Sebastián,Euskadi,,,,,osm,43.295153,-1.9535053,2026-05-18
Peluqueria Postizos,Baeza,Andalucía,,,,,osm,37.9942753,-3.4649304,2026-05-18
Peluquería José,Los Palacios y Villafranca,Andalucía,,,,,osm,37.1681724,-5.9217814,2026-05-18
Peluqueria Toñi,Baeza,Andalucía,,,,,osm,37.9939351,-3.4635593,2026-05-18
Peluquería Mari Carmen,Baeza,Andalucía,,,,,osm,37.9903675,-3.4663221,2026-05-18
Salón de Belleza Mª Fernanda,Baeza,Andalucía,,,,,osm,37.997873,-3.4670579,2026-05-18
Peluquería Paco Guzman,Baeza,Andalucía,,,,,osm,37.9918932,-3.4662098,2026-05-18
Peluquería Unisex Lloris,Orihuela,Comunitat Valenciana,,,,,osm,38.0805058,-0.946491,2026-05-18
Peluquería Ana Belén,Baeza,Andalucía,,,,,osm,37.9986291,-3.4657543,2026-05-18
Centro estética,Baeza,Andalucía,,,,,osm,37.9981906,-3.4763861,2026-05-18
"Peluquería ""Juanmi""",Baeza,Andalucía,,,,,osm,37.9987612,-3.4749587,2026-05-18
Peluquería New look,Baeza,Andalucía,,,,,osm,37.9990585,-3.4738647,2026-05-18
José María Crespo Peluquería,Bilbao,Euskadi,,,,,osm,43.2660284,-2.9322082,2026-05-18
Tot Estil,Pollença,Illes Balears,,,,,osm,39.8785797,3.0159905,2026-05-18
Peluquería y Estética,Quesada,Andalucía,,,,,osm,37.8468197,-3.0678235,2026-05-18
Peluquería Mertxe,Sestao,Euskadi,+34944923027,,,,osm,43.3036318,-3.0361277,2026-05-18
Sebastián Peluqueros,Aranda de Duero,Castilla y León,,,,,osm,41.6704995,-3.689992,2026-05-18
Oscar Peluqueros,Aranda de Duero,Castilla y León,+34655987513,,,,osm,41.6710046,-3.6903551,2026-05-18
Jesús Peluqueros,Aranda de Duero,Castilla y León,,,,,osm,41.6701698,-3.6882578,2026-05-18
Salon de beleza Mares,Madrid,Madrid,,,,,osm,40.400538,-3.6864803,2026-05-18
Peluquería Antonio,Alacant / Alicante,Comunitat Valenciana,,,,,osm,38.3442309,-0.5158419,2026-05-18
Centro Estética Iconos,Huétor Tájar,Andalucía,+34958333348,,,,osm,37.1969209,-4.0473519,2026-05-18
Angel R.R,Dos Hermanas,Andalucía,,,,,osm,37.280238,-5.9176209,2026-05-18
Gon Gran,Huétor Tájar,Andalucía,,,,,osm,37.1971587,-4.0440498,2026-05-18
Wilson Barber,Salamanca,Castilla y León,,,,,osm,40.9691256,-5.6729021,2026-05-18
Johnmary,Girona,Catalunya,,,,,osm,41.9769168,2.8206974,2026-05-18
Mar,Puerto de la Cruz,Canarias,,,,,osm,28.4005975,-16.5509341,2026-05-18
Aceval,Vigo,Galicia,,,,,osm,42.2287961,-8.7329957,2026-05-18
Hombre,Vigo,Galicia,,,,,osm,42.2300322,-8.7325649,2026-05-18
Abilio,Vigo,Galicia,,,,,osm,42.2326396,-8.7320988,2026-05-18
Yumaka,Vigo,Galicia,,,,,osm,42.2333824,-8.7314452,2026-05-18
Alyssa,Manzanares el Real,Madrid,,,,,osm,40.7281769,-3.8649647,2026-05-18
Anade,Tarragona,Catalunya,,,,,osm,41.1376011,1.346212,2026-05-18
Eska,Alacant / Alicante,Comunitat Valenciana,,,,,osm,38.3946841,-0.5168675,2026-05-18
Verónica,Alacant / Alicante,Comunitat Valenciana,,,,,osm,38.3936371,-0.5172147,2026-05-18
Cristina Cadenas,Medina de Pomar,Castilla y León,,,,,osm,42.934398,-3.4860063,2026-05-18
Aloha,Getxo,Euskadi,,,,,osm,43.3587474,-3.0096263,2026-05-18
Peluquería Castander,Valle de Trápaga-Trapagaran,Euskadi,+34944920095,,,,osm,43.3022988,-3.0359064,2026-05-18
Ana Moya,Ciudad Real,Castilla-La Mancha,,,,,osm,38.9951003,-3.9316864,2026-05-18
Nove,Puerto de la Cruz,Canarias,,,,,osm,28.4025019,-16.5494421,2026-05-18
Ideas,Burgos,Castilla y León,,,,,osm,42.347463,-3.7001634,2026-05-18
Peluquería Belén,Los Silos,Canarias,,,,,osm,28.3657469,-16.8173104,2026-05-18
Peluquería Barbería Sergio,Orihuela,Comunitat Valenciana,,,,,osm,38.0788432,-0.9460461,2026-05-18
Gente,Madrid,Madrid,,,,,osm,40.4261425,-3.6945432,2026-05-18
Denis Juguet,Madrid,Madrid,,,,,osm,40.425433,-3.694942,2026-05-18
Perfil's,Burgos,Castilla y León,,,,,osm,42.3467766,-3.6830528,2026-05-18
Peluquería 21,Madrid,Madrid,,,,,osm,40.4111487,-3.7074087,2026-05-18
Peluquería,Madrid,Madrid,,,,,osm,40.4109892,-3.7078499,2026-05-18
Felix,Llanes,Asturias / Asturies,,,,,osm,43.4191975,-4.7536291,2026-05-18
Own Style,Madrid,Madrid,,,,,osm,40.4105959,-3.7084617,2026-05-18
La Gran Tijera,Madrid,Madrid,+34913653344,,,,osm,40.4104747,-3.7081165,2026-05-18
Lasestanpeinando,Monreal / Elo,Navarra,,,,,osm,42.7052186,-1.5079262,2026-05-18
Puy,Villatuerta,Navarra,,,,,osm,42.6594367,-1.9921741,2026-05-18
Peluqueria San Ginés,Villatuerta,Navarra,,,,,osm,42.6616307,-1.9906358,2026-05-18
Enrike's,Madrid,Madrid,,,,,osm,40.4035921,-3.6784374,2026-05-18
Estilista Emma,Felanitx,Illes Balears,,,,,osm,39.4147517,3.2587842,2026-05-18
Adrover,Felanitx,Illes Balears,,,,,osm,39.4193476,3.2612499,2026-05-18
D&M,Puerto de la Cruz,Canarias,,,,,osm,28.4033344,-16.5489841,2026-05-18
Carlos Gálico,Madrid,Madrid,,,,,osm,40.4293007,-3.7027475,2026-05-18
Iñaki,Peralta / Azkoien,Navarra,,,,,osm,42.3387509,-1.8022379,2026-05-18
Carmen Álvarez,La Zubia,Andalucía,,,,,osm,37.1214332,-3.5847201,2026-05-18
Diego Vázquez,La Zubia,Andalucía,,,,,osm,37.1213312,-3.5834921,2026-05-18
Ebbe,La Zubia,Andalucía,,,,,osm,37.1197153,-3.5824365,2026-05-18
Plagaro,Burgos,Castilla y León,,,,,osm,42.3483497,-3.6961921,2026-05-18
Gildo,Vigo,Pontevedra,,,,,osm,42.2241021,-8.7285101,2026-05-18
Tu Momento,San Fernando de Henares,Madrid,,,,,osm,40.4495563,-3.4659134,2026-05-18
Llongueras,Barcelona,Catalunya,,,,,osm,41.3927753,2.1267716,2026-05-18
Ismael,O Vicedo,Galicia,,,,,osm,43.7330908,-7.6721686,2026-05-18
Sesion Perruquers (Home),Barcelona,Catalunya,,,,,osm,41.4053467,2.1599869,2026-05-18
Bilbaina Ileapaindegia,Bilbao,Euskadi,,,,,osm,43.3242708,-2.8524996,2026-05-18
Losmar,Zaragoza,Aragón,,,,,osm,41.6439296,-0.8933504,2026-05-18
M&R Peluquerías,Huétor Tájar,Andalucía,,,,,osm,37.1992361,-4.0525768,2026-05-18
AEL Belleza y Spa,Huétor Tájar,Andalucía,,,,,osm,37.1989886,-4.0525474,2026-05-18
Belleza Nati Gordo,Huétor Tájar,Andalucía,,,,,osm,37.1951629,-4.0452877,2026-05-18
VS,Narón,Galicia,+34981047764,,vspeluqueria_estetica,,osm,43.4971774,-8.2006417,2026-05-18
Beauty Center,Narón,Galicia,+34617509459,,beautycenterjl,,osm,43.5005595,-8.199563,2026-05-18
Teymar Estilista,Orihuela,Comunitat Valenciana,,,,,osm,38.0792839,-0.948613,2026-05-18
Hermanos Salinas,Requena,Comunitat Valenciana,,,,,osm,39.4873657,-1.0985927,2026-05-18
Peluquería Caballeros Durán,Getafe,Madrid,,,,,osm,40.3122052,-3.7171087,2026-05-18
Peluquería Nayma Singla,Salamanca,Castilla y León,,,,,osm,40.9740773,-5.6718519,2026-05-18
Robelma,Burgos,Castilla y León,,,,,osm,42.3342488,-3.6985465,2026-05-18
Stylo's,Burgos,Castilla y León,,,,,osm,42.3370512,-3.7030144,2026-05-18
La Barbería,Salamanca,Castilla y León,,,,,osm,40.9674086,-5.6673271,2026-05-18
Peluquería y estética Maribel,Salamanca,Castilla y León,,,,,osm,40.9673277,-5.6671534,2026-05-18
Salón de Belleza Mercedes,Salamanca,Castilla y León,,,,,osm,40.9751951,-5.6578831,2026-05-18
Peluquería Hair studio,Burgos,Castilla y León,,,,,osm,42.3389424,-3.7029165,2026-05-18
Sebastián Martín,Torrejón de Ardoz,Madrid,,,,,osm,40.4755091,-3.4817175,2026-05-18
Cortina,València,Comunitat Valenciana,+34963497064,,,,osm,39.4786094,-0.3924837,2026-05-18
Papillón,València,Comunitat Valenciana,+34963463431,,,,osm,39.480432,-0.3945156,2026-05-18
Tita y Fely,Ponferrada,Castilla y León,,,,,osm,42.5492579,-6.5977687,2026-05-18
Axel,Burgos,Castilla y León,,,,,osm,42.3558175,-3.6654673,2026-05-18
Peluquería Juan Bernal,Murcia,Murcia,,,,,osm,37.9394791,-1.1570196,2026-05-18
Fernando Torres,València,Comunitat Valenciana,,,,,osm,39.4782213,-0.3954793,2026-05-18
Juan,València,Comunitat Valenciana,,,,,osm,39.4783446,-0.3940606,2026-05-18
Peluquería CG,València,Comunitat Valenciana,+34963404946,,,,osm,39.4800609,-0.3955132,2026-05-18
Entreavenidas,València,Comunitat Valenciana,,,,,osm,39.4788635,-0.3959318,2026-05-18
Machuca,Illescas,Castilla-La Mancha,,,,,osm,40.1213444,-3.8484816,2026-05-18
Amparín,València,Comunitat Valenciana,,,,,osm,39.4800115,-0.3933371,2026-05-18
Cony's,València,Comunitat Valenciana,,,,,osm,39.4800986,-0.3964383,2026-05-18
Machado-Woman,la Vall d'Uixó,Comunitat Valenciana,,,,,osm,39.7808835,-0.1884613,2026-05-18
Peluquería Caliza,Madrid,Madrid,,,,,osm,40.399128,-3.6047397,2026-05-18
Edgar Arroyos Perruquers,Lleida,Catalunya,,,,,osm,41.6218255,0.6209575,2026-05-18
Glamour,Onda,Comunitat Valenciana,,,,,osm,39.9636143,-0.2632698,2026-05-18
UOMO,Onda,Comunitat Valenciana,,,,,osm,39.9640706,-0.2646601,2026-05-18
Maruchi,Villadiego,Castilla y León,,,,,osm,42.5161499,-4.0097127,2026-05-18
La Peluka,Sort,Catalunya,,,,,osm,42.4116267,1.1315153,2026-05-18
Peluqueria,Cortes de la Frontera,Andalucía,,,,,osm,36.6218344,-5.3390235,2026-05-18
Perruqueria Margarit,Sant Boi de Llobregat,Catalunya,,,,,osm,41.3020648,2.0150626,2026-05-18
Peluquería David,El Pedroso,Andalucía,,,,,osm,37.8419504,-5.7649821,2026-05-18
Peluquería,Pedrola,Aragón,,,,,osm,41.7849136,-1.2227128,2026-05-18
Peluquería Ruben,Castelló de la Plana / Castellón de la Plana,Comunitat Valenciana,,,,,osm,39.9904285,-0.0769254,2026-05-18
Zuazu´s,Tafalla,Navarra,,,,,osm,42.5262564,-1.6746452,2026-05-18
Barbería,Vigo,Galicia,,,,,osm,42.2352236,-8.7289841,2026-05-18
Candido Peluquería de caballeros,Castelló de la Plana / Castellón de la Plana,Comunitat Valenciana,,,,,osm,39.9893641,-0.1035323,2026-05-18
Peluquería Ana,Castelló de la Plana / Castellón de la Plana,Comunitat Valenciana,,,,,osm,39.9898676,-0.1059738,2026-05-18
Beauty Junkis,Castelló de la Plana / Castellón de la Plana,Comunitat Valenciana,,,,,osm,39.9861353,-0.0343968,2026-05-18
Don Barber Studio,Castelló de la Plana,Comunitat Valenciana,,,,,osm,39.9857388,-0.0336896,2026-05-18
Cabells,Castelló de la Plana,Comunitat Valenciana,+34964222240,,,,osm,39.9859565,-0.0335153,2026-05-18
Joan Centelles,Castelló de la Plana / Castellón de la Plana,Comunitat Valenciana,,,,,osm,39.9862022,-0.0343121,2026-05-18
"Carlos y Andrés, Peluqueros.",Móstoles,Madrid,+34916137572,,,,osm,40.3293267,-3.8669427,2026-05-18
El Tocador de Lula,Barcelona,Barcelona,,,,,osm,41.4075559,2.1587772,2026-05-18
Richard,Illescas,Castilla-La Mancha,,,,,osm,40.1215463,-3.8479283,2026-05-18
Apolo,Utebo,Aragón,,,,,osm,41.7113431,-0.9967084,2026-05-18
Peluquería System,Utebo,Aragón,+34976786944,,,,osm,41.7051837,-0.9997443,2026-05-18
Peluquería Piscis,Belorado,Castilla y León,,,,,osm,42.4200337,-3.1934122,2026-05-18
Biok,Donostia / San Sebastián,Euskadi,,,,,osm,43.2678021,-1.9761359,2026-05-18
Adats,Hernani,Euskadi,,,,,osm,43.2663785,-1.9758256,2026-05-18
Leire,Donostia / San Sebastián,Euskadi,,,,,osm,43.2664999,-1.9761627,2026-05-18
Barber Shop,Donostia / San Sebastián,Euskadi,+34943332087,,,,osm,43.2660978,-1.9750477,2026-05-18
Makoki,Donostia / San Sebastián,Euskadi,,,,,osm,43.2656611,-1.9747362,2026-05-18
Conchi Moreira,Campelo,Galicia,,,,,osm,42.3915282,-8.6987113,2026-05-18
Estilistas Rivero,Zaragoza,Aragón,,,,,osm,41.6254399,-0.8770262,2026-05-18
Pelos,Vitoria-Gasteiz,Euskadi,,,,,osm,42.8453098,-2.6841908,2026-05-18
Ambar,Vitoria-Gasteiz,Euskadi,,,,,osm,42.8465538,-2.6845702,2026-05-18
Peluquería Izara,Madrid,Madrid,,,,,osm,40.4069063,-3.7525413,2026-05-18
María Aboal,Noia,Galicia,,,,,osm,42.785707,-8.8871247,2026-05-18
Pedro LLuch,Alacant / Alicante,Comunitat Valenciana,,,,http://www.paginasamarillas.es/fichas/ig/pedro-lluch_197451248_000000001.html,osm,38.3512503,-0.4977825,2026-05-18
Paula Canabal,Noia,Galicia,,,,,osm,42.7855737,-8.8856798,2026-05-18
Rocío,Noia,Galicia,,,,,osm,42.7856592,-8.885435,2026-05-18
Soraya,Peralta / Azkoien,Navarra,,,,,osm,42.3376887,-1.802058,2026-05-18
Sun4ever,Adeje,Canarias,,,,,osm,28.0801024,-16.7335081,2026-05-18
Lina Marchena,Madrid,Madrid,,,,,osm,40.4124339,-3.7322905,2026-05-18
Peluquería Duar,Vilamartín,Galicia,,,,,osm,42.4141872,-7.0609376,2026-05-18
Versión Profesional,Sevilla,Andalucía,,,,,osm,37.3910044,-5.9924246,2026-05-18
Spejo's,Madrid,Madrid,,,,,osm,40.3860156,-3.7638195,2026-05-18
Thierry & Alain,Adeje,Canarias,,,,,osm,28.0863072,-16.7353365,2026-05-18
Mar Posas,Adeje,Canarias,,,,,osm,28.0867094,-16.7353535,2026-05-18
Loles,Tarragona,Catalunya,,,,,osm,41.1374543,1.2958685,2026-05-18
Ana Sánchez,Salamanca,Castilla y León,,,,,osm,40.9510707,-5.6703707,2026-05-18
Marga,Manacor,Illes Balears,,,,,osm,39.5422403,3.3334311,2026-05-18
Marian,Manacor,Illes Balears,,,,,osm,39.5464609,3.3384035,2026-05-18
V&M,Manacor,Illes Balears,,,,,osm,39.545665,3.3344659,2026-05-18
Varela,Manacor,Illes Balears,,,,,osm,39.5426086,3.3331791,2026-05-18
Bravo,Sevilla,Andalucía,,,,,osm,37.3951882,-5.9974618,2026-05-18
Coccolare,Aljaraque,Andalucía,,,,,osm,37.2560902,-6.9565426,2026-05-18
Trazo's,Torrejón de Ardoz,Madrid,,,,,osm,40.4578672,-3.4540669,2026-05-18
Arte Español,Torrejón de Ardoz,Madrid,,,,,osm,40.4501059,-3.4710014,2026-05-18
Meyca,Barcelona,Catalunya,,,,,osm,41.4372082,2.1575429,2026-05-18
AYN Peluqueros,Sevilla,Andalucía,,,,,osm,37.4047725,-5.9754379,2026-05-18
Peluqueria Manolo,Jaén,Andalucía,,,,,osm,37.77401,-3.7839062,2026-05-18
Kurro,La Zubia,Andalucía,,,,,osm,37.1159566,-3.5914051,2026-05-18
M&R,Huétor Tájar,Andalucía,,,,http://www.mrpeluquerias.es/,osm,37.1999334,-4.0458292,2026-05-18
Rasgos,Santiago de Compostela,Galicia,,,,,osm,42.8925601,-8.5466091,2026-05-18
Pellequeria Noelia,Carboneras,Andalucía,,,,,osm,36.995783,-1.8954368,2026-05-18
Yavara,Calvià,Illes Balears,,,,,osm,39.515991,2.5340993,2026-05-18
Pedro's,Calvià,Illes Balears,,,,,osm,39.5113683,2.5410248,2026-05-18
Ana Ferro,Santiago de Compostela,Galicia,,,,,osm,42.8746329,-8.5508286,2026-05-18
Peluquería Luz-Seoane,Salvaterra de Miño,Galicia,,,,,osm,42.170629,-8.4266626,2026-05-18
Blanco for Men,Lleida,Catalunya,,,,,osm,41.6115479,0.6312448,2026-05-18
Stilann,Lleida,Catalunya,,,,,osm,41.6119912,0.6312322,2026-05-18
Mari Nieves,Torrejón de Ardoz,Madrid,,,,,osm,40.4513229,-3.4711504,2026-05-18
Q' Monas,San Fernando de Henares,Madrid,,,,,osm,40.4494022,-3.4667323,2026-05-18
Salón de Belleza Rita,Cacheiras,Galicia,,,,,osm,42.8359212,-8.5452541,2026-05-18
Peluquería Carmen Romero,Cullera,Comunitat Valenciana,,,,,osm,39.2055565,-0.3101597,2026-05-18
Peluquería Tono,Noia,Galicia,,,,,osm,42.783767,-8.8896756,2026-05-18
Ana Peinado,Aldaia,Comunitat Valenciana,,,,,osm,39.4552514,-0.4576501,2026-05-18
Madnes,Errenteria,Euskadi,,,,,osm,43.3133429,-1.8988239,2026-05-18
Nek Estilistas,Errenteria,Euskadi,,,,,osm,43.3087081,-1.8880652,2026-05-18
Vice Versa,Errenteria,Euskadi,,,,,osm,43.3124866,-1.8982123,2026-05-18
Passaró,Zaragoza,Aragón,,,,,osm,41.6686936,-0.8842324,2026-05-18
Estilo y Belleza,Zaragoza,Aragón,,,,,osm,41.6685101,-0.8848441,2026-05-18
Tenttre,Montcada i Reixac,Catalunya,+34935706619,info@tenttre.com,,http://tenttre.com/,osm,41.5412876,2.2102836,2026-05-18
Silvia Herrán,Burgos,Burgos,+34699066685,,,https://silvia-herran-estilismo-belleza.negocio.site/,osm,42.3437937,-3.6948175,2026-05-18
Xana,Zaragoza,Aragón,,,,,osm,41.6263359,-0.8804121,2026-05-18
Mayte,Burgos,Castilla y León,,,,,osm,42.332915,-3.7014951,2026-05-18
Código de Honor,Solares,Cantabria,+34633121674,,,,osm,43.3837167,-3.7367275,2026-05-18
Rosa Pérez,Medio Cudeyo,Cantabria,,,,,osm,43.3848506,-3.7344427,2026-05-18
Figuero,Medio Cudeyo,Cantabria,,,,,osm,43.3854978,-3.7323814,2026-05-18
María peluquería,Errenteria,Euskadi,,,,,osm,43.311746,-1.8959437,2026-05-18
Barreiro,Campelo,Galicia,,,,,osm,42.4259914,-8.6509518,2026-05-18
La Perla Blanca,Zaragoza,Aragón,,,,,osm,41.6681847,-0.8852783,2026-05-18
Peluquería Di-Arte,Zaragoza,Aragón,,,,,osm,41.6681869,-0.8860385,2026-05-18
Peluquería Unisex,Zaragoza,Aragón,,,,,osm,41.6680548,-0.8864251,2026-05-18
Sandra Griñón estilistas,Zaragoza,Aragón,,,,,osm,41.6678515,-0.8856754,2026-05-18
Saqqara estilista,Zaragoza,Aragón,,,,,osm,41.6685208,-0.8837856,2026-05-18
Aprevete,Tuineje,Canarias,,,,,osm,28.2131646,-14.021191,2026-05-18
Fuerte Nails,Tuineje,Canarias,,,,,osm,28.2113496,-14.0223835,2026-05-18
Hernandez nando,Tuineje,Canarias,,,,,osm,28.2111768,-14.0225741,2026-05-18
New Look,Tuineje,Canarias,,,,,osm,28.2132035,-14.0209551,2026-05-18
estetica,Tuineje,Canarias,,,,,osm,28.2132623,-14.0197488,2026-05-18
Estética Dolors,Bescanó,Catalunya,,,,,osm,41.9662414,2.7384714,2026-05-18
Mayoral,San Fernando de Henares,Madrid,,,,,osm,40.4445433,-3.4727542,2026-05-18
Gloria Férez,Alicante / Alacant,Comunitat Valenciana,,,,,osm,38.3651713,-0.4970922,2026-05-18
Delia,Paredes de Nava,Castilla y León,,,,,osm,42.1518839,-4.6923428,2026-05-18
Mari y Pili,Paredes de Nava,Castilla y León,,,,,osm,42.1538006,-4.6897274,2026-05-18
Perruqueria Janina,Avià,Catalunya,,,,,osm,42.0797043,1.8190994,2026-05-18
Samuel Peluquero's,Dos Hermanas,Andalucía,,,,,osm,37.2672142,-5.9360523,2026-05-18
Eli,Puerto del Rosario,Canarias,,,,,osm,28.5007202,-13.8517027,2026-05-18
Eva,Puerto del Rosario,Canarias,,,,,osm,28.5018337,-13.8495842,2026-05-18
No te cortes,O Porriño,Galicia,,,,,osm,42.1602144,-8.6155124,2026-05-18
Domínguez Fernández,O Porriño,Galicia,,,,,osm,42.1603509,-8.6161179,2026-05-18
Geminis,Puerto del Rosario,Canarias,,,,,osm,28.4985929,-13.8631897,2026-05-18
M&P,Puerto del Rosario,Canarias,,,,,osm,28.4980465,-13.863439,2026-05-18
Siroco,Puerto del Rosario,Canarias,,,,,osm,28.4994189,-13.8600552,2026-05-18
Brillos,Puerto del Rosario,Canarias,,,,,osm,28.4984026,-13.861832,2026-05-18
Secretia,Puerto del Rosario,Canarias,,,,,osm,28.5015334,-13.8634688,2026-05-18
Salón de Peluquería Pili,Elx / Elche,Comunitat Valenciana,,,,,osm,38.2924395,-0.5880543,2026-05-18
Gloher Centre d'Estética,Cerdanyola del Vallès,Catalunya,,,,http://www.comprarencerdanyola.com/gloher.html,osm,41.4990794,2.1408307,2026-05-18
Thabana Estilistes,Cerdanyola del Vallès,Catalunya,,,,http://www.thabanaestilistes.com/,osm,41.4987829,2.1410786,2026-05-18
Perruqueria Carol,Bellver de Cerdanya,Catalunya,,,,,osm,42.3687912,1.7757218,2026-05-18
Peluquería de Jesús,Madrid,Madrid,,,,,osm,40.4231109,-3.7092266,2026-05-18
Thomas Moreno,Madrid,Madrid,,,,,osm,40.4247661,-3.7095509,2026-05-18
Raül,Sant Vicenç dels Horts,Catalunya,+34936720361,,,,osm,41.4122225,1.9693209,2026-05-18
Peluqueria Diagonal,Aranda de Duero,Castilla y León,,,,,osm,41.6710391,-3.6854203,2026-05-18
Arregla te,Pájara,Canarias,,,,,osm,28.0518484,-14.3526876,2026-05-18
Elite,Pájara,Canarias,,,,,osm,28.0507311,-14.3524691,2026-05-18
Felipe Sanchez,Pájara,Canarias,,,,,osm,28.0512799,-14.3524448,2026-05-18
Sanchez,Pájara,Canarias,,,,,osm,28.0508966,-14.352391,2026-05-18
Peluquería Fran,Oviedo,Asturias / Asturies,,,,,osm,43.353733,-5.8430823,2026-05-18
Trasky's,Madrid,Madrid,,,,,osm,40.4076005,-3.7477119,2026-05-18
Marius Perruquers,Terrassa,Catalunya,,,,,osm,41.5637992,2.0084871,2026-05-18
Depil art,Elx / Elche,Comunitat Valenciana,+34966110356,,,,osm,38.263356,-0.69594,2026-05-18
Activity,Montcada i Reixac,Catalunya,+34933851796,,,https://www.activity.cat/,osm,41.4503272,2.2130075,2026-05-18
Lluís Àngel,l'Ametlla de Mar,Catalunya,,,,,osm,40.8849913,0.8034812,2026-05-18
Anny,l'Ametlla de Mar,Catalunya,,,,,osm,40.8863243,0.8026978,2026-05-18
Ona,l'Ametlla de Mar,Catalunya,,,,,osm,40.8811098,0.7996292,2026-05-18
Palma,l'Ametlla de Mar,Catalunya,,,,,osm,40.8849207,0.8045192,2026-05-18
Sancho Martí,l'Ametlla de Mar,Catalunya,,,,,osm,40.8848096,0.8008957,2026-05-18
Estrada,Ponteareas,Galicia,,,,,osm,42.1741006,-8.5065713,2026-05-18
Paco Valencia,Sangüesa/Zangoza,Navarra,,,,,osm,42.5756008,-1.284427,2026-05-18
Valcol,Albacete,Castilla-La Mancha,,,,,osm,38.9996747,-1.8605694,2026-05-18
Peluquería Amano,València,Comunitat Valenciana,,,,,osm,39.468009,-0.3402566,2026-05-18
Peluqueria Caroli,Villa de Mazo,Canarias,+34690095995,,,,osm,28.6484239,-17.758352,2026-05-18
Barbearia Zaim,Aranda de Duero,Castilla y León,,,,,osm,41.6723114,-3.6813102,2026-05-18
Caribe,Madrid,Madrid,,,,,osm,40.39602,-3.7693069,2026-05-18
Aurora 29,Girona,Catalunya,,,,,osm,41.9765542,2.8226882,2026-05-18
Kris,Baztan,Navarra,,,,,osm,43.1470099,-1.5196004,2026-05-18
Idoia,Elizondo,Navarra,,,,,osm,43.1461038,-1.5178191,2026-05-18
Idoia Oteiza,Baztan,Navarra,,,,,osm,43.14546,-1.5153222,2026-05-18
Perruqeria Laura,la Pobla de Farnals,Comunitat Valenciana,,,,,osm,39.5563329,-0.3263951,2026-05-18
Le Salon d'Apodaca,Madrid,Madrid,+34915211897,,,https://www.lesalondapodaca.com/,osm,40.4273476,-3.7013183,2026-05-18
Peluqueria Margui,es Castell,Illes Balears,,,,,osm,39.8782354,4.291118,2026-05-18
Peluqueria Tonyi,es Castell,Illes Balears,,,,,osm,39.8805468,4.2915754,2026-05-18
Peluquería y estética Mónica Mascaró,es Castell,Illes Balears,,,,,osm,39.8782662,4.2916293,2026-05-18
Peluquería Isis,Tacoronte,Canarias,+34922578357,,,,osm,28.4534328,-16.4461577,2026-05-18
Merche,Pedrajas de San Esteban,Castilla y León,,,,,osm,41.3398714,-4.5826991,2026-05-18
Alicia,Pedrajas de San Esteban,Castilla y León,,,,,osm,41.3393317,-4.5824657,2026-05-18
Angélica,Pedrajas de San Esteban,Castilla y León,,,,,osm,41.3390175,-4.5845257,2026-05-18
Rosa,Pedrajas de San Esteban,Castilla y León,,,,,osm,41.3399801,-4.5812212,2026-05-18
Corta-T Peluquería y Estética,Aranda de Duero,Castilla y León,,,,,osm,41.6689515,-3.6903018,2026-05-18
Urbano Estilistas de Imagen,Aranda de Duero,Castilla y León,,,,,osm,41.6641305,-3.6885581,2026-05-18
Peluquería MILA,León,Castilla y León,,,,,osm,42.6075167,-5.5700694,2026-05-18
Julia,Arroyo de la Encomienda,Castilla y León,,,,,osm,41.6252606,-4.7743345,2026-05-18
Peluquería Fernando,Málaga,Andalucía,,,,,osm,36.6658661,-4.4649311,2026-05-18
Peluquería Retos Salón,Murcia,Murcia,,,,,osm,37.9672444,-1.2201483,2026-05-18
Futura Estilistas,Murcia,Murcia,,,,,osm,38.0043031,-1.1566448,2026-05-18
Centelles Peluqueros,València,Comunitat Valenciana,,,,,osm,39.4610973,-0.3423298,2026-05-18
Peluqueria Universo,València,Comunitat Valenciana,,,,,osm,39.4612058,-0.3436599,2026-05-18
Ilu Ponce,València,Comunitat Valenciana,,,,,osm,39.4630136,-0.3448267,2026-05-18
* Star * Peluqueria,València,Comunitat Valenciana,,,,,osm,39.4611436,-0.3464118,2026-05-18
Eduard's,San Fernando de Henares,Madrid,,,,,osm,40.4449943,-3.461346,2026-05-18
El Petit Saló,Barcelona,Barcelona,,,,http://www.botiguesdesants.com/2010/04/el-petit-salo.html,osm,41.3746579,2.1384455,2026-05-18
Ruda,Ferrol,Galicia,,,,,osm,43.4932722,-8.2046476,2026-05-18
Peluquería Tomás,Moguer,Andalucía,,,,,osm,37.1379606,-6.8299501,2026-05-18
Otro Concepto,Zaragoza,Aragón,,,,,osm,41.6225787,-0.9205529,2026-05-18
Peluquería Pepe Cruz,Sevilla,Andalucía,,,,,osm,37.391104,-5.991387,2026-05-18
Manuel Díaz,A Coruña,Galicia,,,,,osm,43.3528654,-8.4082579,2026-05-18
Malpeiná,Paiporta,Comunitat Valenciana,,,,,osm,39.43387,-0.3914402,2026-05-18
Salón de belleza Imagen,Espinosa de los Monteros,Castilla y León,,,,,osm,43.0759403,-3.5506262,2026-05-18
Vintage Estilistas,Espinosa de los Monteros,Castilla y León,+34947120210,,,,osm,43.0757728,-3.5495168,2026-05-18
Peluquería Camino,Espinosa de los Monteros,Castilla y León,,,,,osm,43.0762375,-3.5512168,2026-05-18
Alfredo,Trespaderne,Castilla y León,,,,,osm,42.8032064,-3.3889229,2026-05-18
Peluquería CAM,Trespaderne,Castilla y León,,,,,osm,42.8014739,-3.3909149,2026-05-18
Musa & Elite,Madrid,Madrid,,,,,osm,40.4929269,-3.6556174,2026-05-18
Loal Cosmetics,Vigo,Galicia,+34986239193,,,,osm,42.2134632,-8.7412253,2026-05-18
R & D Peluqueros,Vigo,Galicia,+34886126308,,,,osm,42.210908,-8.7454557,2026-05-18
Baryche,Madrid,Madrid,,,,,osm,40.4406089,-3.6988574,2026-05-18
Gómez,Miranda de Ebro,Castilla y León,,,,,osm,42.6854583,-2.9445934,2026-05-18
Peluquería Moderna,Madrid,Madrid,,,,,osm,40.422763,-3.6806427,2026-05-18
Perruqueria Canya,Dénia,Comunitat Valenciana,,,,,osm,38.7746311,0.0839971,2026-05-18
Retriu,Dénia,Comunitat Valenciana,,,,,osm,38.7738818,0.0837192,2026-05-18
Peluquería Suiza,Cádiz,Andalucía,,,,,osm,36.5044622,-6.2747798,2026-05-18
Blanco Peluquería Unisex,Torrejón de Ardoz,Madrid,,,,,osm,40.454841,-3.4810485,2026-05-18
Angel Cluny ileapaindegia,Villabona,Euskadi,,,,,osm,43.1864271,-2.0531474,2026-05-18
Peluquería MDV - Estética,Sevilla,Andalucía,+34954332112,,,http://peluqueriamdv.com/,osm,37.3833247,-6.0063083,2026-05-18
Margon,Quintanar de la Sierra,Castilla y León,,,,,osm,41.9818044,-3.0392459,2026-05-18
Peluquería Wanda,Burgos,Castilla y León,,,,,osm,42.3443931,-3.6905963,2026-05-18
Carmen Becerril Bilbao,Burgos,Castilla y León,,,,https://peluqueriacbb.com/,osm,42.3430713,-3.730114,2026-05-18
Celia,es Castell,Illes Balears,,,,,osm,39.8510134,4.2580533,2026-05-18
Peluquería,Madrid,Madrid,,,,,osm,40.4425028,-3.6381122,2026-05-18
Peluquería GrupoDos,Burgos,Castilla y León,,,,,osm,42.3525481,-3.6919011,2026-05-18
Easy Cut,Girona,Catalunya,,,,,osm,41.983503,2.8214156,2026-05-18
Imatge,Vila-real,Comunitat Valenciana,,,,,osm,39.9491683,-0.0602926,2026-05-18
Cóidate,Noia,Galicia,,,,,osm,42.7823889,-8.8891415,2026-05-18
Vagalume,Noia,Galicia,,,,,osm,42.78778,-8.887875,2026-05-18
Noevia,Noia,Galicia,,,,,osm,42.787656,-8.887804,2026-05-18
Peluqueria Antonio,Dos Hermanas,Andalucía,,,,,osm,37.2763592,-5.9286034,2026-05-18
Jara´s,Pamplona / Iruña,Navarra,,,,,osm,42.8110424,-1.6131385,2026-05-18
Noelia,Tamaimo,Canarias,,,,,osm,28.2672641,-16.8185301,2026-05-18
Estilo,Tamaimo,Canarias,,,,,osm,28.2613371,-16.8244355,2026-05-18
Maskotes,Roses,Catalunya,,,,,osm,42.2589892,3.182839,2026-05-18
Juanjo,Almería,Andalucía,,,,,osm,36.8286586,-2.4502894,2026-05-18
Peluquería Rodríguez,Granada,Granada,+34958816815,info@peluqueriarodriguez.es,,https://www.peluqueriarodriguez.es/,osm,37.1607431,-3.5947343,2026-05-18
Peluquería Carlos,Olmedo,Castilla y León,,,,,osm,41.2889931,-4.6855524,2026-05-18
Marta,Vila-real,Comunitat Valenciana,,,,,osm,39.9442361,-0.0628144,2026-05-18
Espuma,Vila-real,Comunitat Valenciana,,,,,osm,39.9465546,-0.0638559,2026-05-18
Manuela Berbel,Castelló de la Plana / Castellón de la Plana,Comunitat Valenciana,,,,,osm,39.954062,-0.0602565,2026-05-18
Can Vicens,Girona,Catalunya,,,,,osm,42.0121886,2.8139116,2026-05-18
Tinuca,Medina de Pomar,Castilla y León,,,,,osm,42.9326572,-3.4856959,2026-05-18
Sin Enredos,Medina de Pomar,Castilla y León,,,,,osm,42.9334848,-3.4856902,2026-05-18
Ishtar,Ibi,Comunitat Valenciana,,,,,osm,38.6212123,-0.5785425,2026-05-18
Sara Cano,Zaragoza,Aragón,,,,,osm,41.646697,-0.8762015,2026-05-18
Marco Aldany,Badajoz,Badajoz,,,,,osm,38.8723066,-6.9764529,2026-05-18
Long,Madrid,Madrid,,,,,osm,40.3533305,-3.6987176,2026-05-18
Mapy,Madrid,Madrid,,,,,osm,40.3542462,-3.6983285,2026-05-18
Darío,Madrid,Madrid,,,,,osm,40.3552912,-3.6978949,2026-05-18
Roberto,Ferreira,Galicia,,,,,osm,43.5530039,-7.4419054,2026-05-18
Peluquería Diego,Santa Cruz de Tenerife,Canarias,+34677184897,,,http://peluqueriadiego.es/,osm,28.4774284,-16.3012245,2026-05-18
Vitalia,Salamanca,Castilla y León,,,,,osm,40.972,-5.6486186,2026-05-18
Gabi,Crevillent,Comunitat Valenciana,,,,,osm,38.1624918,-0.8021406,2026-05-18
Nuria,Móstoles,Madrid,,,,,osm,40.3152289,-3.8557139,2026-05-18
Esther Mujica estilista,Donostia / San Sebastián,Euskadi,,,,,osm,43.3008333,-2.0047449,2026-05-18
Marc & Co.,Madrid,Madrid,,,,,osm,40.4475596,-3.7068785,2026-05-18
Isaías Peluqueros,Sevilla,Andalucía,,,,https://isaiaspeluqueros.es/,osm,37.3937267,-5.9840314,2026-05-18
Colectivo Salón,Barcelona,Catalunya,,,,,osm,41.3819034,2.1784861,2026-05-18
Peluquería Pilar,Burgos,Castilla y León,,,,,osm,42.3493071,-3.6942877,2026-05-18
Belén Yeste,Huétor Tájar,Andalucía,,,,,osm,37.2005643,-4.0496201,2026-05-18
Víctor,San Fernando de Henares,Madrid,,,,,osm,40.3670265,-3.4869461,2026-05-18
Peluquería Santos,Béjar,Castilla y León,,,,,osm,40.3868758,-5.75483,2026-05-18
Cebado,Zaragoza,Aragón,,,,,osm,41.6457462,-0.883889,2026-05-18
Ozono,San Fernando de Henares,Madrid,,,,,osm,40.4272565,-3.5329908,2026-05-18
Peluquería M.C. Calle,Huétor Tájar,Andalucía,,,,,osm,37.1992166,-4.04938,2026-05-18
Alfredo Peluquería Unisex,Huétor Tájar,Andalucía,+34958333439,,,,osm,37.1965614,-4.0510325,2026-05-18
Sparkle,Guardamar del Segura,Comunitat Valenciana,,,,,osm,38.1309197,-0.6791171,2026-05-18
Peluquería Encarnita,Guardamar del Segura,Comunitat Valenciana,,,,,osm,38.089469,-0.722949,2026-05-18
Jose Peluqueros,Móstoles,Madrid,+34916476449,,,,osm,40.3156995,-3.8551085,2026-05-18
Pepita,Guardamar del Segura,Comunitat Valenciana,,,,,osm,38.0879116,-0.6538709,2026-05-18
Peluquería Pilar Barriuso,Burgos,Castilla y León,,,,,osm,42.3438348,-3.6898788,2026-05-18
Perruqueria unisex Iglesias Vide,Barcelona,Catalunya,,,,,osm,41.4053507,2.1758416,2026-05-18
Peluquería unisex IMATGE NOVA,Onil,Comunitat Valenciana,,,,,osm,38.6304171,-0.6729385,2026-05-18
Maribel,Burgos,Castilla y León,,,,,osm,42.349541,-3.6978217,2026-05-18
Peluquería Aldany,Leganés,Madrid,,,,,osm,40.2885168,-3.7909186,2026-05-18
Núria Mateu,Granollers,Catalunya,,,,,osm,41.6063633,2.2829483,2026-05-18
Arianna,Tacoronte,Canarias,,,,,osm,28.5183805,-16.3882601,2026-05-18
Estilistes,Granollers,Catalunya,,,,,osm,41.6084348,2.2887545,2026-05-18
Centro de Belleza Nerta,Leganés,Madrid,,,,,osm,40.2770666,-3.7889158,2026-05-18
Estética Max,Leganés,Madrid,,,,,osm,40.2757478,-3.7918183,2026-05-18
Qué Corte!,Leganés,Madrid,,,,,osm,40.275599,-3.7895128,2026-05-18
"Peluquería de mascotas ""Las Coletas De Kira""",Leganés,Madrid,,,,,osm,40.2765911,-3.8011174,2026-05-18
Peluquería Casgoy's,Leganés,Madrid,,,,,osm,40.2767235,-3.7990066,2026-05-18
Centro de Estética Beauty Max,Leganés,Madrid,,,,,osm,40.2769411,-3.802306,2026-05-18
Peluquería Tiendas Modelo,Leganés,Madrid,,,,,osm,40.2770418,-3.8004027,2026-05-18
Peluquería Rosy's,Leganés,Madrid,,,,,osm,40.2774608,-3.8001999,2026-05-18
Lup's Peluqueros,Leganés,Madrid,,,,,osm,40.279453,-3.7937569,2026-05-18
Fanny perruqueria i estètica,Palafrugell,Catalunya,,,,,osm,41.9181575,3.161417,2026-05-18
Peluquería Zoe's,Leganés,Madrid,,,,,osm,40.2780183,-3.7969894,2026-05-18
Peluquería Enredos,Fuenlabrada,Madrid,,,,,osm,40.2768023,-3.7976233,2026-05-18
Baba,Madrid,Madrid,,,,,osm,40.3870883,-3.7591848,2026-05-18
Eva María,Madrid,Madrid,,,,,osm,40.385987,-3.7589546,2026-05-18
Peluquería Carlos,Alagón,Aragón,+34976612679,,,,osm,41.7697693,-1.1196348,2026-05-18
Peluquería Rachid,Pamplona / Iruña,Navarra,,,,,osm,42.8051771,-1.6798888,2026-05-18
J. Camacho,Madrid,Madrid,,,,,osm,40.4155992,-3.6763555,2026-05-18
Peluquería Azul,Madrid,Madrid,+34914094137,,,,osm,40.416454,-3.6708719,2026-05-18
Peluqueria y Estetica Changel,Sevilla,Andalucía,,,,,osm,37.4102009,-5.978271,2026-05-18
Mary Carmen,Sevilla,Andalucía,,,,,osm,37.420581,-5.9853209,2026-05-18
Perruqueria Molas,Anglès,Catalunya,,,,,osm,41.9667526,2.6224178,2026-05-18
Encarni,Sant Vicenç dels Horts,Catalunya,,,,,osm,41.3984156,2.006591,2026-05-18
Wapas,Leganés,Madrid,,,,,osm,40.2802368,-3.7909249,2026-05-18
Peluquería Pepito,Guardamar del Segura,Comunitat Valenciana,+34965728058,,,,osm,38.0888804,-0.6539613,2026-05-18
Peluquería Castellanos,Sevilla,Andalucía,,,,,osm,37.3935527,-5.9856741,2026-05-18
Nuria Olías,Villaluenga de la Sagra,Castilla-La Mancha,,,,,osm,40.0300009,-3.9102755,2026-05-18
Sipe,Potes,Cantabria,,,,,osm,43.1541954,-4.6239625,2026-05-18
Peluquería Pelos.com,Salamanca,Salamanca,+34923228159;+34630442582,maria_pelukera1988@hotmail.com,,https://www.peluqueriayesteticapelos.com/,osm,40.9790349,-5.6527896,2026-05-18
Nuria Espinosa Estilistas,Burgos,Castilla y León,,,,,osm,42.3553951,-3.665609,2026-05-18
Peluquero Garrido,Barcelona,Catalunya,,,,,osm,41.4496859,2.212856,2026-05-18
César,Irun,Euskadi,,,,,osm,43.3383141,-1.7860902,2026-05-18
Peluquería Paqui Requena (unisex),Sorbas,Andalucía,,,,,osm,37.0972992,-2.1227025,2026-05-18
Peluquería Ana Belén (unisex),Sorbas,Andalucía,,,,,osm,37.0980086,-2.1236381,2026-05-18
Herrera Peluqueros (unisex),Sorbas,Andalucía,,,,,osm,37.0981498,-2.125324,2026-05-18
Peluquería Cambiasso,Leganés,Madrid,,,,,osm,40.2860621,-3.7959923,2026-05-18
Peluquería María de los Ángeles,Leganés,Madrid,,,,,osm,40.2850881,-3.7966966,2026-05-18
Peluquería Low Cost,Leganés,Madrid,,,,,osm,40.2841719,-3.7952006,2026-05-18
Salón de belleza Avelina,Burgos,Castilla y León,,,,,osm,42.3315954,-3.7008119,2026-05-18
Peluquería María Carretero,Sevilla,Sevilla,+34954584044,,,,osm,37.387408,-5.9658196,2026-05-18
Pepa Viñas,Cangas de Morrazo,Galicia,,,,,osm,42.263501,-8.7850208,2026-05-18
Peluqueros Pasamontes,Leganés,Madrid,,,,,osm,40.2913171,-3.7926091,2026-05-18
Peluquería New Style,Leganés,Madrid,,,,,osm,40.2911762,-3.7922878,2026-05-18
Peluquería Atenea,Madrid,Madrid,,,,,osm,40.4702416,-3.7229067,2026-05-18
Peluquería Derossy,Móstoles,Madrid,,,,,osm,40.3138452,-3.8555661,2026-05-18
Perruqueria Carmen,Castelló d'Empúries,Catalunya,,,,,osm,42.2576787,3.0744808,2026-05-18
Centro de Belleza Alazán,Leganés,Madrid,,,,,osm,40.2907792,-3.7923907,2026-05-18
Marko,Leganés,Madrid,,,,,osm,40.2880148,-3.7946661,2026-05-18
Peluquería Gema,Leganés,Madrid,,,,,osm,40.2870166,-3.7930739,2026-05-18
Peluquería Mascolor,Leganés,Madrid,,,,,osm,40.2924907,-3.7922883,2026-05-18
Peluquería de Caballeros,Leganés,Madrid,,,,,osm,40.2906847,-3.7927715,2026-05-18
Peluquería y Estética Adonis,Leganés,Madrid,,,,,osm,40.2932467,-3.7933059,2026-05-18
Peluquería Afro,Leganés,Madrid,,,,,osm,40.2942721,-3.7922123,2026-05-18
Peluquería Rivas,Leganés,Madrid,,,,,osm,40.2946051,-3.7904353,2026-05-18
Peluquería de Caballeros Eduardo,Leganés,Madrid,,,,,osm,40.2945188,-3.791724,2026-05-18
D'Sol,Murcia,Murcia,,,,,osm,37.9389815,-1.1480773,2026-05-18
Peluquería Pérez,Santo Tomé,Andalucía,,,,,osm,38.0276175,-3.100143,2026-05-18
Te Depilo con Hilo,Leganés,Madrid,,,,,osm,40.2959214,-3.7845829,2026-05-18
Peluqueria Yessi,Aspe,Comunitat Valenciana,,,,,osm,38.3494563,-0.7646656,2026-05-18
Salón Ruiz,Burgos,Castilla y León,,,,,osm,42.3430313,-3.6974252,2026-05-18
Peluquería Callao 60,Leganés,Madrid,,,,,osm,40.2949163,-3.7848497,2026-05-18
Peluquería de Caballeros López,Leganés,Madrid,,,,,osm,40.2940738,-3.7856101,2026-05-18
José F. Herráiz,Madrid,Madrid,,,,,osm,40.4456589,-3.7142957,2026-05-18
Peluquería Déjate llevar,Madrid,Madrid,+34910666189,,,,osm,40.4460232,-3.7145639,2026-05-18
Peluquería María Díaz,Alacant / Alicante,Comunitat Valenciana,,,,,osm,38.3995983,-0.520923,2026-05-18
Perruqueria Lluïsa,Solsona,Catalunya,,,,,osm,41.9937843,1.5165178,2026-05-18
Perruqueria Rosa,Solsona,Catalunya,,,,,osm,41.9927596,1.5140756,2026-05-18
Archianno y Ferchianno,Madrid,Madrid,,,,,osm,40.46802,-3.7221052,2026-05-18
Peluquería Tania,Burgos,Castilla y León,,,,,osm,42.3848711,-3.734779,2026-05-18
Bienve Peluqueros,Pilar de la Horadada,Comunitat Valenciana,+34965320284,,,,osm,37.901234,-0.7530018,2026-05-18
Peluquería,València,Comunitat Valenciana,,,,,osm,39.481328,-0.3439037,2026-05-18
Màrius Escoda,Barcelona,Catalunya,+34933396388,,,,osm,41.3812874,2.1356771,2026-05-18
Peluquería Noble,Madrid,Madrid,,,,,osm,40.4705163,-3.7202937,2026-05-18
Joanna Regis,Pamplona / Iruña,Navarra,,,,,osm,42.8097748,-1.5944446,2026-05-18
Maiss,Pamplona / Iruña,Navarra,,,,,osm,42.8095828,-1.5940517,2026-05-18
Nieto estilistas,Pamplona / Iruña,Navarra,,,,,osm,42.8106997,-1.5996297,2026-05-18
Terrassa,sa Pobla,Illes Balears,,,,,osm,39.7735317,3.0191509,2026-05-18
Diego Salvador,Castellón de la Plana / Castelló de la Plana,Comunitat Valenciana,,,,https://diegosalvador.es/,osm,39.987453,-0.0352531,2026-05-18
Peluqueria Olga,Canet lo Roig,Comunitat Valenciana,,,,,osm,40.5515042,0.2427251,2026-05-18
Peluquería Sueños,Zaragoza,Zaragoza,,,,,osm,41.6290446,-0.8839884,2026-05-18
Jacky's,Almoradí,Comunitat Valenciana,+34965701545,,,,osm,38.1094813,-0.7928378,2026-05-18
Kokó,Almoradí,Comunitat Valenciana,,,,,osm,38.1101206,-0.79258,2026-05-18
José Ramón,Almoradí,Comunitat Valenciana,,,,,osm,38.110376,-0.7926247,2026-05-18
Dolores Mañogil,Almoradí,Comunitat Valenciana,,,,,osm,38.1085251,-0.7936785,2026-05-18
Pablo de Diego,Almoradí,Comunitat Valenciana,,,,,osm,38.1086617,-0.793194,2026-05-18
Hair Express,Guardamar del Segura,Comunitat Valenciana,,,,,osm,38.0835432,-0.651958,2026-05-18
Ceive,Puerto de la Cruz,Canarias,,,,,osm,28.4156681,-16.5472436,2026-05-18
Marce cia perruqueria,Barcelona,Catalunya,,,,,osm,41.3894077,2.1467759,2026-05-18
Peluquería Mary,Morales del Vino,Castilla y León,,,,,osm,41.4435662,-5.7329856,2026-05-18
Peluqueria Mora,Guardamar del Segura,Comunitat Valenciana,,,,,osm,38.085846,-0.6543189,2026-05-18
Esga,Madrid,Madrid,,,,,osm,40.4493858,-3.7111361,2026-05-18
Leonor Villaverde,Madrid,Madrid,,,,,osm,40.4477511,-3.7106879,2026-05-18
Peluquería Colores,Cedillo del Condado,Castilla-La Mancha,,,,,osm,40.1143203,-3.9253963,2026-05-18
Maria Jose,Irun,Euskadi,,,,,osm,43.3386037,-1.782449,2026-05-18
Monte Rojo,San Bartolomé de Tirajana,Canarias,,,,,osm,27.7706074,-15.5474575,2026-05-18
Peluquería Juan Cuadra,Móstoles,Madrid,,,,,osm,40.3376563,-3.8558233,2026-05-18
Peluqueria Marta Fernandez,Sant Vicenç de Montalt,Catalunya,,,,,osm,41.6111956,2.5387082,2026-05-18
Angulo's,Sant Vicenç dels Horts,Catalunya,+34936720857,,,,osm,41.4132986,1.967906,2026-05-18
Pilar Castro Ferreiro,O Corgo,Galicia,,,,,osm,42.9433669,-7.4329076,2026-05-18
Alto Estiglo,Alcalá de Henares,Madrid,,,,,osm,40.47782,-3.3643852,2026-05-18
Dirceno,Alcalá de Henares,Madrid,,,,,osm,40.4777484,-3.363759,2026-05-18
Mayor,Alcalá de Henares,Madrid,,,,,osm,40.4791545,-3.3625929,2026-05-18
Montes&Riego,Alcalá de Henares,Madrid,,,,,osm,40.4784382,-3.3643814,2026-05-18
RG,Alcalá de Henares,Madrid,,,,,osm,40.4783745,-3.3645165,2026-05-18
Venecia,Alcalá de Henares,Madrid,,,,,osm,40.4782824,-3.3637508,2026-05-18
Bernal,Alcalá de Henares,Madrid,,,,,osm,40.4833265,-3.3690843,2026-05-18
Matizes,Alcalá de Henares,Madrid,,,,,osm,40.4835009,-3.3691694,2026-05-18
Jesús Gelardo,Almoradí,Comunitat Valenciana,+34691783306,,,,osm,38.0875621,-0.795393,2026-05-18
Peluqueria Hermanos,Montcada i Reixac,Catalunya,,,,,osm,41.5410996,2.2089974,2026-05-18
Imma Amills,Montcada i Reixac,Catalunya,+34935792161,,,,osm,41.5412043,2.2103967,2026-05-18
Fashion Style,Burgos,Castilla y León,,,,,osm,42.2999465,-3.7367928,2026-05-18
Centro de estética Pilar Bernal,Alacant / Alicante,Comunitat Valenciana,,,,,osm,38.3606115,-0.4815012,2026-05-18
Origen,Burgos,Castilla y León,,,,,osm,42.3376607,-3.7013027,2026-05-18
Perruquería Elena,Rois,Galicia,,,,,osm,42.8348071,-8.7271661,2026-05-18
Suso Perruqueiros,Rois,Galicia,,,,,osm,42.8336246,-8.7288054,2026-05-18
Marco Aldani,Madrid,Madrid,,,,,osm,40.4298575,-3.7181952,2026-05-18
Arte 5,Burgos,Castilla y León,+34947260140,,,,osm,42.3371775,-3.700525,2026-05-18
María Elena Albadalejo,Almoradí,Comunitat Valenciana,,,,,osm,38.0738854,-0.8358821,2026-05-18
Armony,Crevillent,Comunitat Valenciana,,,,,osm,38.1650924,-0.8029843,2026-05-18
Mª Luz Alcaraz,Huétor Tájar,Andalucía,,,,,osm,37.1993462,-4.0431019,2026-05-18
Juy Peluqueros,Valladolid,Valladolid,,,,,osm,41.6378849,-4.7354933,2026-05-18
Lara,Burgos,Castilla y León,,,,,osm,42.3434304,-3.6866685,2026-05-18
Peluquería Raquel,Siero,Asturias / Asturies,,,,,osm,43.3851463,-5.7019926,2026-05-18
Peluquería Seles,Siero,Asturias / Asturies,,,,,osm,43.3846853,-5.7028402,2026-05-18
Barber shop Vip,Burgos,Burgos,+34947481222,,,,osm,42.3633674,-3.658287,2026-05-18
Peluquería Toñi,Estépar,Castilla y León,,,,,osm,42.2760749,-3.899356,2026-05-18
Lidia,Lerma,Castilla y León,,,,,osm,42.026137,-3.7593138,2026-05-18
Rodrigo,Lerma,Castilla y León,,,,,osm,42.0254338,-3.7572416,2026-05-18
Sara,Lerma,Castilla y León,,,,,osm,42.0260792,-3.7588485,2026-05-18
Begoña Chivite,Cáceres,Extremadura,,,,,osm,39.4859971,-6.3708857,2026-05-18
Victoria Miguel,Barcelona,Catalunya,,,,,osm,41.3807535,2.1444698,2026-05-18
Peluquería Finita,Guardamar del Segura,Comunitat Valenciana,,,,,osm,38.0936172,-0.6549441,2026-05-18
Naty,Guardamar del Segura,Comunitat Valenciana,,,,,osm,38.0910815,-0.6543754,2026-05-18
Alex Piñero,Chiclana de la Frontera,Andalucía,,,,,osm,36.4240779,-6.1444475,2026-05-18
Louan,Madrid,Madrid,+34913113197,,,,osm,40.4646292,-3.7104917,2026-05-18
Paula,Requena,Comunitat Valenciana,,,,,osm,39.5205324,-1.1521355,2026-05-18
Coral Montalbo,Madrid,Madrid,,,,,osm,40.3622731,-3.7598288,2026-05-18
Gaudí,Tres Cantos,Madrid,,,,,osm,40.6065957,-3.7177757,2026-05-18
Peluquería Contrasthes,Madrid,Madrid,,,,,osm,40.3643137,-3.7631986,2026-05-18
Trigal,Madrid,Madrid,,,,,osm,40.3620983,-3.7570658,2026-05-18
Brillantina,Majadahonda,Madrid,+34916340663,,,https://brillantinapeluqueriadecaballeros.negocio.site/,osm,40.4690569,-3.8734754,2026-05-18
Edurne,Azpeitia,Euskadi,,,,,osm,43.1828274,-2.2674433,2026-05-18
Eder,Azpeitia,Euskadi,,,,,osm,43.1814128,-2.2666893,2026-05-18
Maiatz,Arrasate / Mondragón,Euskadi,,,,,osm,43.0668914,-2.4798766,2026-05-18
Rojo Pentinats,Montcada i Reixac,Catalunya,,,,,osm,41.4518905,2.2366424,2026-05-18
Sun Moon Star,Montcada i Reixac,Catalunya,,,,,osm,41.4545609,2.2347037,2026-05-18
Peluquería Nuevo Estilo,Tafalla,Navarra,,,,,osm,42.530549,-1.6727651,2026-05-18
Devil rose,Tafalla,Navarra,,,,,osm,42.5310926,-1.6728093,2026-05-18
Peluquería Caballeros Daniel,Tafalla,Navarra,,,,,osm,42.5316915,-1.6728778,2026-05-18
Noelia Miro,Barcelona,Barcelona,,,,,osm,41.3831824,2.1525265,2026-05-18
Avilés,Cangas,Galicia,,,,,osm,42.2648392,-8.7838849,2026-05-18
Peluquería Mercedes Martínez,Elx / Elche,Comunitat Valenciana,,,,,osm,38.2547799,-0.7047936,2026-05-18
Cuida't,Tarragona,Catalunya,,,,,osm,41.1212172,1.272574,2026-05-18
Santi Neri,Noia,Galicia,,,,,osm,42.782816,-8.88868,2026-05-18
De La Peña Peluqueros,Madrid,Madrid,+34914730535,,,http://www.delapeñapeluqueros.com/,osm,40.3969094,-3.6999865,2026-05-18
Velázquez,Madrid,Madrid,,,,,osm,40.3957819,-3.7004264,2026-05-18
Peluqueros Rafael Daimiel,Madrid,Madrid,,,,,osm,40.3980125,-3.7016924,2026-05-18
Dr. Bermejo,Madrid,Madrid,+34915301940,,,,osm,40.3955597,-3.696882,2026-05-18
Duro Córdoba,Madrid,Madrid,+34914734277,,,,osm,40.3949831,-3.6978255,2026-05-18
Peluquería Emilio,Sobrarbe,Aragón,,,,,osm,42.4141379,0.1474082,2026-05-18
Meryal,Salas de los Infantes,Castilla y León,,,,,osm,42.021472,-3.2878302,2026-05-18
Beltxo,Errenteria,Euskadi,,,,,osm,43.3153151,-1.9034769,2026-05-18
Merche Blázquez,Errenteria,Euskadi,,,,,osm,43.307791,-1.8929597,2026-05-18
Ilargi,Errenteria,Euskadi,,,,,osm,43.306879,-1.8924061,2026-05-18
J. Acero,San Fernando de Henares,Madrid,,,,,osm,40.4246569,-3.5327823,2026-05-18
Model,Errenteria,Euskadi,,,,,osm,43.3090601,-1.8944902,2026-05-18
Rodi,San Fernando de Henares,Madrid,,,,,osm,40.4288182,-3.5346381,2026-05-18
Elena EstiliStaS,San Fernando de Henares,Madrid,+34628242003,,,https://elena-estilistas.negocio.site/,osm,40.4280985,-3.5358078,2026-05-18
Veronika Estética,San Fernando de Henares,Madrid,,,,,osm,40.4269926,-3.5368658,2026-05-18
Xavier Traverter,Girona,Catalunya,,,,,osm,41.982964,2.8155753,2026-05-18
No + Vello,San Fernando de Henares,Madrid,,,,,osm,40.4281012,-3.5323471,2026-05-18
María Jesús,San Fernando de Henares,Madrid,,,,,osm,40.42871,-3.530273,2026-05-18
JM Estilistas,San Fernando de Henares,Madrid,,,,,osm,40.4259612,-3.5294697,2026-05-18
2 Hermanas,San Fernando de Henares,Madrid,,,,,osm,40.4258263,-3.530171,2026-05-18
Chus,San Fernando de Henares,Madrid,,,,,osm,40.4215436,-3.5248291,2026-05-18
Karol,Errenteria,Euskadi,,,,,osm,43.3100789,-1.9145067,2026-05-18
Xagon,Errenteria,Euskadi,,,,,osm,43.3104419,-1.9140615,2026-05-18
Paco Escobar,Madrid,Madrid,,,,,osm,40.3972664,-3.7683094,2026-05-18
Mari Mar,Errenteria,Euskadi,,,,,osm,43.3128683,-1.9121255,2026-05-18
Alarcón,San Fernando de Henares,Madrid,+34916562201,,,,osm,40.4489613,-3.4606468,2026-05-18
Esti,Errenteria,Euskadi,,,,,osm,43.3120427,-1.9036174,2026-05-18
Tino,Errenteria,Euskadi,,,,,osm,43.3111835,-1.9121601,2026-05-18
Corta-T,Villarcayo de Merindad de Castilla la Vieja,Castilla y León,,,,,osm,42.9408877,-3.5698759,2026-05-18
Centre d' Estetica Gadana,Girona,Catalunya,,,,,osm,41.9696763,2.8162849,2026-05-18
Monica Maresma Estilista,Ulldecona,Catalunya,,,,,osm,40.5993854,0.4481347,2026-05-18
Imatge i Estilisme Sarah Galo,Ulldecona,Catalunya,,,,,osm,40.5961259,0.4431925,2026-05-18
Nova Imatge Estilista,Ulldecona,Catalunya,,,,,osm,40.5996968,0.4469932,2026-05-18
Eclipse Professional,Ulldecona,Catalunya,,,,,osm,40.5957363,0.4477074,2026-05-18
Perruqueria Sabaté,Ulldecona,Catalunya,,,,,osm,40.5967717,0.4437234,2026-05-18
Perruqueria Santi Periche,Ulldecona,Catalunya,,,,,osm,40.5962673,0.4425929,2026-05-18
Boyer,l'Ametlla de Mar,Catalunya,,,,,osm,40.8834192,0.8016256,2026-05-18
Cande,l'Ametlla de Mar,Catalunya,,,,,osm,40.881841,0.7995023,2026-05-18
Peralta,l'Ametlla de Mar,Catalunya,,,,,osm,40.8859103,0.8027354,2026-05-18
Perruqueria Mònica,Porqueres,Catalunya,,,,,osm,42.0879418,2.8154984,2026-05-18
Peluquería Enredos,Béjar,Castilla y León,,,,,osm,40.3876819,-5.7672563,2026-05-18
Peluquería Profil,Gondomar,Galicia,,,,,osm,42.112063,-8.7638744,2026-05-18
Perruqueria Vicki,Ulldecona,Catalunya,,,,,osm,40.5951758,0.4451837,2026-05-18
Montserrat Roig Vidal,Ulldecona,Catalunya,,,,,osm,40.5972842,0.4434724,2026-05-18
Fes Goig,Ulldecona,Catalunya,,,,,osm,40.5954886,0.4479361,2026-05-18
Aixa,Burgos,Burgos,+34947238007,,,,osm,42.3506582,-3.6691547,2026-05-18
Busto,Burgos,Castilla y León,,,,,osm,42.3518904,-3.6702646,2026-05-18
Richi,Burgos,Castilla y León,,,,,osm,42.3523858,-3.6689367,2026-05-18
Eider Martin,Donostia / San Sebastián,Euskadi,,,,,osm,43.3236412,-1.9823531,2026-05-18
Man,Burgos,Castilla y León,,,,,osm,42.350265,-3.6726069,2026-05-18
Rebeca Ahedo,Burgos,Castilla y León,,,,,osm,42.3506494,-3.6728205,2026-05-18
Destellos,Burgos,Castilla y León,,,,,osm,42.3498784,-3.6717098,2026-05-18
Saybell,Donostia / San Sebastián,Euskadi,,,,,osm,43.3239436,-1.9733526,2026-05-18
Idoia,Donostia / San Sebastián,Euskadi,,,,,osm,43.3244755,-1.9740451,2026-05-18
Liuka,Donostia / San Sebastián,Euskadi,,,,,osm,43.3248858,-1.9731267,2026-05-18
PH,Donostia / San Sebastián,Euskadi,,,,,osm,43.3244202,-1.973965,2026-05-18
Marilyn,Burgos,Castilla y León,,,,,osm,42.3345561,-3.7041128,2026-05-18
Oihana Jareño,Donostia / San Sebastián,Euskadi,,,,,osm,43.3249074,-1.9738565,2026-05-18
Rosa Iñigo,Donostia / San Sebastián,Euskadi,,,,,osm,43.3233185,-1.9716303,2026-05-18
Showroom,Donostia / San Sebastián,Euskadi,,,,,osm,43.3232294,-1.9716287,2026-05-18
Aurora,Donostia / San Sebastián,Euskadi,,,,,osm,43.3229976,-1.9713911,2026-05-18
Eme_mas_eme,Donostia / San Sebastián,Euskadi,,,,,osm,43.3248991,-1.9721977,2026-05-18
LC,Donostia / San Sebastián,Euskadi,,,,,osm,43.3250832,-1.971907,2026-05-18
Tere,Tamaimo,Canarias,+34922863311,,,,osm,28.2669646,-16.8205856,2026-05-18
Perruqueria Pietat,Ulldecona,Catalunya,,,,,osm,40.5976415,0.4484639,2026-05-18
Mulet & Maresma,Ulldecona,Catalunya,,,,,osm,40.5970002,0.4447152,2026-05-18
La Trena,Ulldecona,Catalunya,,,,,osm,40.5977296,0.4479868,2026-05-18
Imatge i Salut,Ulldecona,Catalunya,+34977720517,mariajosevericat@hotmail.com,,,osm,40.5982602,0.4461188,2026-05-18
Perruqueria Marga,Ulldecona,Catalunya,,,,,osm,40.5984643,0.4459726,2026-05-18
Perruqueria Bárcenas,Badalona,Barcelona,,,,,osm,41.4521868,2.235492,2026-05-18
Aranzabal,Donostia / San Sebastián,Euskadi,,,,,osm,43.3249878,-1.9723105,2026-05-18
Kinso,Pontevedra,Galicia,,,,,osm,42.4268931,-8.6389648,2026-05-18
Gaby,San Fernando de Henares,Madrid,,,,,osm,40.4215678,-3.5324973,2026-05-18
David Madueño,Córdoba,Andalucía,,,,,osm,37.8881761,-4.7698232,2026-05-18
Itziar Abad,Donostia / San Sebastián,Euskadi,,,,,osm,43.3241315,-1.9704062,2026-05-18
Elena Moreno,Donostia / San Sebastián,Euskadi,,,,,osm,43.3243961,-1.9713235,2026-05-18
Patricia,Donostia / San Sebastián,Euskadi,,,,,osm,43.3226257,-1.9732579,2026-05-18
Rafel Pagés,Barcelona,Catalunya,+34934485230,,,https://www.raffelpages.com/,osm,41.3765464,2.1199429,2026-05-18
Brunoleón,Córdoba,Andalucía,,,,,osm,37.8982596,-4.7583931,2026-05-18
C&B Estilistas,Viver,Comunitat Valenciana,,,,,osm,39.9208245,-0.5954212,2026-05-18
Aliaga Peluqueros,Viver,Comunitat Valenciana,,,,,osm,39.9204463,-0.596086,2026-05-18
Juan Diego,Alacant / Alicante,Comunitat Valenciana,,,,,osm,38.4008412,-0.4361578,2026-05-18
Piñeiro,Alacant / Alicante,Comunitat Valenciana,,,,,osm,38.4002081,-0.4357409,2026-05-18
Peluquería Ángeles,Huétor Tájar,Andalucía,+34958332085,,,,osm,37.1954925,-4.0467338,2026-05-18
Bitxus,Errenteria,Euskadi,,,,,osm,43.3226452,-1.9121666,2026-05-18
Monika,Errenteria,Euskadi,,,,,osm,43.3229345,-1.9130473,2026-05-18
Lorens,Saldaña,Castilla y León,,,,,osm,42.5222717,-4.7387073,2026-05-18
Rosa Domínguez,Hondarribia,Euskadi,,,,,osm,43.3635409,-1.7992978,2026-05-18
Casanova,Sant Vicenç dels Horts,Catalunya,,,,,osm,41.3899904,2.0090576,2026-05-18
Valls Soler Perruqueria,Sant Vicenç dels Horts,Catalunya,,,,,osm,41.3927427,2.0100794,2026-05-18
Enia,Sant Vicenç dels Horts,Catalunya,,,,,osm,41.3958704,2.0096668,2026-05-18
Andrés Sereno Estilistas,Torrejón de Ardoz,Madrid,+34663885290,info@andresereno.es,,https://www.andresereno.es/,osm,40.4566425,-3.4558214,2026-05-18
Peluqueria Expósito,Sant Vicenç dels Horts,Catalunya,,,,,osm,41.3938023,2.009761,2026-05-18
Intea,Salamanca,Castilla y León,,,,,osm,40.9779235,-5.6542521,2026-05-18
Peluqueria Lizar,Pamplona / Iruña,Navarra,,,,,osm,42.8125229,-1.6118405,2026-05-18
Lola Lolita Lola,Aldaia,Comunitat Valenciana,,,,,osm,39.4589252,-0.4521422,2026-05-18
Estilistas Allende,San Claudio / San Cloyo,Asturias / Asturies,,,,,osm,43.3599639,-5.9176135,2026-05-18
Salón La Xana,Oviedo,Asturias / Asturies,,,,,osm,43.3598568,-5.9176958,2026-05-18
Nenas,Adeje,Canarias,,,,,osm,28.1231051,-16.7742867,2026-05-18
Peluqueria Rosa,Fuengirola,Andalucía,,,,,osm,36.5939703,-4.5754557,2026-05-18
José Manuel peluqueros,la Pobla de Farnals,Comunitat Valenciana,,,,,osm,39.6151088,-0.3092207,2026-05-18
Enrique,Jaén,Andalucía,+34953241557,,,,osm,37.766744,-3.7844595,2026-05-18
Isis belleza,Jaén,Andalucía,+34953240797,,,,osm,37.765987,-3.7861384,2026-05-18
Nachi,Jaén,Andalucía,,,,,osm,37.7622401,-3.7921454,2026-05-18
CAPRICHO,Jaén,Andalucía,,,,,osm,37.7682724,-3.7894735,2026-05-18
VICO STYLE,Jaén,Andalucía,+34953237389,,,,osm,37.7684314,-3.78979,2026-05-18
Peluquería César,Jaén,Andalucía,+34953258891,,,,osm,37.7721511,-3.7912543,2026-05-18
Loli Quesada,Jaén,Andalucía,,,,,osm,37.762839,-3.7947628,2026-05-18
Peluquería Trini,Jaén,Andalucía,+34953231043,,,,osm,37.7593623,-3.7946952,2026-05-18
Peluquería Luna,Jaén,Andalucía,+34953887126,,,,osm,37.7629673,-3.7944798,2026-05-18
Salón de Belleza Paqui,Jaén,Andalucía,+34953230271,,,,osm,37.7596932,-3.7950466,2026-05-18
Peluquería Señoras Monchi di Castello,Jaén,Andalucía,+34953873603,,,,osm,37.7629323,-3.7940118,2026-05-18
Essteticista Mª carmen Chiochio Villar,Jaén,Andalucía,+34953236589,,,,osm,37.7661263,-3.7857957,2026-05-18
Cellulem Block,Jaén,Andalucía,,,,,osm,37.776985,-3.7967831,2026-05-18
Peluquería Francisco Javier Zafra Valenzuela,Jaén,Andalucía,+34637449710,,,,osm,37.7800795,-3.7820276,2026-05-18
Marinas,Jaén,Andalucía,+34953088211,,,,osm,37.763876,-3.7904927,2026-05-18
E&C Creación,Jaén,Andalucía,+34953190465,,,,osm,37.7609018,-3.7943977,2026-05-18
Nuevo_stylo,Jaén,Andalucía,+34953240213,,,,osm,37.7660033,-3.7847202,2026-05-18
Peluquería Doryan,Jaén,Andalucía,+34953235405,,,,osm,37.7643003,-3.7887841,2026-05-18
Peluqueria Hermanas Louan,Jaén,Andalucía,+34953331008,,,,osm,37.779218,-3.792955,2026-05-18
Peluquería Pelo's,Jaén,Andalucía,+34953239294,,,,osm,37.7663282,-3.7876184,2026-05-18
Dolyant,Jaén,Andalucía,+34691322439,,,,osm,37.7665673,-3.7856563,2026-05-18
salón de peluquería Nati Ortega,Jaén,Andalucía,+34953235062,,,,osm,37.7646544,-3.7882584,2026-05-18
Peluquería Camacho,Jaén,Andalucía,+34953277244,,,,osm,37.7638664,-3.789185,2026-05-18
centro de estética johana,Jaén,Andalucía,+34953088362,,,,osm,37.7646247,-3.7881564,2026-05-18
José Juan,Jaén,Andalucía,+34953236592,,,,osm,37.7624644,-3.7896797,2026-05-18
Peluquería J.Pulido,Jaén,Andalucía,,,,,osm,37.7618442,-3.7906168,2026-05-18
MªVirginia y Nana,Jaén,Andalucía,+34953350492,,,,osm,37.7717875,-3.7918899,2026-05-18
Salvador Márquez,Jaén,Andalucía,+34953239704,,,,osm,37.7685361,-3.7886374,2026-05-18
Peluqueria Belsay's,Jaén,Andalucía,+34953275402,,,,osm,37.7760267,-3.7848954,2026-05-18
Hair Cosmetic,Jaén,Andalucía,,,,,osm,37.7799306,-3.7931553,2026-05-18
Justo Martínez,Jaén,Andalucía,+34953238250,,,,osm,37.7661095,-3.7880838,2026-05-18
Herrador,Jaén,Andalucía,,,,http://www.centrosherrador.com,osm,37.777304,-3.7946849,2026-05-18
CapriXo,Jaén,Andalucía,+34953087141,,@peluqueria_caprixo_jaen,,osm,37.7753713,-3.7855809,2026-05-18
Peluquería Low Cost,Jaén,Andalucía,,,,https://peluqueriaslowcost.com/,osm,37.7754633,-3.7855619,2026-05-18
Estética Cívico,Jaén,Andalucía,+34953225211,info@civicopeluqueriayestetica.es,,https://www.civicopeluqueriayestetica.es/,osm,37.7765553,-3.7850512,2026-05-18
Peluquería y estética I&T,Jaén,Andalucía,,,,,osm,37.7750118,-3.7834486,2026-05-18
Ellas & Ellos,Burgos,Castilla y León,,,,,osm,42.3614835,-3.6654713,2026-05-18
Peluquería de mascotas,San Fernando de Henares,Madrid,,,,,osm,40.4274219,-3.5265249,2026-05-18
ENRE2,San Fernando de Henares,Madrid,,,,,osm,40.4274704,-3.5265556,2026-05-18
Inma,Huétor Tájar,Andalucía,,,,,osm,37.197648,-4.0498966,2026-05-18
Toledano,Jaén,Andalucía,+34953190933,,,,osm,37.7667723,-3.7878532,2026-05-18
Alba Peluqueros,Salamanca,Salamanca,,,,,osm,40.9508522,-5.6801238,2026-05-18
Perruqueria i Estetica SUSI,Cabrera d'Anoia,Catalunya,,,,,osm,41.4507342,1.7032412,2026-05-18
Mariñe,Sestao,Euskadi,,,,,osm,43.3259041,-2.9894481,2026-05-18
Perruqueria Manau,Barcelona,Catalunya,,,,,osm,41.3758327,2.119318,2026-05-18
Jorge Gándara,Ames,Galicia,,,,,osm,42.8484679,-8.5821643,2026-05-18
Urquiza,San Vicente de la Barquera,Cantabria,,,,,osm,43.3847324,-4.3990708,2026-05-18
Samary,Madrid,Madrid,,,,,osm,40.3911006,-3.7377601,2026-05-18
Tu corte,Madrid,Madrid,,,,,osm,40.3914186,-3.7383979,2026-05-18
Virginia,Badajoz,Badajoz,+34924220523,,,,osm,38.8755321,-6.9728949,2026-05-18
AIRAM,Badajoz,Badajoz,,,,,osm,38.8721728,-6.9777336,2026-05-18
Junquera,Badajoz,Badajoz,,,,,osm,38.8759529,-6.9706551,2026-05-18
Molinero Peluqueros,Aranda de Duero,Castilla y León,+34947502012,,,,osm,41.6724468,-3.6859519,2026-05-18
Noues Formes,Vila-real,Comunitat Valenciana,,,,,osm,39.9470583,-0.0623059,2026-05-18
Juan Carlos Estilista,Novelda,Comunitat Valenciana,,,,,osm,38.3829641,-0.7625717,2026-05-18
Peluquería Remei,Novelda,Comunitat Valenciana,,,,,osm,38.3831805,-0.7641121,2026-05-18
Peluquería Unisex BCN,Novelda,Comunitat Valenciana,,,,,osm,38.3830164,-0.7682051,2026-05-18
Peluquería Magda,Novelda,Comunitat Valenciana,,,,,osm,38.3806753,-0.7706991,2026-05-18
Azabache,Novelda,Comunitat Valenciana,,,,,osm,38.3853399,-0.7603026,2026-05-18
Esther Martínez,Novelda,Comunitat Valenciana,,,,,osm,38.3875284,-0.7609787,2026-05-18
peluqueria formas,Novelda,Comunitat Valenciana,,,,,osm,38.3825317,-0.7623313,2026-05-18
peluquería giuseppe,Novelda,Comunitat Valenciana,,,,,osm,38.3814961,-0.7636005,2026-05-18
Laura Lledō,Novelda,Comunitat Valenciana,,,,,osm,38.3847622,-0.7688051,2026-05-18
Metxe's,Novelda,Comunitat Valenciana,,,,,osm,38.3861927,-0.7706747,2026-05-18
Navarro Estilistes,Novelda,Comunitat Valenciana,,,,,osm,38.3860788,-0.7625483,2026-05-18
Cultural's,Novelda,Comunitat Valenciana,+34667812766,,,,osm,38.3846703,-0.7682427,2026-05-18
Gabinete de estética Sofía,Novelda,Comunitat Valenciana,,,,,osm,38.3761392,-0.7718679,2026-05-18
Peluquería Nueva Imagen,Novelda,Comunitat Valenciana,,,,,osm,38.3786533,-0.7714735,2026-05-18
cristina botella,Novelda,Comunitat Valenciana,,,,,osm,38.3836452,-0.7653267,2026-05-18
foto depilacion starbene,Novelda,Comunitat Valenciana,,,,,osm,38.3833314,-0.7651818,2026-05-18
peluquería Raquel Navarro,Novelda,Comunitat Valenciana,,,,,osm,38.3842599,-0.7656013,2026-05-18
peluquería new look,Novelda,Comunitat Valenciana,,,,,osm,38.3823858,-0.7647358,2026-05-18
estilista profesional Eva Ortiz,Novelda,Comunitat Valenciana,,,,,osm,38.388824,-0.7712379,2026-05-18
peluqueria canina pelu 2,Novelda,Comunitat Valenciana,,,,,osm,38.3906652,-0.7687637,2026-05-18
Estética Auncar,Novelda,Comunitat Valenciana,,,,,osm,38.381128,-0.7652349,2026-05-18
Imagine,Novelda,Comunitat Valenciana,,,,,osm,38.3815085,-0.7669587,2026-05-18
Susi Juan,Novelda,Comunitat Valenciana,,,,,osm,38.3810043,-0.7659949,2026-05-18
BCN,Novelda,Comunitat Valenciana,,,,,osm,38.3830395,-0.7680992,2026-05-18
Barberia Fausto,Novelda,Comunitat Valenciana,+34687386788,,,,osm,38.3844554,-0.7679789,2026-05-18
Peluquería Unisex Marifé,Novelda,Comunitat Valenciana,,,,,osm,38.383276,-0.7670222,2026-05-18
Encarnita,Novelda,Comunitat Valenciana,,,,,osm,38.3883967,-0.764915,2026-05-18
Peluquería Bernal,Murcia,Murcia,,,,,osm,37.9917675,-1.128107,2026-05-18
Peluquería de caballeros Vera,Murcia,Murcia,,,,,osm,37.992081,-1.1234115,2026-05-18
Peluquería Vicen y Pablo,Móstoles,Madrid,,,,,osm,40.3295866,-3.8629419,2026-05-18
Secret Style,Badajoz,Badajoz,,,,,osm,38.8756614,-6.9711983,2026-05-18
henne $ khol,Badajoz,Badajoz,,,,,osm,38.8754132,-6.9714179,2026-05-18
Azahara,Murcia,Murcia,,,,,osm,37.9902752,-1.124674,2026-05-18
Barbería Universidad,Murcia,Murcia,,,,,osm,37.988193,-1.1269968,2026-05-18
Jose Lloria,Castelló de la Plana / Castellón de la Plana,Comunitat Valenciana,,,,,osm,39.9504534,-0.0636165,2026-05-18
Parque,Albacete,Castilla-La Mancha,,,,,osm,38.9885421,-1.8587223,2026-05-18
El Placer II,Madrid,Madrid,,,,,osm,40.3972922,-3.7717932,2026-05-18
Tú y Yo,San Fernando de Henares,Madrid,,,,,osm,40.4263181,-3.5375993,2026-05-18
muss,Badajoz,Badajoz,,,,,osm,38.8739871,-6.9697161,2026-05-18
Peluqueria de Caballeros,Madrid,Madrid,,,,,osm,40.3981729,-3.7720346,2026-05-18
Prettytime,Madrid,Madrid,,,,,osm,40.3984398,-3.7722676,2026-05-18
Yo-sul,Madrid,Madrid,,,,,osm,40.3985532,-3.7730561,2026-05-18
Juan y Eli,Madrid,Madrid,,,,,osm,40.3984668,-3.7674965,2026-05-18
Mas Ke Cortes,Errenteria,Euskadi,,,,,osm,43.3140565,-1.9341191,2026-05-18
Godoy,Albacete,Castilla-La Mancha,+34607794278,,,,osm,38.9872188,-1.8609537,2026-05-18
Onda 10,Palma,Illes Balears,,,,,osm,39.5704992,2.6535471,2026-05-18
Jaime Bañeros,Elciego,Euskadi,,,,,osm,42.5142941,-2.6183778,2026-05-18
Azucena,Elciego,Euskadi,,,,,osm,42.5162435,-2.6179916,2026-05-18
Marko's,Nerja,Andalucía,,,,,osm,36.7451256,-3.8801692,2026-05-18
Bellaco,Burgos,Castilla y León,,,,,osm,42.3528777,-3.6678934,2026-05-18
Araceli,Burgos,Castilla y León,,,,,osm,42.3556436,-3.663059,2026-05-18
Gioli,Cangas,Galicia,,,,,osm,42.2639342,-8.7811353,2026-05-18
Diagmara,Cicero,Cantabria,,,,,osm,43.4253967,-3.522134,2026-05-18
Belluci,Gandia,Comunitat Valenciana,,,,,osm,39.034941,-0.2176484,2026-05-18
As Camelias,Ponteareas,Galicia,,,,,osm,42.2248309,-8.4716127,2026-05-18
Jorge's Peluqueros,Siero,Asturias / Asturies,,,,,osm,43.384974,-5.7017782,2026-05-18
Peluquería Avelino,Siero,Asturias / Asturies,,,,,osm,43.3845788,-5.7046323,2026-05-18
Mame Diara Hair,Sant Llorenç des Cardassar,Illes Balears,,,,,osm,39.5963906,3.3819906,2026-05-18
Nati,Sasamón,Castilla y León,,,,,osm,42.4178514,-4.0439614,2026-05-18
Tony Balsalobre,Murcia,Murcia,,,,,osm,37.9748209,-1.1232622,2026-05-18
Essensuals,Vitoria-Gasteiz,Euskadi,,,,,osm,42.8455075,-2.6664811,2026-05-18
Azul de Rizos,Salamanca,Castilla y León,,,,,osm,40.9506576,-5.649659,2026-05-18
Federico Peluqueros,Alpedrete,Madrid,+34918570575,,,https://www.federicopeluqueros.com/paginas/alpedrete.htm-,osm,40.6607868,-4.0226717,2026-05-18
Sister's Alcobendas,Alcobendas,Madrid,+34918437570,,,,osm,40.5557715,-3.6591426,2026-05-18
Peluquería Manoli,Sevilla,Andalucía,,,,,osm,37.398085,-6.0325145,2026-05-18
Imagen 365,Castropol,Asturias / Asturies,,,,,osm,43.5364242,-7.0464039,2026-05-18
Peluquería Toñi,Cabra del Santo Cristo,Andalucía,,,,,osm,37.703391,-3.2889372,2026-05-18
Ninfas,Alcalá de Henares,Madrid,+34916759201,,,,osm,40.4588309,-3.4495038,2026-05-18
Perruqueria Ferrer,Hostalric,Catalunya,,,,,osm,41.7444185,2.6275482,2026-05-18
Perruqueria Mir,Hostalric,Catalunya,,,,,osm,41.7450262,2.628502,2026-05-18
Melinda,Alcalá de Henares,Madrid,+34916749928,,,,osm,40.4589826,-3.4488846,2026-05-18
Ausart Ileapaindegia,Arrasate / Mondragón,Euskadi,,,,http://ausartileapaindegia.dendari.com,osm,43.0637539,-2.4895643,2026-05-18
Toñi Ileapaindegia,Arrasate / Mondragón,Euskadi,,,,http://toniileapaindegia.dendari.com,osm,43.0653979,-2.4901924,2026-05-18
Richi Ileapaindegia,Arrasate / Mondragón,Euskadi,,,,http://peluqueriarichi.dendari.com/,osm,43.0657735,-2.4925818,2026-05-18
Xarma Ileapaindegia,Arrasate / Mondragón,Euskadi,,,,http://xarmaileapaindegia.dendari.com/,osm,43.0660047,-2.4914097,2026-05-18
Izpi Alaia,Arrasate / Mondragon,Euskadi,,,,http://www.peluqueria-izpialaia.es/,osm,43.0661616,-2.4907017,2026-05-18
Arteam,Girona,Catalunya,,,,,osm,41.9814103,2.8238511,2026-05-18
Salón de Belleza Fani,Aldeamayor de San Martín,Castilla y León,,,,,osm,41.5139452,-4.6373399,2026-05-18
Mariona Bertran,Vilassar de Mar,Catalunya,,,,,osm,41.5089373,2.3887229,2026-05-18
Maruxa,Muros,Galicia,,,,,osm,42.7757742,-9.0595228,2026-05-18
Peluquería Inma,Cunit,Catalunya,,,,,osm,41.1961286,1.6342913,2026-05-18
MYA,Úbeda,Andalucía,,,,,osm,38.0109828,-3.3714256,2026-05-18
Tabatha,Palma,Illes Balears,,,,,osm,39.58867,2.6121502,2026-05-18
Joanna Remirez,Pamplona / Iruña,Navarra,,,,,osm,42.7897306,-1.6985913,2026-05-18
Carmen Dolores,Icod de los Vinos,Canarias,,,,,osm,28.3805789,-16.6525023,2026-05-18
Kenya,Sestao,Euskadi,,,,,osm,43.2902186,-2.9951295,2026-05-18
Avance,El Puerto de Santa María,Andalucía,,,,,osm,36.6005116,-6.2522968,2026-05-18
Cherry's,Palma,Illes Balears,,,,,osm,39.5896971,2.6240677,2026-05-18
Esperanza,Crevillent,Comunitat Valenciana,,,,,osm,38.1597508,-0.7997704,2026-05-18
Lola Pop Peluquería Canina,Almoradí,Comunitat Valenciana,,,,,osm,38.0783977,-0.8378773,2026-05-18
Mariscal,Almoradí,Comunitat Valenciana,,,,,osm,38.0806385,-0.8375276,2026-05-18
Mallorquina,Almoradí,Comunitat Valenciana,,,,,osm,38.1390834,-0.769216,2026-05-18
Hermanas Cañizares,Almoradí,Comunitat Valenciana,,,,,osm,38.1402326,-0.76773,2026-05-18
Ely,Santa Pola,Comunitat Valenciana,,,,,osm,38.1928599,-0.5851165,2026-05-18
Leiro,Cangas,Galicia,,,,,osm,42.2640535,-8.7826592,2026-05-18
Bonin 6,Cangas de Morrazo,Galicia,,,,,osm,42.2637767,-8.7820125,2026-05-18
Agua y Sal,Torrevieja,Comunitat Valenciana,,,,,osm,38.0251808,-0.7439396,2026-05-18
Kaos,Madrid,Madrid,,,,,osm,40.4044525,-3.7080409,2026-05-18
Navata Perruqueria i Estètica,Navata,Catalunya,,,,,osm,42.2236523,2.8607619,2026-05-18
Carmen Valero,Almoradí,Comunitat Valenciana,,,,,osm,38.0908724,-0.7613116,2026-05-18
Perrquería Colores,Carballo,Galicia,,,,,osm,43.2136706,-8.70099,2026-05-18
Kibo,Madrid,Madrid,,,,,osm,40.4050311,-3.7071041,2026-05-18
Rojas,Arrecife,Canarias,,,,,osm,29.0017973,-13.4859753,2026-05-18
stylo,Cangas,Galicia,,,,,osm,42.2639857,-8.7823602,2026-05-18
BYS,Cangas,Galicia,,,,,osm,42.2644133,-8.7838133,2026-05-18
Tere Riobó,Cangas de Morrazo,Galicia,,,,,osm,42.2656167,-8.7839588,2026-05-18
Roland Salón,Madrid,Madrid,,,,https://www.rolandsalon.es/,osm,40.4030888,-3.708924,2026-05-18
M. Belén,Madrid,Madrid,,,,,osm,40.4088868,-3.7127568,2026-05-18
Oh My Cut,València,Comunitat Valenciana,,,,,osm,39.4704044,-0.3841135,2026-05-18
Peluquería Olivera,Salamanca,Castilla y León,,,,,osm,40.9651223,-5.6654781,2026-05-18
Salón de Belleza Loli,Guardamar del Segura,Comunitat Valenciana,,,,,osm,38.0890275,-0.7243895,2026-05-18
Peluquería Bianca,Móstoles,Madrid,,,,,osm,40.3217288,-3.8690237,2026-05-18
Ponte Guapa,Burgos,Castilla y León,,,,,osm,42.349007,-3.6974824,2026-05-18
Zhon Zhou,Madrid,Madrid,,,,,osm,40.4556182,-3.7040852,2026-05-18
Sara Barrio,Burgos,Castilla y León,,,,,osm,42.3612396,-3.6677225,2026-05-18
La Peluquería,Santa Cruz de Tenerife,Canarias,+34922201963,,,,osm,28.4630458,-16.2548,2026-05-18
D'Irma,Santa Cruz de Tenerife,Canarias,,,,,osm,28.4617899,-16.253729,2026-05-18
Maryley,Santa Cruz de Tenerife,Canarias,,,,,osm,28.4615724,-16.2536936,2026-05-18
Nayra,Santa Cruz de Tenerife,Canarias,,,,,osm,28.4419398,-16.301942,2026-05-18
Estela,València,Comunitat Valenciana,,,,,osm,39.4718199,-0.3484399,2026-05-18
BioSalón,Gandia,Comunitat Valenciana,,,,,osm,38.9685877,-0.1792989,2026-05-18
Estilistes Domínguez,Gandia,Comunitat Valenciana,,,,,osm,38.9685577,-0.1796698,2026-05-18
Chinin,València,Comunitat Valenciana,,,,,osm,39.4731744,-0.346883,2026-05-18
Cutman Co.,València,Comunitat Valenciana,,,,https://cutmanco.es/,osm,39.4730161,-0.3428958,2026-05-18
Enreddo´s,Salamanca,Salamanca,+34923215674,,,,osm,40.9689648,-5.6658239,2026-05-18
Mari Carmen,Villarcayo de Merindad de Castilla la Vieja,Castilla y León,,,,,osm,42.9376608,-3.5720828,2026-05-18
Pueblo,Pájara,Canarias,,,,,osm,28.0522876,-14.3527401,2026-05-18
Sidi Ifni,Pájara,Canarias,,,,,osm,28.0519479,-14.3529753,2026-05-18
Nacho Godos,Badajoz,Badajoz,,,,,osm,38.8729495,-6.9723469,2026-05-18
Pour Homme,Santa Cruz de Tenerife,Canarias,,,,,osm,28.4458919,-16.2999695,2026-05-18
Oh! Arte,Burgos,Castilla y León,,,,,osm,42.3444043,-3.6989614,2026-05-18
Carmelo,Orihuela,Comunitat Valenciana,,,,,osm,38.1289668,-0.8769868,2026-05-18
Peluquería Paul Michell,Madrid,Madrid,,,,,osm,40.4037709,-3.6763991,2026-05-18
Marco Aldany,Madrid,Madrid,,,,,osm,40.4070308,-3.6777985,2026-05-18
Peluquería Tina,Cartagena,Murcia,,,,,osm,37.6292718,-1.0458089,2026-05-18
Peluquería Ada,Cartagena,Murcia,,,,,osm,37.6290278,-1.0415358,2026-05-18
Lizarre,Sopela,Euskadi,,,,,osm,43.3787295,-2.9803146,2026-05-18
C. M. Peluqueros,Madrid,Madrid,,,,,osm,40.4526487,-3.6996103,2026-05-18
Orquidea,Puerto de la Cruz,Canarias,,,,,osm,28.4170875,-16.5436581,2026-05-18
Lokate,Hondarribia,Euskadi,,,,,osm,43.3630637,-1.7930483,2026-05-18
Peluquería Kibo,Madrid,Madrid,,,,,osm,40.4018469,-3.6763142,2026-05-18
Peluquería Nuevo Stylo,Huétor Tájar,Andalucía,,,,,osm,37.1996104,-4.043122,2026-05-18
Los Amigos,Torrejón de Ardoz,Madrid,,,,,osm,40.5335512,-3.4791932,2026-05-18
Figaro,Torrejón de Ardoz,Madrid,+34605542182,,,,osm,40.5341246,-3.479618,2026-05-18
Estilo,Negreira,Galicia,,,,,osm,42.9121888,-8.7363506,2026-05-18
QuinPer,Negreira,Galicia,,,,,osm,42.9111918,-8.7348077,2026-05-18
Selvita,Negreira,Galicia,,,,,osm,42.9110964,-8.7349425,2026-05-18
Peluquería David,Rianxo,Galicia,,,,,osm,42.6742523,-8.8254529,2026-05-18
Peluqueria Eva Vicente,Rianxo,Galicia,,,,,osm,42.6743794,-8.8245749,2026-05-18
Hermo,Negreira,Galicia,,,,,osm,42.9113853,-8.7361331,2026-05-18
Argimiro,Negreira,Galicia,,,,,osm,42.9105523,-8.7370876,2026-05-18
Andrade,Negreira,Galicia,,,,,osm,42.9111103,-8.7371716,2026-05-18
Forxán,Ames,Galicia,,,,,osm,42.9106051,-8.7352833,2026-05-18
Peluqueria Blanco,Boiro,Galicia,,,,,osm,42.6447959,-8.8832571,2026-05-18
Il Duetto,Burgos,Castilla y León,,,,,osm,42.3470997,-3.6975671,2026-05-18
M&L,Santiago de Compostela,Galicia,,,,,osm,42.8729354,-8.5547047,2026-05-18
Cut & Style,Madrid,Madrid,,,,,osm,40.403472,-3.7088264,2026-05-18
María Flores,el Verger,Comunitat Valenciana,,,,,osm,38.8433162,0.010133,2026-05-18
Verónica Troitiño,Ames,Galicia,,,,,osm,42.9114384,-8.7358401,2026-05-18
Ana Mancebo,Ames,Galicia,,,,,osm,42.9112858,-8.7350302,2026-05-18
Fenix,Tacoronte,Canarias,,,,,osm,28.4763413,-16.4159112,2026-05-18
Perrucaría Lorca's,Ames,Galicia,,,,,osm,42.909786,-8.7348311,2026-05-18
Woman,Burgos,Castilla y León,,,,,osm,42.3489863,-3.6943189,2026-05-18
Peluquería Lucas,Negreira,Galicia,,,,,osm,42.9101179,-8.7349869,2026-05-18
Aries,Santa Cruz de Tenerife,Canarias,,,,,osm,28.4613585,-16.2669965,2026-05-18
Abril,Burgos,Castilla y León,,,,,osm,42.3492405,-3.6685434,2026-05-18
Nu2,Burgos,Castilla y León,,,,,osm,42.3489093,-3.6684513,2026-05-18
Rosa Guitierrez,Burgos,Castilla y León,,,,,osm,42.3481573,-3.6682746,2026-05-18
José Luis de Las Heras,Santa Cruz de Tenerife,Canarias,,,,,osm,28.4675887,-16.2616209,2026-05-18
Puentebella,Burgos,Castilla y León,,,,,osm,42.330768,-3.7079932,2026-05-18
Unik,Burgos,Castilla y León,,,,,osm,42.3310218,-3.7068424,2026-05-18
Regina,Burgos,Castilla y León,+34947264895,,,,osm,42.3327203,-3.7056523,2026-05-18
Begoña,Burgos,Castilla y León,,,,,osm,42.3581187,-3.6669458,2026-05-18
Equipo Fosi,Burgos,Castilla y León,,,,,osm,42.3504637,-3.6641046,2026-05-18
Kaché,Burgos,Castilla y León,,,,,osm,42.3447074,-3.724456,2026-05-18
Gotti,Santa Cruz de Tenerife,Canarias,+34922224098,,,,osm,28.457787,-16.2795172,2026-05-18
Trinity,Burgos,Castilla y León,,,,,osm,42.3443722,-3.7023843,2026-05-18
InterModa,Alcoi / Alcoy,Comunitat Valenciana,,,,,osm,38.6983236,-0.4842204,2026-05-18
Jessica,Getafe,Madrid,,,,,osm,40.3453327,-3.7111118,2026-05-18
Paola,Getafe,Madrid,,,,,osm,40.3452166,-3.708069,2026-05-18
Ricard,Girona,Catalunya,,,,,osm,41.9756556,2.805315,2026-05-18
Braceras,Burgos,Castilla y León,,,,,osm,42.3372137,-3.702465,2026-05-18
Aquarel Estilistas,Orihuela,Comunitat Valenciana,,,,,osm,38.0784992,-0.9451906,2026-05-18
EDA,Santa Cruz de Tenerife,Canarias,,,,,osm,28.4666746,-16.2570263,2026-05-18
Jonathan barber,Santa Cruz de Tenerife,Canarias,,,,,osm,28.4666006,-16.2569402,2026-05-18
José Vila,O Porriño,Galicia,,,,,osm,42.1596738,-8.6157277,2026-05-18
CB,Aranguren,Euskadi,,,,,osm,43.2134655,-3.1296394,2026-05-18
Mingo,Pradoluengo,Castilla y León,,,,,osm,42.3244198,-3.2018376,2026-05-18
Susi,Pradoluengo,Castilla y León,,,,,osm,42.3241026,-3.2013839,2026-05-18
Sergio,San Sebastián de la Gomera,Canarias,,,,,osm,28.094954,-17.1135262,2026-05-18
Tita,San Sebastián de la Gomera,Canarias,,,,,osm,28.0950556,-17.1136278,2026-05-18
Cazcarra,Barcelona,Barcelona,+34902300420,,,,osm,41.3868746,2.1502995,2026-05-18
CyS,Sestao,Euskadi,,,,,osm,43.2903431,-2.9982328,2026-05-18
Peluqueria Julio,Viveiro,Galicia,,,,,osm,43.6563332,-7.5990245,2026-05-18
Distinción Peluqueros,Santa Cruz de Tenerife,Canarias,,,,,osm,28.4906545,-16.3200782,2026-05-18
Juan Manuel,Santa Cruz de Tenerife,Canarias,,,,,osm,28.4906809,-16.3207937,2026-05-18
Salón de Peiteado Maribel,Antas de Ulla,Galicia,,,,,osm,42.7828753,-7.8893552,2026-05-18
Doble Doble,Madrid,Madrid,,,,,osm,40.4080415,-3.7128743,2026-05-18
Corroto,Madrid,Madrid,,,,,osm,40.4077709,-3.7126477,2026-05-18
Laura Ortega,Madrid,Madrid,,,,,osm,40.4049179,-3.7076985,2026-05-18
Peluquería Imajenn,Orihuela,Comunitat Valenciana,,,,,osm,38.0768276,-0.9495268,2026-05-18
Perruqueria Els Químics,Girona,Catalunya,,,,,osm,41.9687472,2.8199104,2026-05-18
Peluquería Carmen Terrés,Orihuela,Comunitat Valenciana,,,,,osm,38.0831588,-0.9469181,2026-05-18
Salón de belleza Diva,Orihuela,Comunitat Valenciana,,,,,osm,38.0832382,-0.94694,2026-05-18
+Salud +Belleza,Santander,Cantabria,+34942239661,contacta@massaludmasbelleza.es,,https://www.massaludmasbelleza.es/,osm,43.4588859,-3.8261594,2026-05-18
Pink and Ink,Santander,Cantabria,,,,,osm,43.4590934,-3.8231442,2026-05-18
Carlos's Peluquería,Santander,Cantabria,+34942360241,,,https://www.carloss.es/,osm,43.4638434,-3.8036999,2026-05-18
Alta 69,Santander,Cantabria,+34942234740,,,http://www.alta69.com,osm,43.4590929,-3.8167914,2026-05-18
Asimetrix,Santander,Cantabria,+34942216860,info@peluqueriadeautor.com,,http://www.peluqueriadeautor.com,osm,43.4635471,-3.794743,2026-05-18
La Plaza,Santander,Cantabria,,,,,osm,43.4623095,-3.8019452,2026-05-18
Andrea Presmanes,Santander,Cantabria,+34942038702,,,,osm,43.461653,-3.8164404,2026-05-18
Bravo's,Santander,Cantabria,,,,,osm,43.4604011,-3.8258738,2026-05-18
Dinastía,Santander,Cantabria,+34942239324,,,,osm,43.4599002,-3.8223398,2026-05-18
Diva Peluquería,Santander,Cantabria,+34942031063,,,,osm,43.4625429,-3.8089916,2026-05-18
Dream's,Santander,Cantabria,+34942077181,,,http://www.dreamspeluquerossantander.com,osm,43.4574553,-3.8482997,2026-05-18
Duo Omo,Santander,Cantabria,+34942312564,duoomo@hotmail.com,,http://www.duoomoestilistas.com,osm,43.4637823,-3.8085551,2026-05-18
E & J Peluqueros,Santander,Cantabria,+34942236396,,,,osm,43.4622644,-3.8119427,2026-05-18
Eduardo & Pilar Pescador,Santander,Cantabria,+34942340791,,,https://www.eduardoypilarpescador.com/,osm,43.44555,-3.8549109,2026-05-18
Elena Salmón,Santander,Cantabria,+34942212041,,,http://www.peluqueriaelenasalmon.com,osm,43.4601416,-3.8075157,2026-05-18
Eva Blanco Peluqueros,Santander,Cantabria,+34942324220,,,,osm,43.4571001,-3.8541571,2026-05-18
Eva Ortiz Peluquería,Santander,Cantabria,+34942072242,,,http://www.peluqueriaevaortiz.com,osm,43.4391478,-3.841145,2026-05-18
Exclusivas Can-Pel,Santander,Cantabria,+34942225948,,,http://www.can-pel.net,osm,43.4636554,-3.8102858,2026-05-18
Expression,Santander,Cantabria,+34942361354,,,,osm,43.4634362,-3.7982457,2026-05-18
Galería los Peluqueros,Santander,Cantabria,+34942374951,,,,osm,43.4593891,-3.8264021,2026-05-18
Glamour Estilistas,Santander,Cantabria,+34942055430,chicoglan@hotmail.com,,https://www.glamourestilistas.es/,osm,43.4608747,-3.8208806,2026-05-18
Gloria Peluquería,Santander,Cantabria,+34942038057,,,,osm,43.4653103,-3.7891444,2026-05-18
Jacquelin Peluqueros,Santander,Cantabria,+34685230846,,,,osm,43.4585623,-3.8215219,2026-05-18
Lucia Revert,Santander,Cantabria,,,,,osm,43.463766,-3.8079714,2026-05-18
La Perruquería y Mas,Santander,Cantabria,+34942355833,,,http://www.laperruqueriaymas.blogspot.com,osm,43.4555978,-3.8540672,2026-05-18
La Troupe Estilistas,Santander,Cantabria,+34942074742,,,http://www.latroupeestilistas.com,osm,43.4644121,-3.8012817,2026-05-18
Las Anjanas Peluquería,Santander,Cantabria,+34942324962,,,,osm,43.4610993,-3.847722,2026-05-18
Lourdes Gómez,Santander,Cantabria,+34942235935,,,,osm,43.4606747,-3.823937,2026-05-18
kemøn,Santander,Cantabria,,,,,osm,43.4642969,-3.804203,2026-05-18
Macavi Azul,Santander,Cantabria,+34942237968,,,https://www.macavi.es/,osm,43.4612933,-3.8173853,2026-05-18
Macavi,Santander,Cantabria,+34942363522,,,https://www.macavi.es/,osm,43.4628584,-3.8090178,2026-05-18
Marchela Ruiz,Santander,Cantabria,+34942311145,,,https://www.marchela.com/,osm,43.4547115,-3.8204526,2026-05-18
gold beauty center,Santander,Cantabria,,,,,osm,43.4577792,-3.8111764,2026-05-18
Emoticons Studio,Santander,Cantabria,+34942227831,,,,osm,43.4628295,-3.8076284,2026-05-18
Mila Estilistas,Santander,Cantabria,+34942360384,,,http://www.milaestilistas.com,osm,43.4648377,-3.8011479,2026-05-18
Oise Peluquerías,Santander,Cantabria,+34942075599,,,,osm,43.4626615,-3.8011757,2026-05-18
Peluquería Acebal,Santander,Cantabria,+34942361598,,,,osm,43.4642302,-3.8014522,2026-05-18
Peluquería Ahedos,Santander,Cantabria,+34942232656,,,http://www.peluqueriaahedos.com,osm,43.4600022,-3.8185625,2026-05-18
Peluquería Aitana,Santander,Cantabria,+34942229969,,,,osm,43.4576331,-3.8100228,2026-05-18
Peluquería Calleja,Santander,Cantabria,+34942212995,,,,osm,43.463853,-3.8086896,2026-05-18
Peluquería Caly Bella,Santander,Cantabria,+34942036331,,,,osm,43.4609894,-3.8154303,2026-05-18
Peluquería Canina Horadada,Santander,Cantabria,+34942375808,,,,osm,43.4652219,-3.8141301,2026-05-18
Peluquería Carlos Hinojal,Santander,Cantabria,+34942232841,,,,osm,43.4595414,-3.8161241,2026-05-18
Peluquería Carmen Eguren,Santander,Cantabria,+34942244064,,,,osm,43.4594084,-3.8219035,2026-05-18
Peluquería Cayma,Santander,Cantabria,+34942037799,,,,osm,43.4695089,-3.7981236,2026-05-18
Peluquería Destellos,Santander,Cantabria,+34942343025,,,,osm,43.4584217,-3.8465773,2026-05-18
Peluquería Galindo,Santander,Cantabria,+34942220232,,,http://www.galindopeluqueros.com,osm,43.4603608,-3.80917,2026-05-18
Peluquería Hermanos Peña,Santander,Cantabria,+34942074670,,,,osm,43.4596028,-3.8173588,2026-05-18
Hombres Peluqueros,Santander,Cantabria,+34942344170,,,,osm,43.4710866,-3.8296573,2026-05-18
Peluquería Innova,Santander,Cantabria,+34942227794,,,,osm,43.4675411,-3.8010675,2026-05-18
Peluquería Javier,Santander,Cantabria,+34942346210,,,,osm,43.4574458,-3.8450775,2026-05-18
Peluquería Josely,Santander,Cantabria,+34942375455,,,,osm,43.4606617,-3.8225615,2026-05-18
Peluquería Juan Carlos,Santander,Cantabria,+34942372141,,,,osm,43.4623922,-3.8185212,2026-05-18
Ebony Samboy,Santander,Cantabria,+34658501974,,,,osm,43.4597121,-3.8169693,2026-05-18
Peluquería Luis Saiz,Santander,Cantabria,+34942370164,,,http://www.peluquerialuissaiz.com,osm,43.4650621,-3.8173359,2026-05-18
Peluquería Class,Santander,Cantabria,+34942236676,,,,osm,43.4612671,-3.8193348,2026-05-18
Peluquería Modesto,Santander,Cantabria,+34942338420,,,,osm,43.4598465,-3.8236145,2026-05-18
Peluquería Montse Oria,Santander,Cantabria,+34942313531,,,,osm,43.4697016,-3.8055482,2026-05-18
Peluquería Nuria Pando,Santander,Cantabria,+34942214539,,,,osm,43.4538448,-3.8216654,2026-05-18
Peluquería Ruisoto,Santander,Cantabria,+34942375451,,,,osm,43.4638357,-3.8150296,2026-05-18
Peluquería Salón Color,Santander,Cantabria,+34942321486,,,,osm,43.4603275,-3.851339,2026-05-18
Ch Estilistas,Santander,Cantabria,+34942109156,,,,osm,43.4687143,-3.8285516,2026-05-18
Peluquería Tirilonte,Santander,Cantabria,+34942346210,,,,osm,43.4574383,-3.8452446,2026-05-18
Glow by Julia,Santander,Cantabria,,,,,osm,43.4594897,-3.8261265,2026-05-18
Peluquería Unisex R&C,Santander,Cantabria,+34942223344,,,,osm,43.4644514,-3.7965859,2026-05-18
Peluquería Vanesa Alonso,Santander,Cantabria,+34942372314,,,,osm,43.4630706,-3.8142739,2026-05-18
Peluquería Vanessa Sainz,Santander,Cantabria,+34942372097,,,,osm,43.4606883,-3.8193448,2026-05-18
Peluquería Vip's,Santander,Cantabria,+34942281101,,,,osm,43.4663976,-3.7876033,2026-05-18
Peluquería Wonder Selectif,Santander,Cantabria,+34942074248,,,,osm,43.4607612,-3.8188019,2026-05-18
Peluquería Wonder,Santander,Cantabria,+34942072290,,,,osm,43.458431,-3.8423814,2026-05-18
Wonder,Santander,Cantabria,+34942760080,,,,osm,43.4620672,-3.8108211,2026-05-18
Peluquería Yarey,Santander,Cantabria,+34942070508,,,,osm,43.4589464,-3.82077,2026-05-18
Peluquería Zazu,Santander,Cantabria,+34942074917,,,,osm,43.4541534,-3.8204366,2026-05-18
Peluquería del Campo,Santander,Cantabria,+34942232450,,,,osm,43.4620503,-3.8192496,2026-05-18
Peluquería y Estética Luna,Santander,Cantabria,+34942223709,,,http://www.lunaestilistas.com,osm,43.463389,-3.8095385,2026-05-18
Peluquería y Estética Reflejos,Santander,Cantabria,+34942332989,,,,osm,43.4584455,-3.8462123,2026-05-18
Peluquerías Figuero,Santander,Cantabria,+34942216498,,,,osm,43.4623576,-3.8083211,2026-05-18
Pilar Santamaría,Santander,Cantabria,+34942233119,,,,osm,43.4590804,-3.8232036,2026-05-18
Pluto,Santander,Cantabria,+34942371433,,,,osm,43.4651836,-3.8142768,2026-05-18
Premier,Santander,Cantabria,+34942032155,pedidos@premierdistribuciones.com,,,osm,43.4600004,-3.809241,2026-05-18
R' Difusion Peluqueros,Santander,Cantabria,+34942236616,,,https://www.rdifusion.es/,osm,43.4622785,-3.812806,2026-05-18
Rosana Fuente,Santander,Cantabria,+34942322942,,,,osm,43.4618352,-3.8215726,2026-05-18
Ruth Estilistas,Santander,Cantabria,+34942079229,,,,osm,43.4458496,-3.8480508,2026-05-18
Sarco Rizos Estilistas,Santander,Cantabria,+34942371318,,,,osm,43.4597714,-3.8152493,2026-05-18
Sielen Peluqueros,Santander,Cantabria,+34942078280,,,http://www.sielenpeluqueros.com,osm,43.4632231,-3.8061643,2026-05-18
Solo Profesional,Santander,Cantabria,+34942070436,,,,osm,43.4616115,-3.8151916,2026-05-18
Sylvia Fernández,Santander,Cantabria,+34942764888,,,,osm,43.4590753,-3.819858,2026-05-18
Titos & Manuel,Santander,Cantabria,+34942223869,,,,osm,43.4630013,-3.7989175,2026-05-18
Valeriano Peluquería,Santander,Cantabria,+34942336055,,,http://www.valerianopeluqueria.cjb.net,osm,43.4628605,-3.8394889,2026-05-18
Wap@s Estilistas,Santander,Cantabria,+34942057272,,,http://www.wapasestilistas.com,osm,43.4558891,-3.8531004,2026-05-18
Ángel Peral,Santander,Cantabria,+34942372467,,,,osm,43.4620307,-3.8131835,2026-05-18
Susana Hoces,Sestao,Euskadi,,,,,osm,43.301837,-3.0334494,2026-05-18
Violet Stilistas,Orihuela,Comunitat Valenciana,,,,,osm,38.0837461,-0.9468691,2026-05-18
Chelo Peluquería,Picanya,Comunitat Valenciana,,,,,osm,39.4325766,-0.4355562,2026-05-18
Cabellostylo venta productos peluqueria,Santa Cruz de Tenerife,Canarias,,,,,osm,28.4742428,-16.2501675,2026-05-18
Peluquería Graciela,Orihuela,Comunitat Valenciana,,,,,osm,38.0810923,-0.9447307,2026-05-18
Peluquería y estética Chic,Orihuela,Comunitat Valenciana,,,,,osm,38.0809588,-0.9441683,2026-05-18
Mayte Peluqueros,Orihuela,Comunitat Valenciana,,,,,osm,38.0814294,-0.9439913,2026-05-18
Peluquería Trini y Asun,Orihuela,Comunitat Valenciana,,,,,osm,38.079598,-0.9444678,2026-05-18
Salón de belleza Erian,Orihuela,Comunitat Valenciana,,,,,osm,38.0799386,-0.9434869,2026-05-18
Vega,Burgos,Castilla y León,,,,,osm,42.3466735,-3.682512,2026-05-18
Margari,Espinosa de los Monteros,Castilla y León,,,,,osm,43.0761067,-3.5525953,2026-05-18
Peluquería caballeros NID,San Fernando de Henares,Madrid,,,,,osm,40.4281043,-3.5296569,2026-05-18
Unika,San Fernando de Henares,Madrid,,,,,osm,40.4256809,-3.5287487,2026-05-18
Ay pink,Santa Cruz de Tenerife,Canarias,,,,,osm,28.4667675,-16.2554932,2026-05-18
Idafe,Santa Cruz de Tenerife,Canarias,,,,,osm,28.4663213,-16.255992,2026-05-18
Jorge Galán,Santa Cruz de Tenerife,Canarias,,,,,osm,28.4668139,-16.2561045,2026-05-18
Pino Estilista,Santa Cruz de Tenerife,Canarias,,,,,osm,28.4669962,-16.2582109,2026-05-18
Satriale's,Santa Cruz de Tenerife,Canarias,,,,,osm,28.4664928,-16.2557344,2026-05-18
Denahisa,Santa Cruz de Tenerife,Canarias,,,,,osm,28.4879256,-16.3186974,2026-05-18
Peluquería Mari,Orihuela,Comunitat Valenciana,,,,,osm,38.0792683,-0.9435877,2026-05-18
Sapphira Peluquería y Estética,Toledo,Toledo,+34925254936,,,,osm,39.8697069,-4.0213133,2026-05-18
Peluquería canina Koketos,Toledo,Toledo,+34925216037,,,https://plus.google.com/114392625185480039160/about?hl=es,osm,39.862548,-4.0248253,2026-05-18
La Pelu,Burgos,Castilla y León,,,,,osm,42.3516477,-3.669443,2026-05-18
Cool & Chic,Burgos,Castilla y León,,,,,osm,42.350088,-3.6689904,2026-05-18
3 Chic,Burgos,Castilla y León,,,,,osm,42.3499813,-3.6678122,2026-05-18
Ballester,Burgos,Castilla y León,,,,,osm,42.3498386,-3.6692586,2026-05-18
Asia,Burgos,Castilla y León,,,,,osm,42.3510165,-3.6740315,2026-05-18
Fanny,Burgos,Castilla y León,,,,,osm,42.3516579,-3.6730382,2026-05-18
Mabelsa,Burgos,Castilla y León,,,,,osm,42.3510494,-3.674291,2026-05-18
Niágara,Burgos,Castilla y León,,,,,osm,42.3511245,-3.6738162,2026-05-18
Noelia González,Burgos,Castilla y León,,,,,osm,42.3528982,-3.6702026,2026-05-18
Gottier II,Leganés,Madrid,,,,,osm,40.3353755,-3.7676296,2026-05-18
Molina Peluquería & Estética,Madrid,Madrid,+34914309738,,,https://molinapeluqueros.com/,osm,40.4096175,-3.6491684,2026-05-18
Elite Estilistas,Madrid,Madrid,,,,,osm,40.4109575,-3.6520489,2026-05-18
Valverde,Granada,Andalucía,,,,,osm,37.2214577,-3.5928869,2026-05-18
-,Pájara,Canarias,,,,,osm,28.0504503,-14.3527747,2026-05-18
Salón Latinos,Burgos,Castilla y León,,,,,osm,42.3439131,-3.6936455,2026-05-18
Larra,Irun,Euskadi,,,,,osm,43.3410804,-1.776252,2026-05-18
MCA,Irun,Euskadi,,,,,osm,43.3395563,-1.7836874,2026-05-18
María Alves Peluquería y Estética,Madrid,Madrid,+34917728703,,,http://mariaalvespeluqueria.com,osm,40.4095115,-3.6502354,2026-05-18
Peluquería Rocas Rojas,San Bartolomé de Tirajana,Canarias,+34663983653,rocasrojaspeluqueros@gmail.com,,https://rocas-rojas-peluqueros.negocio.site/,osm,27.7724042,-15.5425511,2026-05-18
Barber Shop Estyle,Barcelona,Barcelona,,,,,osm,41.4054605,2.177889,2026-05-18
Txema-Inés,Valle de Trápaga-Trapagaran,Euskadi,,,,,osm,43.3043162,-3.0367948,2026-05-18
Cloe centro de belleza,San Fernando,Andalucía,,,,,osm,36.4619712,-6.2039323,2026-05-18
Peluquería Cristina Cruceira,San Fernando,Andalucía,,,,,osm,36.4621512,-6.2035878,2026-05-18
Maddi,Irun,Euskadi,,,,,osm,43.3396886,-1.7845867,2026-05-18
María Elena,Irun,Euskadi,,,,,osm,43.3400263,-1.7833025,2026-05-18
Maxi'm Peluqueros,Valle de Trápaga-Trapagaran,Euskadi,+34944924664,,,,osm,43.3038301,-3.0360136,2026-05-18
Curto perruquers,Tortosa,Catalunya,,,,,osm,40.7641144,0.5566077,2026-05-18
Luxe,Tortosa,Catalunya,,,,,osm,40.7619729,0.5509561,2026-05-18
Kall's,Tortosa,Catalunya,,,,,osm,40.7614661,0.5536271,2026-05-18
Prisma,Burgos,Castilla y León,,,,,osm,42.3503403,-3.6700343,2026-05-18
Hnas. García,Villarcayo de Merindad de Castilla la Vieja,Castilla y León,,,,,osm,42.9383751,-3.5728935,2026-05-18
Play,Girona,Catalunya,,,,,osm,41.9806414,2.8146868,2026-05-18
Peluquería Erika,Orihuela,Comunitat Valenciana,,,,,osm,38.0807563,-0.9418272,2026-05-18
Miriam,Toledo,Castilla-La Mancha,,,,,osm,39.8648393,-4.0227559,2026-05-18
Inés y Óscar,Ágreda,Castilla y León,,,,,osm,41.8545509,-1.9212702,2026-05-18
Shaddai,Madrid,Madrid,,,,,osm,40.4571697,-3.6995744,2026-05-18
Dynamic Look,Madrid,Madrid,,,,,osm,40.456374,-3.6919974,2026-05-18
Il mio salone,Paracuellos de Jarama,Madrid,+34916674812,,,https://www.ilmiosalone.com/,osm,40.5011172,-3.5116503,2026-05-18
Agua Azul,San Fernando de Henares,Madrid,,,,,osm,40.4248899,-3.5296013,2026-05-18
Donna,San Fernando de Henares,Madrid,,,,,osm,40.4177768,-3.5252992,2026-05-18
Asber Estilistas,San Fernando de Henares,Madrid,,,,,osm,40.4187367,-3.523778,2026-05-18
Mónica Roldán,Cabezón de la Sal,Cantabria,,,,,osm,43.3079383,-4.2376205,2026-05-18
Sante,Cabezón de la Sal,Cantabria,,,,,osm,43.3079974,-4.2336684,2026-05-18
Gustavo Carreño Estilismo,Madrid,Madrid,,,,,osm,40.4054393,-3.6446752,2026-05-18
Val Souza Estilistas,Madrid,Madrid,+34625442900,,,https://valsouzaestilistas.com,osm,40.408935,-3.7052743,2026-05-18
C&C Academía de Peluquería,Toledo,Toledo,,,,,osm,39.8683666,-4.0224429,2026-05-18
Gala Peluquería,Toledo,Toledo,,,,http://www.galapeluquerias.com/,osm,39.8613932,-4.0250376,2026-05-18
Peluquería de caballeros Santiago Gallardo,San Fernando de Henares,Madrid,,,,,osm,40.4270612,-3.532053,2026-05-18
Por los Pelos Peluqueros,San Fernando de Henares,Madrid,,,,,osm,40.4272465,-3.5319629,2026-05-18
Centro de Estética Mª Jesús Soriano,Toledo,Toledo,+34925257617,,,http://www.gabinetedeesteticamariajesussoriano.es/,osm,39.8687233,-4.0234822,2026-05-18
Keinu,Valle de Trápaga-Trapagaran,Euskadi,+34944922425,,,,osm,43.3041272,-3.0366329,2026-05-18
Sonia Estilistas,València,Comunitat Valenciana,,,,,osm,39.489236,-0.39106,2026-05-18
"Peluquería Santana Peluqueros Hair&Art, Alicante",Alacant / Alicante,Comunitat Valenciana,+34965151583,,,https://www.santanapeluqueros.com/,osm,38.3717219,-0.4148749,2026-05-18
Cartiers,Burgos,Castilla y León,,,,,osm,42.3494418,-3.6955108,2026-05-18
Marco Santos Peluquero,Toledo,Toledo,+34925225889,,,,osm,39.8591806,-4.0226949,2026-05-18
Cortebelo,Burgos,Castilla y León,,,,,osm,42.3472031,-3.6886468,2026-05-18
Amanacer,Madrid,Madrid,,,,,osm,40.4207987,-3.613399,2026-05-18
Luisa Morales,Madrid,Madrid,,,,,osm,40.4197287,-3.6148608,2026-05-18
Yoli,Madrid,Madrid,+34678340286,,,,osm,40.3913835,-3.7125983,2026-05-18
Avenida,Madrid,Madrid,+34914111691,,,http://www.avenidapeluqueros.com/,osm,40.4387881,-3.6759446,2026-05-18
División,Madrid,Madrid,+34915637314,,,https://www.divisionpeluqueros.com/,osm,40.4388733,-3.6757991,2026-05-18
Jade,Madrid,Madrid,,,,,osm,40.4240919,-3.7064695,2026-05-18
Susy 2,O Porriño,Galicia,,,,,osm,42.1580594,-8.6206701,2026-05-18
Freda,Madrid,Madrid,+34915224456,info@peluqueriafreda.com,,http://www.peluqueriafreda.com/,osm,40.4217533,-3.7052602,2026-05-18
Diverso,Torrejón de Ardoz,Madrid,,,,,osm,40.4579938,-3.4515526,2026-05-18
Mima't,Sant Vicenç dels Horts,Catalunya,,,,,osm,41.3904954,2.0127847,2026-05-18
Marta Peluquería,Pamplona / Iruña,Navarra,,,,,osm,42.787083,-1.691368,2026-05-18
Erzu,Pamplona / Iruña,Navarra,,,,,osm,42.7847093,-1.6904743,2026-05-18
Carolina,Madrid,Madrid,,,,,osm,40.4241322,-3.7092855,2026-05-18
Peluquería Tony's,Granada,Granada,,,,,osm,37.1541458,-3.6041291,2026-05-18
D Tres,Madrid,Madrid,,,,,osm,40.4236561,-3.7065685,2026-05-18
Hair Art,Costa del Silencio,Canarias,+34617096119,,,,osm,28.0112855,-16.6407584,2026-05-18
Twenty One,Barcelona,Catalunya,,,,,osm,41.3979532,2.1292884,2026-05-18
Salon De Juego,Bilbao,Euskadi,,,,,osm,43.2618197,-2.926573,2026-05-18
Lanka,Madrid,Madrid,,,,,osm,40.4238981,-3.7099009,2026-05-18
Carme Serrat,Aiguafreda,Catalunya,+34938440858,,,,osm,41.7678914,2.2506678,2026-05-18
klip's Bea Vega,Centelles,Catalunya,,,,,osm,41.7690133,2.2490127,2026-05-18
Dabiz,Madrid,Madrid,+34663022354,,,,osm,40.4283731,-3.7059733,2026-05-18
Raffel Pages,Barcelona,Catalunya,,,,,osm,41.3975078,2.1280119,2026-05-18
Eduardo MUST Calderón,Bilbao,Euskadi,,,,https://mustcalderon.com/,osm,43.2627558,-2.9444398,2026-05-18
Almudena Barbosa,A Guarda,Galicia,,,,,osm,41.9021736,-8.8721019,2026-05-18
Peluquería Mary Carmen,A Guarda,Galicia,,,,,osm,41.9010486,-8.8735937,2026-05-18
Peluquería Ana Adrover,A Guarda,Galicia,,,,,osm,41.9014824,-8.8709573,2026-05-18
Peluquería masculina Víctor Pazos,A Guarda,Galicia,,,,,osm,41.9020128,-8.8730448,2026-05-18
Peluquería Holga,A Guarda,Galicia,,,,,osm,41.9018564,-8.8736743,2026-05-18
Mingliu,Madrid,Madrid,,,,,osm,40.4212791,-3.7064303,2026-05-18
Peluquería MF,Cáceres,Extremadura,,,,,osm,39.4587703,-6.3799972,2026-05-18
Blanco & Negro,Cáceres,Extremadura,+34927292213,,,,osm,39.4533345,-6.3787593,2026-05-18
Alfonso Marcos,Salamanca,Castilla y León,,,,,osm,40.9689807,-5.6731169,2026-05-18
Peluqueria Joaquin,Castellar del Vallès,Catalunya,,,,,osm,41.574658,2.089584,2026-05-18
Peluquería Core y Color,Toledo,Toledo,+34692458610,,,,osm,39.8620646,-4.0035393,2026-05-18
Santé & Beauté,Madrid,Madrid,,,,,osm,40.4209325,-3.7055653,2026-05-18
MM25,Madrid,Madrid,+34914485702,,,https://www.mm25peluqueros.es/,osm,40.4286702,-3.7043595,2026-05-18
Barberia,Barcelona,Catalunya,,,,,osm,41.3851268,2.0756824,2026-05-18
Perruqueria Montse,Aiguafreda,Catalunya,,,,,osm,41.7670011,2.2510759,2026-05-18
Salón Riguero Rodas,Bermeo,Euskadi,,,,,osm,43.367905,-2.6946798,2026-05-18
Alejo,Lugo,Galicia,,,,,osm,43.0200458,-7.5629669,2026-05-18
Sencar,O Porriño,Galicia,,,,,osm,42.1600829,-8.6196676,2026-05-18
21 The barber shop,O Porriño,Galicia,,,,,osm,42.160249,-8.6196367,2026-05-18
Status,Madrid,Madrid,,,,,osm,40.4257303,-3.7095928,2026-05-18
Area 9,Madrid,Madrid,+34646902787,,,,osm,40.4268851,-3.7091299,2026-05-18
Oh La La,Madrid,Madrid,,,,,osm,40.4241374,-3.703634,2026-05-18
Nuevo Estilo,Burgos,Castilla y León,,,,,osm,42.349873,-3.662192,2026-05-18
Amalia Barros,A Coruña,Galicia,,,,,osm,43.3421903,-8.4034219,2026-05-18
Carmen Hidalgo,Alaró,Illes Balears,+34971510610,,,,osm,39.704652,2.7901093,2026-05-18
Perruquería Digna,Santa Comba,Galicia,,,,,osm,42.9908081,-8.874071,2026-05-18
Peluquería Juan Salces,Montalbán de Córdoba,Andalucía,,,,,osm,37.5808091,-4.7507309,2026-05-18
Nova Centro Peluquería,Toledo,Toledo,+34925251325,,,http://www.novacentro.es/,osm,39.8692315,-4.0242969,2026-05-18
Peluquería Caballeros F&L,Montalbán de Córdoba,Andalucía,,,,,osm,37.581161,-4.7514715,2026-05-18
Galliani Milano,Toledo,Toledo,+34925211835,,,,osm,39.8724781,-4.026115,2026-05-18
Peluquería Jacobo,Viveiro,Galicia,,,,,osm,43.6620679,-7.5956929,2026-05-18
Polo,Madrid,Madrid,,,,,osm,40.4169038,-3.7084778,2026-05-18
Adara,Cádiz,Andalucía,,,,,osm,36.5100445,-6.2760059,2026-05-18
Peluquería - Depilaciones Saly,Gijón / Xixón,Asturias / Asturies,+34985147218,,,,osm,43.531655,-5.6552743,2026-05-18
Ana Belén,Pamplona / Iruña,Navarra,,,,,osm,42.8052584,-1.6873712,2026-05-18
Peluquería Unisex Eva,Algeciras,Andalucía,+34956631796,,,,osm,36.1341699,-5.4516962,2026-05-18
Antonio Valencia,Algeciras,Andalucía,,,,,osm,36.1345061,-5.450375,2026-05-18
Topbelleza,Algeciras,Andalucía,,,,,osm,36.1342007,-5.4505882,2026-05-18
Carymais,Algeciras,Andalucía,,,,,osm,36.1360962,-5.4545884,2026-05-18
Elia,Salamanca,Castilla y León,,,,,osm,40.9774071,-5.6534587,2026-05-18
Peluquería Estética B y C,Cazorla,Andalucía,,,,,osm,37.9144824,-3.0038379,2026-05-18
Paco Ocaña,Algeciras,Andalucía,+34956632717,,,,osm,36.1356347,-5.4505033,2026-05-18
Gregorio Montesinos,Cartagena,Murcia,,,,,osm,37.6120493,-0.9919917,2026-05-18
PELUQUERÍA DE CABALLEROS MARTÍN,Peal de Becerro,Andalucía,,,,,osm,37.9138278,-3.1175764,2026-05-18
La Esencia,Arroyo Frío,Andalucía,,,,,osm,37.946051,-2.9207875,2026-05-18
PELUQUERIA MARIBEL,Peal de Becerro,Andalucía,,,,,osm,37.9125234,-3.1171057,2026-05-18
PELUQUERIA NOELIA,Peal de Becerro,Andalucía,,,,,osm,37.9121254,-3.1170408,2026-05-18
PELUQUERIA Y ESTETICA HENNA,Peal de Becerro,Andalucía,,,,,osm,37.9140402,-3.1120544,2026-05-18
Caballeros Mayenco,Peal de Becerro,Andalucía,,,,,osm,37.9132815,-3.1256132,2026-05-18
"Peluquería Unisex ""Yolanda""",Peal de Becerro,Andalucía,,,,,osm,37.9158168,-3.1135831,2026-05-18
Centro de Estética y Masaje Dermal,Cazorla,Andalucía,+34953710424,,,,osm,37.9116109,-3.0000804,2026-05-18
Salón de Belleza Nueva Imagen,Cazorla,Andalucía,+34953721906,,,,osm,37.9115288,-3.0001061,2026-05-18
Salón de Belleza Rocío y Concha,Cazorla,Andalucía,+34953720618,,,,osm,37.9113682,-3.0016673,2026-05-18
Rosa,Sarrià de Ter,Catalunya,,,,,osm,42.0145017,2.8176785,2026-05-18
Centro de Estética,Cazorla,Andalucía,,,,,osm,37.9138764,-3.0033776,2026-05-18
Peluquería Estilismo,Cazorla,Andalucía,,,,,osm,37.9145896,-3.0038972,2026-05-18
Peluquería Mª Ángeles,Cazorla,Andalucía,,,,,osm,37.9167375,-3.0046961,2026-05-18
Peluquería Slyle,Cazorla,Andalucía,,,,,osm,37.9163053,-3.0049746,2026-05-18
Peluquería y Estética Pilar Aibar,Cazorla,Andalucía,,,,,osm,37.9185479,-3.0055133,2026-05-18
Peluquería Lourdes,Cazorla,Andalucía,+34953721558,,,,osm,37.9127685,-3.0022422,2026-05-18
Peluquería Paqui,Cazorla,Andalucía,+34953710416,,,,osm,37.914122,-3.0001351,2026-05-18
Peluquería Toñi,Cazorla,Andalucía,+34953720237,,,,osm,37.9129055,-3.0021384,2026-05-18
Peluquería Unisex Venus,Cazorla,Andalucía,+34953720946,,,,osm,37.9121162,-3.0023527,2026-05-18
Ascen,Peal de Becerro,Andalucía,,,,,osm,37.9113029,-3.1223827,2026-05-18
Belleza y Estética Aura,Cazorla,Andalucía,,,,,osm,37.916574,-3.0058892,2026-05-18
Centro de Belleza Posadas,Quesada,Andalucía,,,,,osm,37.844606,-3.0670093,2026-05-18
Peluquería Francis y Daniel,Cazorla,Andalucía,,,,,osm,37.9157613,-3.0048195,2026-05-18
Peluquería y estética,Cazorla,Andalucía,+34953720828,,,,osm,37.9136954,-3.0025805,2026-05-18
Los Arcos,Quesada,Andalucía,,,,,osm,37.8468607,-3.067764,2026-05-18
Centro Peluquería Estética Balayage,Peal de Becerro,Andalucía,,,,,osm,37.9144499,-3.1196276,2026-05-18
Peluquería Pilar Martín,Aspe,Comunitat Valenciana,,,,,osm,38.347408,-0.76228,2026-05-18
Centro de Belleza Merce,Quesada,Andalucía,,,,,osm,37.8438751,-3.0669287,2026-05-18
Peluqueria Juani,Quesada,Andalucía,,,,,osm,37.8459253,-3.0659122,2026-05-18
Peluqueria José Ángel,Quesada,Andalucía,,,,,osm,37.8446745,-3.0661303,2026-05-18
Peluquería Noni,Quesada,Andalucía,,,,,osm,37.8445572,-3.0659388,2026-05-18
Organiza Studio coquette,Cartagena,Murcia,,,,,osm,37.6078419,-0.9900334,2026-05-18
Barbería Ramiro,el Pont de Suert,Catalunya,,,,,osm,42.4084318,0.7410818,2026-05-18
Rebeca,Madrid,Madrid,+34915234908,,,https://www.salonderebeca.es/,osm,40.422746,-3.7060991,2026-05-18
Peluquería Reli,Albacete,Castilla-La Mancha,,,,,osm,38.9882938,-1.854225,2026-05-18
Dolce Vita,Ferrol,Galicia,,,,,osm,43.4922899,-8.2018336,2026-05-18
Elizondo,Irun,Euskadi,,,,,osm,43.3386416,-1.7886995,2026-05-18
Minny,Irun,Euskadi,,,,,osm,43.3396942,-1.7851817,2026-05-18
Zengo,Tarragona,Catalunya,+34977248593,,,,osm,41.1230308,1.2363548,2026-05-18
Nuevo estilo,Peal de Becerro,Andalucía,,,,,osm,37.9118614,-3.1197013,2026-05-18
Nova Imatge,Girona,Catalunya,,,,,osm,41.9777141,2.8107377,2026-05-18
Paul Joe,Girona,Catalunya,,,,,osm,41.9773271,2.8105953,2026-05-18
Mallenco,Cazorla,Andalucía,,,,,osm,37.9131942,-3.0026506,2026-05-18
Renova't,Girona,Catalunya,,,,,osm,41.9750198,2.814513,2026-05-18
Peluquería de caballero,Madrid,Madrid,,,,,osm,40.3653147,-3.60061,2026-05-18
Fortià,Girona,Catalunya,,,,,osm,41.9797885,2.8149225,2026-05-18
Matin,Madrid,Madrid,,,,,osm,40.3956186,-3.6229667,2026-05-18
Aigua,Girona,Catalunya,,,,,osm,41.9819223,2.8142502,2026-05-18
Dona's,Girona,Catalunya,,,,,osm,41.981465,2.8144099,2026-05-18
Susi Gimeno,Girona,Catalunya,,,,,osm,41.9824256,2.8121395,2026-05-18
Perruqueria Remei,Granollers,Catalunya,,,,,osm,41.606688,2.283838,2026-05-18
Peluquería Silva,Colunga,Asturias / Asturies,,,,,osm,43.4847032,-5.2726345,2026-05-18
Nueva Forma,Bilbao,Euskadi,,,,,osm,43.2547991,-2.9116541,2026-05-18
Pradas,Bilbao,Euskadi,,,,,osm,43.2547535,-2.9115996,2026-05-18
Sánchez,Bilbao,Euskadi,,,,,osm,43.2549262,-2.9139043,2026-05-18
Taller Marco Aldany,Madrid,Madrid,,,,https://www.marcoaldany.com/,osm,40.4225068,-3.7054431,2026-05-18
Ikaro,Madrid,Madrid,,,,,osm,40.3987,-3.6224211,2026-05-18
Ivory,Madrid,Madrid,,,,,osm,40.3981425,-3.6230619,2026-05-18
Hnos. Díaz,Madrid,Madrid,,,,,osm,40.3990396,-3.6215924,2026-05-18
Venus Estilistas,Leganés,Madrid,,,,,osm,40.3331327,-3.7615193,2026-05-18
MF,Girona,Catalunya,,,,,osm,41.9752279,2.8135265,2026-05-18
Are you ready?,Madrid,Madrid,+34911693758,,,https://www.areyouready.es/,osm,40.4194791,-3.7095273,2026-05-18
Javier Quintanero,Madrid,Madrid,+34915518442,jq@jqestilistas.com,,https://www.javierquintanero.com/,osm,40.4191385,-3.7099011,2026-05-18
Paris,Cazorla,Andalucía,,,,,osm,37.9129785,-3.0032529,2026-05-18
Clama,Madrid,Madrid,,,,,osm,40.4073149,-3.6744248,2026-05-18
Caty,Madrid,Madrid,,,,,osm,40.402663,-3.6201429,2026-05-18
Pou i Ventura,Girona,Catalunya,,,,,osm,41.9817344,2.8164489,2026-05-18
4 Cantons,Girona,Catalunya,,,,,osm,41.9827635,2.8155007,2026-05-18
Peluquería I & S,Madrid,Madrid,,,,,osm,40.4070818,-3.6717874,2026-05-18
Peluquería Imagen,Madrid,Madrid,,,,,osm,40.4047166,-3.6763161,2026-05-18
Color Up,Girona,Catalunya,,,,,osm,41.982307,2.8175216,2026-05-18
El Mirall,Girona,Catalunya,,,,,osm,41.9833668,2.8157072,2026-05-18
Carmen Ortega Peluquería,Huétor Tájar,Andalucía,,,,,osm,37.1976215,-4.0450993,2026-05-18
Flor de Lis,Sestao,Euskadi,+34944618362,,,,osm,43.3232716,-3.0255602,2026-05-18
Peluquería Hermanas Puente,Cazorla,Andalucía,,,,,osm,37.9113349,-3.003426,2026-05-18
Peluqueria DIVAY,Cazorla,Andalucía,,,,,osm,37.9099121,-3.0020003,2026-05-18
Peluquería Fábrega,Cazorla,Andalucía,,,,,osm,37.9103452,-3.0025932,2026-05-18
Peluqueria Prometeo,València,Comunitat Valenciana,,,,,osm,39.5445988,-0.3935791,2026-05-18
Peluqueria Rosa Elena,Cazorla,Andalucía,,,,,osm,37.9108224,-3.0029321,2026-05-18
Max Wapa,Madrid,Madrid,,,,,osm,40.4567353,-3.7021803,2026-05-18
Barber Simo,Madrid,Madrid,,,,,osm,40.4570503,-3.7019732,2026-05-18
Estetica Avanzada Depibell@,Cazorla,Andalucía,,,,,osm,37.9137855,-3.0062687,2026-05-18
Peluquería El Pasaje,Cazorla,Andalucía,,,,,osm,37.9130027,-3.0036289,2026-05-18
Matías Sanz,Alcalá de Henares,Madrid,+34918809722,,,,osm,40.4833358,-3.367735,2026-05-18
Eva Pellejero,Zaragoza,Aragón,,,,,osm,41.6498341,-0.8821677,2026-05-18
Richard's,A Coruña,Galicia,,,,,osm,43.3410438,-8.4045601,2026-05-18
Barbería Matogrande,A Coruña,Galicia,,,,,osm,43.3415399,-8.4051088,2026-05-18
Maryl,A Coruña,Galicia,,,,http://peluqueriasmaryl.com/,osm,43.3404032,-8.4057961,2026-05-18
MG,A Coruña,Galicia,,,,,osm,43.3404043,-8.4035376,2026-05-18
Monica,Vilalba,Galicia,,,,,osm,43.2999397,-7.6772874,2026-05-18
Oriente,Vilalba,Galicia,,,,,osm,43.3000832,-7.6774626,2026-05-18
2000,Vilalba,Galicia,,,,,osm,43.2998919,-7.6779105,2026-05-18
Peluqueros Juan José,Madrid,Madrid,,,,,osm,40.461134,-3.7080621,2026-05-18
La amistad,Torrejón de la Calzada,Madrid,,,,,osm,40.2419011,-3.7713019,2026-05-18
Magic Hands Peluquería y estética Unisex,Getafe,Madrid,,,,,osm,40.2884514,-3.748428,2026-05-18
Alysa,Salamanca,Castilla y León,,,,,osm,40.9688558,-5.6475863,2026-05-18
Nani,Burgos,Castilla y León,,,,,osm,42.344004,-3.6919506,2026-05-18
Flash Stylo,Madrid,Madrid,,,,,osm,40.3767765,-3.7504307,2026-05-18
Beny Sanz,Madrid,Madrid,,,,,osm,40.4587421,-3.673811,2026-05-18
Cohoem,Madrid,Madrid,,,,,osm,40.4583354,-3.6801155,2026-05-18
SV Peluquería,Madrid,Madrid,,,,,osm,40.4572263,-3.6997796,2026-05-18
Barbería Barrio Tetuán,Madrid,Madrid,,,,,osm,40.4572388,-3.7008509,2026-05-18
Sebastiana,Peguera,Illes Balears,,,,,osm,39.5370079,2.4551859,2026-05-18
Peluquería Kriss,Yunquera de Henares,Castilla-La Mancha,,,,,osm,40.7505232,-3.1683013,2026-05-18
Peluquería Rosa,Guadalajara,Castilla-La Mancha,,,,,osm,40.749704,-3.1670882,2026-05-18
Luis & Tachi,Madrid,Madrid,,,,,osm,40.4589305,-3.6846086,2026-05-18
Peluquería Xena,Salamanca,Salamanca,+34654570701,,,,osm,40.96847,-5.6482454,2026-05-18
Virginia Yusta,Salamanca,Castilla y León,,,,,osm,40.9686994,-5.6497824,2026-05-18
R & B Peluqueros Estilistas,Madrid,Madrid,,,,,osm,40.4578585,-3.7119587,2026-05-18
Kapricho,Madrid,Madrid,,,,,osm,40.457395,-3.7099774,2026-05-18
Guillermo Pelukeros,Salamanca,Castilla y León,,,,,osm,40.9676165,-5.6487489,2026-05-18
Rubi,Salamanca,Castilla y León,,,,,osm,40.9672972,-5.6492868,2026-05-18
Grupodos,Burgos,Castilla y León,,,,,osm,42.3518224,-3.6914439,2026-05-18
Espacio VG,"Burgos, Castile y León",Castilla y León,,,,,osm,42.3347205,-3.6979431,2026-05-18
Jean Louis David,Madrid,Madrid,,,,,osm,40.4424816,-3.7021947,2026-05-18
Style,Albacete,Castilla-La Mancha,,,,,osm,38.9984978,-1.8697704,2026-05-18
Estilistas Conloa,Gijón / Xixón,Asturias / Asturies,,,,,osm,43.5181048,-5.6816886,2026-05-18
R&B Estilistas,Albacete,Castilla-La Mancha,,,,,osm,38.9849638,-1.8585323,2026-05-18
G&G,Miranda de Ebro,Castilla y León,,,,,osm,42.6858651,-2.9428392,2026-05-18
Peluquería Tamara,Sestao,Euskadi,,,,,osm,43.2900985,-2.995781,2026-05-18
Eduardo Macera,Salamanca,Castilla y León,,,,,osm,40.9664953,-5.6527175,2026-05-18
Academia Amaya,San Fernando de Henares,Madrid,+34916739697,,,,osm,40.4247719,-3.5302169,2026-05-18
Alfat,Burgos,Castilla y León,,,,,osm,42.3322719,-3.7026896,2026-05-18
Mila Roldán,Albacete,Castilla-La Mancha,,,,,osm,38.9948585,-1.8615981,2026-05-18
RosSan,Albacete,Castilla-La Mancha,,,,,osm,38.9787344,-1.8520441,2026-05-18
Pin Up,Salamanca,Castilla y León,+34923124361,,,,osm,40.9642055,-5.6541462,2026-05-18
Azu's Peluqueros,Leganés,Madrid,,,,,osm,40.2908303,-3.7969503,2026-05-18
Acedo Peluqueros,Sestao,Euskadi,,,,,osm,43.2912497,-2.9932624,2026-05-18
IdeM Peluqueros,Sestao,Euskadi,,,,,osm,43.2915535,-2.9952964,2026-05-18
Peluquería Valen,Leganés,Madrid,,,,,osm,40.2810555,-3.7947798,2026-05-18
Peluquerías Raúl Urbina,Leganés,Madrid,,,,,osm,40.2803256,-3.7955042,2026-05-18
Rasel,Sestao,Euskadi,,,,,osm,43.2935403,-2.989468,2026-05-18
Rafel Pages,Barcelona,Catalunya,,,,,osm,41.4035015,2.2033088,2026-05-18
Laket Peluqueros,Salamanca,Castilla y León,,,,,osm,40.9622968,-5.6527468,2026-05-18
Peluquería Noyka,Leganés,Madrid,,,,,osm,40.2847983,-3.7899941,2026-05-18
Zafirel Peluquería y Estética,Leganés,Madrid,,,,,osm,40.2845673,-3.7900835,2026-05-18
Peluquería Fez,Madrid,Madrid,,,,,osm,40.4596383,-3.7017411,2026-05-18
Peluquería Doble V,Leganés,Madrid,,,,,osm,40.2815893,-3.8032497,2026-05-18
Peluquería Vidal,Leganés,Madrid,,,,,osm,40.2856662,-3.8025503,2026-05-18
Barberia,Lleida,Catalunya,,,,,osm,41.6128466,0.6318396,2026-05-18
Hair Room,Madrid,Madrid,,,,,osm,40.4600235,-3.6998546,2026-05-18
Barahona,Madrid,Madrid,+34914503498,,,,osm,40.4605959,-3.7011007,2026-05-18
Muguet,Campo Real,Madrid,,,,,osm,40.3381735,-3.382038,2026-05-18
Nudos,Albacete,Castilla-La Mancha,,,,,osm,38.9905952,-1.8599298,2026-05-18
Kairos,Albacete,Castilla-La Mancha,+34642055507,,,,osm,38.9910934,-1.8604153,2026-05-18
Peluquería Jose,Hervás,Extremadura,,,,,osm,40.2734829,-5.8601972,2026-05-18
Trenzzas,Madrid,Madrid,,,,,osm,40.4610496,-3.7008764,2026-05-18
Mr 92 Barber shop,Madrid,Madrid,,,,,osm,40.4066973,-3.6508262,2026-05-18
Alex,Madrid,Madrid,,,,,osm,40.4074182,-3.6490975,2026-05-18
Amparo,Madrid,Madrid,,,,,osm,40.4044667,-3.6435336,2026-05-18
Peluqueros,Madrid,Madrid,,,,,osm,40.4611236,-3.7001044,2026-05-18
Mauro,Madrid,Madrid,,,,,osm,40.4614152,-3.7004055,2026-05-18
Maviria,Madrid,Madrid,,,,,osm,40.4072005,-3.6506951,2026-05-18
Belinda Linares,Madrid,Madrid,,,,,osm,40.4069615,-3.650958,2026-05-18
Alegría,Madrid,Madrid,,,,,osm,40.4068635,-3.651194,2026-05-18
Peluquería Iral,Pamplona / Iruña,Navarra,,,,,osm,42.8162752,-1.6630857,2026-05-18
Truko Pelukeros,Pamplona / Iruña,Navarra,,,,,osm,42.8163168,-1.6607369,2026-05-18
Xhick Peluquería,Madrid,Madrid,,,,,osm,40.4108054,-3.6521253,2026-05-18
Merchy Díaz,O Porriño,Galicia,,,,,osm,42.1581015,-8.6176264,2026-05-18
Ar3 Peluquería,Ponferrada,Castilla y León,,,,,osm,42.5528927,-6.6055773,2026-05-18
Color y Moda,Madrid,Madrid,,,,,osm,40.4108606,-3.657731,2026-05-18
Peluquería Aga Stylos,Arroyo de la Miel-Benalmádena Costa,Andalucía,,,,,osm,36.6004161,-4.528764,2026-05-18
Perruqueria Toñi,Sant Vicenç de Montalt,Catalunya,,,,,osm,41.5648513,2.5147526,2026-05-18
Fatima,Guía de Isora,Canarias,,,,,osm,28.202224,-16.82853,2026-05-18
Victor Masip Perruquers,Sant Vicenç de Montalt,Catalunya,,,,,osm,41.5668298,2.5170777,2026-05-18
Perruqueria Nuria Tarragó,Sant Vicenç de Montalt,Catalunya,,,,,osm,41.5670225,2.5188252,2026-05-18
Ancams,Madrid,Madrid,,,,,osm,40.4077948,-3.6540224,2026-05-18
Chamary,Madrid,Madrid,,,,,osm,40.4087506,-3.655385,2026-05-18
Mercy,Santa Cruz de Tenerife,Canarias,,,,,osm,28.5128982,-16.3060097,2026-05-18
Arte Peluqueros,Madrid,Madrid,,,,,osm,40.4879897,-3.662655,2026-05-18
Josep Maria Forn,Barcelona,Catalunya,,,,,osm,41.4031329,2.1724085,2026-05-18
Francisco Moreno,Barcelona,Catalunya,,,,,osm,41.3997534,2.1685285,2026-05-18
El Puerto,Puerto de la Cruz,Canarias,,,,,osm,28.4156771,-16.5515442,2026-05-18
Deara,Puerto de la Cruz,Canarias,,,,,osm,28.4106893,-16.5364091,2026-05-18
Mandelieu,Santa Cruz de Tenerife,Canarias,,,,,osm,28.5036539,-16.1931386,2026-05-18
Mostacho Peluqueros,Madrid,Madrid,,,,,osm,40.4555672,-3.7043258,2026-05-18
Violet,Tacoronte,Canarias,,,,,osm,28.4759828,-16.4168544,2026-05-18
Jordan Peña,Puerto de la Cruz,Canarias,,,,,osm,28.4151349,-16.5518481,2026-05-18
am,Sopela,Euskadi,,,,,osm,43.3797126,-2.9807273,2026-05-18
Barbershop el parcero,Sopela,Euskadi,,,,,osm,43.3803807,-2.9805618,2026-05-18
Peluquería Arance,Madrid,Madrid,,,,,osm,40.4354503,-3.704492,2026-05-18
Blonde,Burgos,Castilla y León,,,,,osm,42.3453673,-3.6947137,2026-05-18
Gloss,Burgos,Castilla y León,,,,,osm,42.3502961,-3.6898398,2026-05-18
González,Madrid,Madrid,,,,,osm,40.4775124,-3.7023699,2026-05-18
Ana Belén,Madrid,Madrid,,,,,osm,40.4032345,-3.6378293,2026-05-18
Centro de Belleza,Alcalá de Henares,Madrid,,,,,osm,40.4580431,-3.4456594,2026-05-18
Martinelli,Madrid,Madrid,,,,,osm,40.4035376,-3.6313241,2026-05-18
Peluquería Paco,San Fernando de Henares,Madrid,,,,,osm,40.417889,-3.5275649,2026-05-18
An&An estilistes,Manresa,Catalunya,,,,,osm,41.7319453,1.8270261,2026-05-18
Lili Salón de estética,Torrejón de la Calzada,Madrid,,,,,osm,40.2343806,-3.7732085,2026-05-18
Nira Stilistas,Leganés,Madrid,,,,,osm,40.2520636,-3.8290919,2026-05-18
Nomada,Sestao,Euskadi,,,,,osm,43.3110601,-3.0043225,2026-05-18
Juliett,Girona,Catalunya,,,,,osm,41.9843315,2.8130579,2026-05-18
Maria Sànchez,Girona,Catalunya,,,,,osm,41.9787644,2.8099635,2026-05-18
Be Cool,Burgos,Castilla y León,,,,,osm,42.3329382,-3.7051995,2026-05-18
Belkis,Madrid,Madrid,+34652538728,,,,osm,40.4860642,-3.6563572,2026-05-18
Barbería Toni,Marinaleda,Andalucía,,,,,osm,37.37072,-4.9600169,2026-05-18
Olmedo Peluqueros,Sevilla,Andalucía,,,,,osm,37.3779712,-6.0098715,2026-05-18
Sanjurjos's Peluqueros,Sevilla,Sevilla,+34954333775,,,,osm,37.3784304,-6.0089752,2026-05-18
Perruqueria Llopis,Vallbona d'Anoia,Catalunya,,,,,osm,41.5187765,1.706398,2026-05-18
Peluquería Míster,Pamplona / Iruña,Navarra,,,,,osm,42.831062,-1.6404023,2026-05-18
La Pelu de Vir,Naron,Galicia,+34881952532,,,https://www.lapeludevir.com/,osm,43.5117032,-8.1793649,2026-05-18
Laura Suárez,Sevilla,Andalucía,,,,,osm,37.376694,-6.0102261,2026-05-18
La Barbería de Triana,Sevilla,Sevilla,+34605861323,,,,osm,37.3805717,-6.0085611,2026-05-18
Peluqueria Lele,Gaucín,Andalucía,,,,,osm,36.5201956,-5.3161404,2026-05-18
Ani,Gaucín,Andalucía,+34952151578,,,,osm,36.5190775,-5.3178588,2026-05-18
Luigi Studio,Sevilla,Sevilla,+34954273809,,,https://www.luigistudio.com/es/,osm,37.378226,-6.002723,2026-05-18
Peluquería y Estética Charo,Granada,Andalucía,,,,,osm,37.2201182,-3.5931382,2026-05-18
Per Tu,Girona,Catalunya,,,,,osm,41.9770476,2.8082185,2026-05-18
peluqueria Richard Fernandez,Llangréu / Langreo,Asturias / Asturies,,,,,osm,43.2882518,-5.6698479,2026-05-18
Sonia,San Fernando de Henares,Madrid,,,,,osm,40.4239985,-3.5372506,2026-05-18
Angelita II,Cartagena,Murcia,,,,,osm,37.6489721,-0.7169077,2026-05-18
Stype,Cartagena,Murcia,,,,,osm,37.6505609,-0.7180738,2026-05-18
Guillamon Perruquers,Vilassar de Mar,Catalunya,+34937595061,,,,osm,41.5010777,2.3859421,2026-05-18
Perruquería Monjor,Vilassar de Mar,Catalunya,+34937595503,,,,osm,41.5002138,2.3861431,2026-05-18
Peluquería Alba,Acebo,Extremadura,,,,,osm,40.2033201,-6.7166527,2026-05-18
Estilos,Lugo,Galicia,,,,,osm,43.0250958,-7.5634934,2026-05-18
Peluquería Miguel,Sevilla la Nueva,Madrid,,,,,osm,40.346301,-4.026248,2026-05-18
Jiame,Girona,Catalunya,,,,,osm,41.9752021,2.8057662,2026-05-18
Conchil,Cala Rajada,Illes Balears,,,,,osm,39.7190526,3.4591156,2026-05-18
Marso Estilo,Santa Cruz de Bezana,Cantabria,,,,,osm,43.4463869,-3.9248343,2026-05-18
María Eugenia,Torrelavega,Cantabria,,,,,osm,43.3391002,-4.0492178,2026-05-18
Burbujitas,Alburquerque,Extremadura,,,,,osm,39.2203928,-7.0014892,2026-05-18
Sonia Barcina,Pamplona / Iruña,Navarra,,,,,osm,42.8055497,-1.6878386,2026-05-18
Peluquería Casasola,Mieres,Asturias / Asturies,,,,,osm,43.2552238,-5.7782461,2026-05-18
Peluquería Jesús,Zaragoza,Aragón,,,,,osm,41.6451433,-0.8744767,2026-05-18
Hair,Cala Rajada,Illes Balears,,,,,osm,39.7124229,3.4590712,2026-05-18
Tupelu,Cala Rajada,Illes Balears,,,,,osm,39.7185965,3.4592692,2026-05-18
Biset,Irun,Euskadi,,,,,osm,43.3395833,-1.7879703,2026-05-18
El teu estil,Girona,Catalunya,,,,,osm,41.9756,2.8040376,2026-05-18
Victoria Herrada,Zaragoza,Aragón,,,,,osm,41.6452202,-0.8782245,2026-05-18
Raquel,Irun,Euskadi,,,,,osm,43.3421639,-1.7865394,2026-05-18
Virginia,Irun,Euskadi,,,,,osm,43.3416361,-1.7866808,2026-05-18
Peluquería y Estilista N&G,Madrid,Madrid,,,,,osm,40.4249039,-3.6070732,2026-05-18
Unisex,La Aljorra,Murcia,,,,,osm,37.6928621,-1.0734853,2026-05-18
Yolanda,Noja,Cantabria,,,,,osm,43.4804379,-3.5227956,2026-05-18
TM,Zaragoza,Aragón,,,,,osm,41.6452748,-0.8800122,2026-05-18
Spejo's Peluqueros,Sevilla,Sevilla,+34954232484,,,,osm,37.3582253,-5.9861054,2026-05-18
Izaro,Abadiño,Euskadi,,,,,osm,43.1730715,-2.5767001,2026-05-18
Peluquería Amado,Padrón,Galicia,,,,,osm,42.7376364,-8.6602952,2026-05-18
Karymo Peluqueros,Padrón,Galicia,,,,,osm,42.738429,-8.6598153,2026-05-18
Z&C Style,Coslada,Madrid,+34914956289,,,http://www.peluqueriayesteticazyc.es,osm,40.427222,-3.5547477,2026-05-18
Capricho,Alcobendas,Madrid,,,,,osm,40.545396,-3.6605638,2026-05-18
Gilmar,Valle Gran Rey,Canarias,,,,,osm,28.0838132,-17.3346233,2026-05-18
Peluquería Víctor,Cornellà de Llobregat,Catalunya,,,,,osm,41.3616382,2.0792343,2026-05-18
Juan Carlos Pavón,Sevilla,Sevilla,+34678929157,,,,osm,37.3770381,-6.0131188,2026-05-18
Peluquería Roma,Cornellà de Llobregat,Catalunya,,,,,osm,41.3615334,2.0785939,2026-05-18
De Celis,Valladolid,Castilla y León,,,,,osm,41.6480506,-4.7462788,2026-05-18
Studio 2,Valladolid,Castilla y León,,,,,osm,41.6502305,-4.7451187,2026-05-18
Loli Ibáñez,Burgos,Castilla y León,,,,,osm,42.3453406,-3.6925031,2026-05-18
Melgosa,Burgos,Castilla y León,+34947215739,,,,osm,42.3474478,-3.6881183,2026-05-18
Martínez,Santiago de Compostela,Galicia,,,,,osm,42.8681016,-8.5613477,2026-05-18
Peluquería HyR,Leganés,Madrid,,,,,osm,40.2827082,-3.8061112,2026-05-18
EasyCut,Santa Maria del Camí,Illes Balears,,,,,osm,39.6506872,2.7723148,2026-05-18
Davín,Candelaria,Canarias,,,,,osm,28.3531429,-16.3702424,2026-05-18
Backstage,Candelaria,Canarias,,,,,osm,28.3532611,-16.3703936,2026-05-18
Sastre Perruquers,Santa María del Camí,Illes Balears,,,,,osm,39.6495587,2.7768054,2026-05-18
Pep Lluis,Santa Maria del Camí,Illes Balears,+34971140900,,,,osm,39.6496346,2.7771924,2026-05-18
Perruqueria Marga,Santa Maria del Camí,Illes Balears,,,,,osm,39.6509535,2.7750409,2026-05-18
Pep Escobar,Santa Maria del Camí,Illes Balears,+34971620133,,,http://pepescobar.com,osm,39.6493752,2.7728562,2026-05-18
Luisa Style Peluquería & Estética Unisex,Santa Maria del Camí,Illes Balears,,,,,osm,39.650518,2.773032,2026-05-18
Perruqueria Beffi,L'Estartit,Catalunya,,,,,osm,42.0538919,3.1968459,2026-05-18
Peluquería Carol,Alaior,Illes Balears,,,,,osm,39.9329059,4.1367943,2026-05-18
Mi Salón,Alaior,Illes Balears,,,,,osm,39.9334611,4.1382881,2026-05-18
Peluquería Karela's,Logroño,La Rioja,,,,,osm,42.4627787,-2.4324907,2026-05-18
Perruqueria i Estètica Laia,Vinaròs,Comunitat Valenciana,,,,,osm,40.5446368,0.4813994,2026-05-18
Perruqueria Jau Agudo,Vinaròs,Comunitat Valenciana,,,,http://www.therichmondstudio.com/,osm,40.5448671,0.4807342,2026-05-18
Mansu,Santa Cruz de Tenerife,Canarias,,,,,osm,28.4688942,-16.2504001,2026-05-18
Sair,Santa Cruz de Tenerife,Canarias,,,,,osm,28.469484,-16.2503425,2026-05-18
Yden,Santa Cruz de Tenerife,Canarias,,,,,osm,28.472546,-16.2488707,2026-05-18
Perruqueria Cristina Carrique,Ripoll,Catalunya,,,,,osm,42.2008482,2.1883031,2026-05-18
Peluquería Azero,Torrejón de la Calzada,Madrid,,,,,osm,40.2351421,-3.7684931,2026-05-18
Perruqueria Manolo,Alaior,Illes Balears,,,,,osm,39.9344205,4.1386675,2026-05-18
Perruqueria Eloy,Alaior,Illes Balears,,,,,osm,39.9332269,4.1395899,2026-05-18
Perruqueria Sion,Alaior,Illes Balears,,,,,osm,39.9332351,4.139535,2026-05-18
La Fabrique,Bilbao,Euskadi,,,,,osm,43.2621173,-2.9227209,2026-05-18
Punt d'Estil,Ripoll,Catalunya,,,,,osm,42.2007223,2.1909157,2026-05-18
El espejo del alma,Torrejón de la Calzada,Madrid,,,,,osm,40.2122825,-3.8493772,2026-05-18
De Equis Igual Peluquería Bilbao,Bilbao Casco Viejo,Euskadi,,,,https://www.deequisigual.com,osm,43.2614475,-2.9223869,2026-05-18
La Familia,Bilbao,Euskadi,,,,,osm,43.2573741,-2.9219963,2026-05-18
Fabrés,Manresa,Catalunya,,,,,osm,41.7475677,1.8035777,2026-05-18
Raúl Peluquero,Llerena,Extremadura,+34924872721,,,,osm,38.2386107,-6.0159516,2026-05-18
Técnica,Llerena,Extremadura,+34924870037,,,,osm,38.2386518,-6.0161272,2026-05-18
Perruqueria Paqui,Alaior,Illes Balears,,,,,osm,39.9343479,4.1388425,2026-05-18
Canela Boutique femenina,Leganés,Madrid,,,,,osm,40.3318409,-3.7619667,2026-05-18
Nenas Centro de belleza,Griñón,Madrid,,,,,osm,40.2141086,-3.855319,2026-05-18
Perruqueria Angela,Alaior,Illes Balears,,,,,osm,39.9329067,4.1398637,2026-05-18
centro de estética y bienestar Julia Peralta,Leganés,Madrid,,,,,osm,40.2575717,-3.8243093,2026-05-18
Vanity Stylists,Leganés,Madrid,,,,,osm,40.2573176,-3.8230813,2026-05-18
Estilistas Nieves San Pedro,Leganés,Madrid,,,,,osm,40.25758,-3.8227857,2026-05-18
Perruqueria Marisa,Alaior,Illes Balears,,,,,osm,39.9360184,4.1383602,2026-05-18
Perruqueria Montse,Alaior,Illes Balears,,,,,osm,39.934844,4.1389086,2026-05-18
Barberia Estética,Alaró,Illes Balears,,,,,osm,39.7055516,2.7894949,2026-05-18
Overflod,Irun,Euskadi,,,,,osm,43.3393743,-1.7919365,2026-05-18
Nerea Ansa,Irun,Euskadi,,,,,osm,43.3392505,-1.7908738,2026-05-18
1 One,Irun,Euskadi,,,,,osm,43.3395525,-1.7883139,2026-05-18
Mari Cruz,Puente la Reina / Gares,Navarra,,,,,osm,42.6717206,-1.8165655,2026-05-18
lp,Alaró,Illes Balears,,,,,osm,39.7073384,2.7894227,2026-05-18
La Barberia,Prats de Lluçanès,Catalunya,,,,,osm,42.0087838,2.030295,2026-05-18
Perruquer Albert Pont,Prats de Lluçanès,Catalunya,,,,,osm,42.0085718,2.0291732,2026-05-18
Perruqueria Bassagaña,Prats de Lluçanès,Catalunya,,,,,osm,42.0085436,2.0295662,2026-05-18
Perruqueria Cristina,Prats de Lluçanès,Catalunya,,,,,osm,42.0090118,2.0319216,2026-05-18
Perruqueria Estilista Silvia,Prats de Lluçanès,Catalunya,,,,,osm,42.008419,2.0293239,2026-05-18
Perruqueria Lídia,Prats de Lluçanès,Catalunya,,,,,osm,42.0086926,2.0279697,2026-05-18
Amanda,Alaró,Illes Balears,,,,,osm,39.705605,2.7922768,2026-05-18
Lyncoln,Arroyo de la Encomienda,Castilla y León,+34983006830,,,,osm,41.6253527,-4.7763552,2026-05-18
Perruqueria Esperança,Alaior,Illes Balears,,,,,osm,39.9322153,4.1385332,2026-05-18
Antoñanzas - Los Gemelos,Burgos,Burgos,+34947242150,,,http://www.antonanzaslosgemelos.es/,osm,42.3512384,-3.6817811,2026-05-18
J.R. Peluqueros,Móstoles,Madrid,,,,https://jrpeluqueros.com/,osm,40.3318066,-3.86487,2026-05-18
Aigua de Lluna,Barcelona,Catalunya,,,,,osm,41.4494052,2.2105697,2026-05-18
Garles Centro de imagen,Montcada i Reixac,Catalunya,+34933852910,,,,osm,41.451174,2.2110153,2026-05-18
Gemma Solano Estilistes,Montcada i Reixac,Catalunya,,,,,osm,41.4510377,2.2105046,2026-05-18
Peluquería Conchi,Mieres,Asturias / Asturies,,,,,osm,43.2547583,-5.7779509,2026-05-18
Mateo peluqueros,Madrid,Madrid,,,,,osm,40.3512901,-3.6944699,2026-05-18
Saloon 79,Madrid,Madrid,,,,,osm,40.3538768,-3.6984971,2026-05-18
IN diferent,Montcada i Reixac,Catalunya,,,,,osm,41.4508425,2.211657,2026-05-18
Maldonado's,Barcelona,Catalunya,,,,,osm,41.4496382,2.2188308,2026-05-18
Código 3,Vigo,Galicia,,,,,osm,42.2272425,-8.7214398,2026-05-18
Ramón Guerri,Zaragoza,Aragón,,,,,osm,41.644787,-0.8827287,2026-05-18
Elena Prado,Sevilla,Andalucía,,,,,osm,37.3930532,-5.9977421,2026-05-18
Juan Delgado,Sevilla,Andalucía,,,,,osm,37.3932477,-5.9977145,2026-05-18
Peluquería Eladio,Sevilla,Andalucía,,,,,osm,37.3931597,-5.997719,2026-05-18
Lebrón,Sevilla,Andalucía,,,,,osm,37.3930198,-5.9986501,2026-05-18
Top Mage,Sevilla,Andalucía,+34954414971,,,,osm,37.3889977,-5.9847221,2026-05-18
Peluquería de señoras Ana Curado,Sevilla,Sevilla,+34954217244,,,,osm,37.3886413,-5.9923934,2026-05-18
Richy's,Sóller,Illes Balears,,,,,osm,39.7967172,2.6978002,2026-05-18
Mundo D'Color,Irun,Euskadi,,,,,osm,43.3409911,-1.7911693,2026-05-18
Sorgin ileapaindeiga,Irun,Euskadi,,,,,osm,43.3385496,-1.7835003,2026-05-18
Yolanda Manterola,Irun,Euskadi,,,,,osm,43.3398806,-1.78626,2026-05-18
Perruqueria Ma. Rosa,L'Estartit,Catalunya,,,,,osm,42.053767,3.1989478,2026-05-18
Pimienta Verde,Santa Coloma de Cervelló,Catalunya,,,,http://www.pimientaverde.es/,osm,41.3674931,2.0181215,2026-05-18
La Barbería del Javi,Santa Coloma de Cervelló,Catalunya,+34629071446,,,http://www.labarberiadejavi.com/,osm,41.3669768,2.0157194,2026-05-18
Nou Estil,Santa Coloma de Cervelló,Catalunya,+34936450328,,,,osm,41.3679784,2.0188768,2026-05-18
Perruqueria Sanz Estetica,Santa Coloma de Cervelló,Catalunya,+34936450349,,,,osm,41.3682583,2.019508,2026-05-18
Tània Perruqueria,Santa Coloma de Cervelló,Catalunya,+34936341862,,,,osm,41.3673815,2.0170032,2026-05-18
DYM Peluqueros,Laguna de Duero,Castilla y León,,,,https://dympeluqueros.com/,osm,41.5886509,-4.7221425,2026-05-18
Peluquería Sudy,Mieres,Asturias / Asturies,,,,,osm,43.2518327,-5.7795811,2026-05-18
Yoli,San Fernando de Henares,Madrid,,,,,osm,40.4272552,-3.5362561,2026-05-18
Antas,Sevilla,Andalucía,,,,,osm,37.3981215,-5.9821472,2026-05-18
Luisa Zavalón,Sevilla,Andalucía,,,,,osm,37.3992079,-5.9834636,2026-05-18
Rosa Penin,Friol,Galicia,,,,,osm,43.0298493,-7.7916242,2026-05-18
Peluquería Jose María,Sevilla,Andalucía,,,,,osm,37.4019885,-5.9837432,2026-05-18
Propelos,Puerto del Rosario,Canarias,,,,,osm,28.4971582,-13.8626539,2026-05-18
Pepa,Sant Vicenç dels Horts,Catalunya,+34679257415,,,,osm,41.4122444,1.9689201,2026-05-18
Reflejos,Puerto del Rosario,Canarias,,,,,osm,28.5325383,-13.932253,2026-05-18
Peluquería Ana,Sevilla,Sevilla,,,,,osm,37.3881412,-5.985752,2026-05-18
Mª Jesús Echeverria,Irun,Euskadi,,,,,osm,43.3395808,-1.7897651,2026-05-18
Rosell Peluquería,Irun,Euskadi,,,,,osm,43.3400468,-1.7913891,2026-05-18
Salón PinUp,Sevilla,Andalucía,,,,,osm,37.3968106,-6.0006384,2026-05-18
Peluqueria del Valle,Sevilla,Andalucía,,,,,osm,37.3972111,-5.9977733,2026-05-18
Peluqueria Teodosio,Sevilla,Andalucía,,,,,osm,37.397247,-5.9977174,2026-05-18
Pilar Pacheco,Sevilla,Andalucía,+34671637980,,,,osm,37.3883719,-6.0027413,2026-05-18
Juan Coello,Santa Cruz de Tenerife,Canarias,+34922202959,,,,osm,28.4615535,-16.2608859,2026-05-18
Peluquería Sandra,Huétor Tájar,Andalucía,,,,,osm,37.1991959,-4.0464791,2026-05-18
New York Style,Sevilla,Sevilla,,,,,osm,37.3899748,-6.0023878,2026-05-18
Romdan Victorio,Sevilla,Sevilla,+34954908799,danielgvictorio@gmail.com,,,osm,37.3913447,-6.002365,2026-05-18
Touzard the Barber,Güímar,Canarias,,,,,osm,28.2958105,-16.374324,2026-05-18
Yaiza & Javi,Güímar,Canarias,,,,,osm,28.2959631,-16.3733171,2026-05-18
Look Cristy,Sevilla,Andalucía,,,,,osm,37.3439836,-5.9818048,2026-05-18
JOAQUÍN MATEO Peluqueros,Sevilla,Sevilla,+34622619572,,,,osm,37.3457624,-5.9809374,2026-05-18
Peluquería y Estética Patricia Style,Salamanca,Castilla y León,,,,,osm,40.9798353,-5.6715413,2026-05-18
Peluquería Caballeros Jma,Leganés,Madrid,,,,,osm,40.2823592,-3.8080726,2026-05-18
Perruqueria Maite Pons,Cervera,Catalunya,,,,,osm,41.6705103,1.2732361,2026-05-18
Peluquería Danni,Leganés,Madrid,,,,,osm,40.2835506,-3.803553,2026-05-18
Peluquería Marilín,Leganés,Madrid,,,,,osm,40.2868122,-3.7968694,2026-05-18
Peluquería Óscar Blanco,Leganés,Madrid,,,,,osm,40.2819541,-3.808776,2026-05-18
Andrea's Style,Burgos,Castilla y León,,,,,osm,42.3468744,-3.6810216,2026-05-18
Haker,Burgos,Castilla y León,,,,,osm,42.3378272,-3.6947059,2026-05-18
Fortia,Girona,Catalunya,,,,,osm,41.9791293,2.8208244,2026-05-18
Peluquería Mari Luz,Salamanca,Castilla y León,,,,,osm,40.9809252,-5.666404,2026-05-18
Wendal,La Muela,Aragón,,,,,osm,41.5794855,-1.1176441,2026-05-18
Peluquería Luis,Salamanca,Castilla y León,,,,,osm,40.976728,-5.6540271,2026-05-18
Cristina hair studio,Burgos,Castilla y León,,,,,osm,42.3311743,-3.7082613,2026-05-18
Fina Perruquers,L'Estartit,Catalunya,,,,,osm,42.0517519,3.1957798,2026-05-18
Ébanni,Alcalá de Henares,Madrid,,,,,osm,40.4945873,-3.359192,2026-05-18
Perruqueria Casals,L'Estartit,Catalunya,,,,,osm,42.0507505,3.1955181,2026-05-18
Juan Ferrer & Hnos.,Calvià,Illes Balears,,,,,osm,39.5484099,2.5966993,2026-05-18
Adam Peluqueros,San Fernando de Henares,Madrid,,,,,osm,40.4247314,-3.547777,2026-05-18
Peluqería Formas,San Fernando de Henares,Madrid,,,,,osm,40.4244159,-3.5459504,2026-05-18
Sandra Rueda estilistas,San Fernando de Henares,Madrid,,,,,osm,40.4240283,-3.5437603,2026-05-18
Mábaka,Salamanca,Castilla y León,,,,,osm,40.9636607,-5.6631136,2026-05-18
Stilo,León,Castilla y León,,,,,osm,42.6037086,-5.5702104,2026-05-18
Peluquería Dym,Salamanca,Castilla y León,,,,,osm,40.976042,-5.6741359,2026-05-18
Damaris,Salamanca,Castilla y León,,,,,osm,40.9763014,-5.6748609,2026-05-18
Bald Monkey,Sevilla,Sevilla,+34954562253,,,,osm,37.3900784,-6.001897,2026-05-18
Bel & Co.,Sevilla,Sevilla,+34954227604,hola@belandco.es,,https://www.belandco.es,osm,37.3901146,-6.0021815,2026-05-18
Ana Muñoz,Bilbao,Euskadi,,,,,osm,43.2704315,-2.9439793,2026-05-18
Gure Barber Shop,Bilbao,Vizcaya,+34946967586,,,https://gurebarbershop.com,osm,43.2703346,-2.9438866,2026-05-18
Carlos Lujan Peluqueros,Valladolid,Castilla y León,,,,,osm,41.660683,-4.7330813,2026-05-18
Olai,Bilbao,Euskadi,,,,,osm,43.2587404,-2.922665,2026-05-18
Iletxu,Aurizberri/Espinal,Navarra,,,,,osm,42.9793957,-1.3697567,2026-05-18
Valle,Sevilla,Andalucía,,,,,osm,37.394887,-5.9879274,2026-05-18
Making of Hair,Madrid,Madrid,+34915319237,info@makingofhair.com,,http://www.makingofhair.com/nosotros.html,osm,40.4250312,-3.7033268,2026-05-18
Calinuta,Puerto de la Cruz,Canarias,,,,,osm,28.4145956,-16.5511186,2026-05-18
Lucy,Puerto de la Cruz,Canarias,,,,,osm,28.4134182,-16.5554974,2026-05-18
Peluquería Crisyer,Salamanca,Castilla y León,,,,,osm,40.9782765,-5.6733184,2026-05-18
Peluquería Santiago,Salamanca,Castilla y León,,,,,osm,40.9767884,-5.6757989,2026-05-18
Estética Mónica,Valladolid,Castilla y León,,,,,osm,41.6628594,-4.7328874,2026-05-18
Perruqueria July,L'Estartit,Catalunya,,,,,osm,42.0547776,3.1985946,2026-05-18
Triana Bella,Sevilla,Sevilla,,,,,osm,37.3898894,-5.9890659,2026-05-18
Diva,Arroyo de la Encomienda,Castilla y León,,,,,osm,41.6185226,-4.7934751,2026-05-18
Chass,Burgos,Castilla y León,,,,,osm,42.3485621,-3.6949643,2026-05-18
Peluquería Valverde,Granada,Granada,+34958251856;+34625528287,peluqueriavalverde@yahoo.es,@peluqueria_silviavalverde,,osm,37.1701402,-3.598534,2026-05-18
Peluquería Isabel,Salamanca,Castilla y León,,,,,osm,40.9788354,-5.6757063,2026-05-18
Peluquería Oasis,Betanzos,Galicia,,,,,osm,43.2576414,-8.2523594,2026-05-18
Llera Peluqueros,Sevilla,Sevilla,,,,https://www.llerapeluqueros.com/,osm,37.3975962,-5.9924432,2026-05-18
Velvet,Burgos,Castilla y León,,,,,osm,42.3524754,-3.6680156,2026-05-18
Peluquería Seytel,Pamplona / Iruña,Navarra,,,,,osm,42.8086714,-1.6118717,2026-05-18
Peluquería Sonia,Villava/Atarrabia,Navarra,+34948073890,,,,osm,42.8279512,-1.6070696,2026-05-18
The Noviciado,Madrid,Madrid,,,,,osm,40.4256888,-3.7083032,2026-05-18
Barbería Amaniel,Madrid,Madrid,+34910161213,,,,osm,40.4269856,-3.7096637,2026-05-18
Mer-Vi,el Prat de Llobregat,Catalunya,,,,,osm,41.3186007,2.0932294,2026-05-18
Anais,Burgos,Castilla y León,,,,,osm,42.3519518,-3.6724552,2026-05-18
Inés Álvarez Peluquería,San Fernando de Henares,Madrid,,,,,osm,40.4264205,-3.5320847,2026-05-18
Peluquería MG,Irun,Euskadi,,,,,osm,43.3342035,-1.7894933,2026-05-18
Yone peluquería mixta,Irun,Euskadi,,,,,osm,43.3354634,-1.7875625,2026-05-18
Beth's Hair,Salamanca,Salamanca,,,,,osm,40.9680428,-5.6608854,2026-05-18
Daily Specials by Richard,Madrid,Madrid,,,,,osm,40.4017563,-3.6754592,2026-05-18
Caracuel,Barcelona,Catalunya,+34933976598,,,,osm,41.4392373,2.226277,2026-05-18
Grupo Cinco,Madrid,Madrid,,,,,osm,40.4567987,-3.6929526,2026-05-18
Renovación,Burgos,Castilla y León,,,,,osm,42.3562197,-3.6657632,2026-05-18
J & L,San Fernando de Henares,Madrid,,,,,osm,40.4293247,-3.5336866,2026-05-18
Tina,Irun,Euskadi,,,,,osm,43.3399057,-1.79421,2026-05-18
Yoka,Irun,Euskadi,,,,,osm,43.3393254,-1.7949464,2026-05-18
Araceli Mateo,Irun,Euskadi,,,,,osm,43.339892,-1.7941423,2026-05-18
Laras,Madrid,Madrid,,,,,osm,40.4625069,-3.6375142,2026-05-18
eSalón,Galapagar,Madrid,,,,,osm,40.5790141,-3.9552539,2026-05-18
Paco Carrizosa Peluquería,Azuaga,Extremadura,,,,,osm,38.2626744,-5.6788743,2026-05-18
Peluquería Rocío Esquivel,Azuaga,Extremadura,,,,,osm,38.2582788,-5.673456,2026-05-18
Centro de belleza unisex,Rivas-Vaciamadrid,Madrid,,,,,osm,40.3092083,-3.4511152,2026-05-18
Peluquería DYAMS,Betanzos,Galicia,,,,,osm,43.3104157,-8.2320199,2026-05-18
Verónica S. Pinto,Madrid,Madrid,,,,,osm,40.4041633,-3.6747775,2026-05-18
Eduardo,Cuenca,Castilla-La Mancha,,,,,osm,40.0751825,-2.1387597,2026-05-18
Peluquería Loli y Lucía,Azuaga,Extremadura,,,,,osm,38.2626914,-5.6754789,2026-05-18
Peluquería Liang Dian,Madrid,Madrid,,,,,osm,40.4044853,-3.7010618,2026-05-18
Peluquero,Madrid,Madrid,,,,,osm,40.4568589,-3.6920045,2026-05-18
Ángel Peluquero,Azuaga,Extremadura,,,,,osm,38.2552468,-5.6792574,2026-05-18
Coquet Ileapaindegia,Irun,Euskadi,,,,,osm,43.3405761,-1.7937586,2026-05-18
Eguzki,Irun,Euskadi,,,,,osm,43.3404749,-1.7837974,2026-05-18
Peinart,Irun,Euskadi,,,,,osm,43.3411642,-1.7933682,2026-05-18
Pelopolis,Irun,Euskadi,,,,,osm,43.3409314,-1.795356,2026-05-18
Manoli Romero,Azuaga,Extremadura,,,,,osm,38.258107,-5.6764474,2026-05-18
Peluquería Eva,Azuaga,Extremadura,,,,,osm,38.2567787,-5.6761339,2026-05-18
360°,Madrid,Madrid,+34910338524,,,,osm,40.4077423,-3.6698805,2026-05-18
Puri Peluquería,Azuaga,Extremadura,,,,,osm,38.2592505,-5.680536,2026-05-18
Eco Peluquería,Azuaga,Extremadura,,,,,osm,38.2588557,-5.6798865,2026-05-18
Kaoba's,Azuaga,Extremadura,,,,,osm,38.2572153,-5.6819169,2026-05-18
Peluquería Basi Romera,Tudela,Navarra,+34948847497,,,,osm,42.059974,-1.6100768,2026-05-18
Peluquería Eclipse,Salamanca,Castilla y León,,,,,osm,40.9770663,-5.6791309,2026-05-18
Perruquería Mar Vidal,Santiago de Compostela,Galicia,,,,,osm,42.8685322,-8.5606546,2026-05-18
Ribé Perruquer,Centelles,Catalunya,,,,,osm,41.7956272,2.2192015,2026-05-18
Tambi,Getafe,Madrid,,,,,osm,40.3436512,-3.7156323,2026-05-18
Peluquería de señoras Marisol,Getafe,Madrid,,,,,osm,40.3446509,-3.7152054,2026-05-18
Haarstudio2000Plus,Adeje,Canarias,,,,https://haarstudio2000plus.com/,osm,28.0512609,-16.7213317,2026-05-18
La Charra,Salamanca,Castilla y León,,,,,osm,40.9725659,-5.6717312,2026-05-18
Gam Peluqueros,Valladolid,Castilla y León,,,,,osm,41.6401308,-4.7365333,2026-05-18
Peluquería Destellos,La Alberca,Castilla y León,,,,,osm,40.4891689,-6.1094634,2026-05-18
Balbi,Albacete,Castilla-La Mancha,+34967508926,,,,osm,38.9907936,-1.8680426,2026-05-18
Emporio,Albacete,Castilla-La Mancha,,,,,osm,38.9909208,-1.867769,2026-05-18
A&A,Girona,Catalunya,,,,,osm,41.9849405,2.8153784,2026-05-18
Miami,Girona,Catalunya,,,,,osm,41.9848696,2.8158111,2026-05-18
Orcyd,Girona,Catalunya,,,,,osm,41.9843417,2.8177851,2026-05-18
Revlon,Girona,Catalunya,,,,,osm,41.9840736,2.817952,2026-05-18
OLS Estilistas,Irun,Euskadi,,,,,osm,43.3403609,-1.797176,2026-05-18
Peluquería Rama Bella,Irun,Euskadi,,,,,osm,43.3404849,-1.797134,2026-05-18
Stylo Propio,Irun,Euskadi,,,,,osm,43.3397552,-1.7957121,2026-05-18
Wapa,Irun,Euskadi,,,,,osm,43.3367311,-1.7839609,2026-05-18
Chloé,Madrid,Madrid,,,,,osm,40.433262,-3.7168933,2026-05-18
Suneen,Azuaga,Extremadura,,,,,osm,38.2616668,-5.6781477,2026-05-18
Peluquería Melani,La Alberca,Castilla y León,,,,,osm,40.4878861,-6.112419,2026-05-18
Alife,Elche/Elx,Comunitat Valenciana,,,,,osm,38.2641233,-0.6958283,2026-05-18
Centro,Elche/Elx,Comunitat Valenciana,,,,,osm,38.263616,-0.6970595,2026-05-18
Imagen Inteligente,Elche/Elx,Comunitat Valenciana,,,,,osm,38.2637012,-0.6958966,2026-05-18
Pepe Donoso,Elche/Elx,Comunitat Valenciana,,,,,osm,38.2643529,-0.6959547,2026-05-18
Maxbell,Elche/Elx,Comunitat Valenciana,,,,,osm,38.2649914,-0.6984027,2026-05-18
Nermai,Palma,Illes Balears,,,,,osm,39.6012117,2.6875891,2026-05-18
Mari Carmen,Elche/Elx,Comunitat Valenciana,,,,,osm,38.2639971,-0.6978113,2026-05-18
Nolasco Estilistas,Elche/Elx,Comunitat Valenciana,,,,,osm,38.2638966,-0.6981788,2026-05-18
Salón Diva,Elche/Elx,Comunitat Valenciana,,,,,osm,38.2642476,-0.699173,2026-05-18
Laure Amoros,Elx / Elche,Comunitat Valenciana,,,,,osm,38.264763,-0.6944399,2026-05-18
Santestaban,Elx / Elche,Comunitat Valenciana,,,,,osm,38.2622141,-0.6948155,2026-05-18
Style de Vie,Elx / Elche,Comunitat Valenciana,,,,,osm,38.2609525,-0.6964246,2026-05-18
Pepe Muñoz,Elche/Elx,Comunitat Valenciana,,,,,osm,38.2672852,-0.6948052,2026-05-18
Xoanvaz,A Coruña,Galicia,+34981142398,,,,osm,43.3615538,-8.4185861,2026-05-18
Gloria,Valladolid,Castilla y León,,,,,osm,41.6291709,-4.7410753,2026-05-18
Tot imatge,Sant Vicenç dels Horts,Catalunya,+34936720072,,,,osm,41.4137612,1.9656348,2026-05-18
Tino Peluqueros,Elche/Elx,Comunitat Valenciana,,,,,osm,38.2671746,-0.694478,2026-05-18
M & L,Elx / Elche,Comunitat Valenciana,,,,,osm,38.2686509,-0.6949204,2026-05-18
Peluqueria Belleza,Elx / Elche,Comunitat Valenciana,,,,,osm,38.2650245,-0.6933917,2026-05-18
Peluquería Iglesias,Salamanca,Castilla y León,,,,,osm,40.9515295,-5.6649872,2026-05-18
Oh My Cut!,Elche/Elx,Comunitat Valenciana,,,,,osm,38.2669759,-0.6964384,2026-05-18
Pelugeria Parres,Elx / Elche,Comunitat Valenciana,,,,,osm,38.260571,-0.6988512,2026-05-18
Angels e Queria,Elx / Elche,Comunitat Valenciana,,,,,osm,38.2622663,-0.6977381,2026-05-18
César Girón,Elx / Elche,Comunitat Valenciana,,,,,osm,38.2664972,-0.6976496,2026-05-18
Gema Vicente Peluquería,Salamanca,Castilla y León,,,,,osm,40.9770136,-5.6536079,2026-05-18
Albadalejo Estilistas,Jumilla,Murcia,,,,,osm,38.4749678,-1.3229453,2026-05-18
Qué corte,Burgos,Castilla y León,,,,,osm,42.3444004,-3.6916692,2026-05-18
Bruno,Cartagena,Murcia,,,,,osm,37.6135566,-0.9928584,2026-05-18
Sensación,Cartagena,Murcia,,,,,osm,37.6143716,-0.9899619,2026-05-18
Ella y Él,Salamanca,Castilla y León,,,,https://www.ellayel.net/,osm,40.9696336,-5.6589376,2026-05-18
Thomas,Madrid,Madrid,,,,,osm,40.4250071,-3.7101811,2026-05-18
Extensión Manis,Madrid,Madrid,,,,,osm,40.4207336,-3.6999229,2026-05-18
Barbers Crew,Madrid,Madrid,+34915028706,,,http://barberscrew.com/,osm,40.425125,-3.7047101,2026-05-18
Lady Vicky,Madrid,Madrid,,,,https://ladyvickybarbershop.com/,osm,40.4246104,-3.7060026,2026-05-18
Miryam MS estilistas,Salamanca,Castilla y León,,,,,osm,40.9752402,-5.6558358,2026-05-18
Javi Hbk,Salamanca,Castilla y León,,,,,osm,40.9750641,-5.6559701,2026-05-18
QPelos,Salamanca,Castilla y León,,,,,osm,40.9751695,-5.6558881,2026-05-18
Emilio,Salamanca,Castilla y León,,,,,osm,40.9718223,-5.6579549,2026-05-18
Hair People,Madrid,Madrid,,,,,osm,40.424466,-3.7060648,2026-05-18
Fausti,Girona,Catalunya,,,,,osm,41.9813797,2.8169161,2026-05-18
J. Rey Peluquería de caballeros,San Fernando de Henares,Madrid,+34690296850,,,,osm,40.4287487,-3.5355959,2026-05-18
Somoano Cavielles peluqueros,Oviedo,Asturias / Asturies,,,,,osm,43.3634939,-5.8636929,2026-05-18
La Ratita Presumida,Santander,Cantabria,+34942233117,,,,osm,43.4623791,-3.8134918,2026-05-18
Peluquería Dania,Salamanca,Castilla y León,,,,http://daniahairsalon.com/,osm,40.9724752,-5.657574,2026-05-18
Guillermo Pelukeros,Salamanca,Salamanca,,,,,osm,40.9742712,-5.6562136,2026-05-18
Evolution Estilistas,Écija,Andalucía,,,,,osm,37.5416287,-5.0803659,2026-05-18
Focus,Madrid,Madrid,,,,,osm,40.4264268,-3.7046446,2026-05-18
Espinosa,Miranda de Ebro,Castilla y León,,,,,osm,42.6883503,-2.9445971,2026-05-18
DUE perruquers,Granollers,Catalunya,+34938704624,,,https://dueperruquers.com,osm,41.6085579,2.2861744,2026-05-18
Roland,Madrid,Madrid,+34910160681,rolandsalon@rolandsalon.es,,http://rolandsalon.es/,osm,40.4289239,-3.7055365,2026-05-18
Osiris,L'Hospitalet de Llobregat,Catalunya,+34932635006,,,,osm,41.347861,2.108612,2026-05-18
Perruqueria Bellvitge,el Prat de Llobregat,Catalunya,,,,,osm,41.3484411,2.1080941,2026-05-18
I.C.O.N.,L'Hospitalet de Llobregat,Catalunya,,,,,osm,41.3521378,2.107636,2026-05-18
Kenneth,Girona,Catalunya,,,,,osm,41.9845662,2.8197217,2026-05-18
Peluquería estética Brillos,Salamanca,Castilla y León,,,,,osm,40.9556761,-5.678342,2026-05-18
Montserrat,Rosselló,Catalunya,,,,,osm,41.6657014,0.5563822,2026-05-18
Arnau Palou,Girona,Catalunya,,,,,osm,41.9827376,2.8221446,2026-05-18
Perruqueria Teresa,Vilobí del Penedès,Catalunya,,,,,osm,41.3766934,1.7193999,2026-05-18
Perruquería i Estètica Sílvia Cusiné,Vilobí del Penedès,Catalunya,,,,,osm,41.3735892,1.7223385,2026-05-18
Peluquería Sara Valencia,Sartaguda,Navarra,,,,,osm,42.3843045,-2.057739,2026-05-18
Nelly,Sartaguda,Navarra,,,,,osm,42.3822447,-2.0584934,2026-05-18
Noemí Nogués,Huesca/Uesca,Aragón,,,,,osm,42.1310009,-0.405904,2026-05-18
Zoe Peluqueros,Salamanca,Salamanca,,,,,osm,40.9727554,-5.6592706,2026-05-18
Patricia Onila,Salamanca,Castilla y León,,,,,osm,40.9734814,-5.6625315,2026-05-18
Conchita Crepados El Peine de Oro,Madrid,Madrid,+34915317961,,,,osm,40.4234368,-3.7043707,2026-05-18
Assol,Málaga,Andalucía,,,,,osm,36.7067942,-4.4369966,2026-05-18
Barber Shop,Irun,Euskadi,,,,,osm,43.3375531,-1.7959065,2026-05-18
Cristina - peluquería mixta,Irun,Euskadi,,,,,osm,43.3368412,-1.7970458,2026-05-18
MC,Irun,Euskadi,,,,,osm,43.3385941,-1.7958569,2026-05-18
Peluquería Jin,Irun,Euskadi,,,,,osm,43.3381961,-1.7960921,2026-05-18
Peluquería mixta Estela,Irun,Euskadi,,,,,osm,43.3374113,-1.7963239,2026-05-18
Mayra,Derio,Euskadi,+34944542797,,,https://www.mayra.eus,osm,43.2964486,-2.8845602,2026-05-18
Patio Vaya 2,Donostia / San Sebastián,Euskadi,+34943289155,,,https://p-a-t-i-o.com/,osm,43.3230822,-1.9773081,2026-05-18
Mistura,Cangas de Morrazo,Galicia,,,,,osm,42.26688,-8.7843331,2026-05-18
Dynamyc Stilistas,Valle de Trápaga-Trapagaran,Euskadi,+34946850836,,,,osm,43.3029235,-3.0344769,2026-05-18
Valley's Barber,Valle de Trápaga-Trapagaran,Euskadi,+34688763425,,,,osm,43.3016816,-3.0336623,2026-05-18
Albert Peluqueros,Sestao,Euskadi,,,,,osm,43.3018989,-3.0333892,2026-05-18
Mateu Barber,Albacete,Albacete,,,,,osm,38.9940776,-1.8569742,2026-05-18
Cordelles,Cerdanyola del Vallès,Catalunya,,,,,osm,41.4930078,2.1388014,2026-05-18
Ideas,Valle de Trápaga-Trapagaran,Euskadi,+34944920596,,,,osm,43.3036313,-3.0353306,2026-05-18
Balú,Sestao,Euskadi,,,,,osm,43.3016342,-3.0296866,2026-05-18
Peluquería Mechas,Santander,Cantabria,+34942370960,,,,osm,43.460811,-3.8240486,2026-05-18
Peluquería Vanesa Martínez,Santander,Cantabria,+34942233176,,,,osm,43.4610054,-3.8237176,2026-05-18
Pin up,Santander,Cantabria,,,,,osm,43.4618984,-3.8245456,2026-05-18
Siba,Santander,Cantabria,+34942372125,,,,osm,43.4607217,-3.823965,2026-05-18
Laura Quirce,Santander,Cantabria,,,,,osm,43.4631246,-3.8254767,2026-05-18
La Pelu de Ruth,Valle de Trápaga-Trapagaran,Euskadi,,,,,osm,43.3032841,-3.035267,2026-05-18
Roberto Ríos,Sada,Galicia,,,,,osm,43.3480732,-8.2536769,2026-05-18
Brushing,Huesca/Uesca,Aragón,,,,,osm,42.1318603,-0.4047904,2026-05-18
Elena,Huesca/Uesca,Aragón,,,,,osm,42.1322048,-0.4082549,2026-05-18
Yaguana,Huesca/Uesca,Aragón,,,,,osm,42.1316822,-0.403522,2026-05-18
Stylo Millennium,Arroyo de la Miel-Benalmádena Costa,Andalucía,,,,,osm,36.6016892,-4.5326876,2026-05-18
Cool Peluquería,Irun,Euskadi,,,,,osm,43.339276,-1.7965467,2026-05-18
D'Grachy,Irun,Euskadi,,,,,osm,43.3396536,-1.7957189,2026-05-18
Esther Peluquería,Irun,Euskadi,,,,,osm,43.3395603,-1.7964306,2026-05-18
Juncal Aracama,Irun,Euskadi,,,,,osm,43.337955,-1.798058,2026-05-18
Luna Peluquería,Irun,Euskadi,,,,,osm,43.3385053,-1.7976377,2026-05-18
Peluquería Araceli Noguera,Irun,Euskadi,,,,,osm,43.3388089,-1.7961269,2026-05-18
Estetica Anamari,Mendavia,Navarra,,,,,osm,42.4425142,-2.2004286,2026-05-18
Bros Peluquería Mixta,Irun,Euskadi,,,,,osm,43.3380321,-1.7970397,2026-05-18
Xpression,Irun,Euskadi,,,,,osm,43.3375486,-1.7966443,2026-05-18
Dom,Málaga,Andalucía,,,,,osm,36.6581675,-4.4763691,2026-05-18
Peluquería Noemi,Alba de Tormes,Castilla y León,,,,,osm,40.8277113,-5.51523,2026-05-18
Hius ja Kauneus Norris,Fuengirola,Andalucía,+34952660808;+34699305706,,,,osm,36.5558712,-4.6134307,2026-05-18
Berguño Peluquería,Gijón / Xixón,Asturias / Asturies,,,,,osm,43.5388915,-5.6581406,2026-05-18
Mons Peluqueros,Gijón / Xixón,Asturias / Asturies,,,,,osm,43.5403558,-5.6581195,2026-05-18
R&D Peluquería,Gijón / Xixón,Asturias / Asturies,,,,,osm,43.5406131,-5.6575096,2026-05-18
Veras Peluquería & Belleza,Gijón / Xixón,Asturias / Asturies,,,,,osm,43.5401264,-5.6571162,2026-05-18
Al teu Aire,Girona,Catalunya,,,,,osm,41.9837264,2.8225524,2026-05-18
Llongueres,Girona,Catalunya,,,,,osm,41.9810762,2.8184414,2026-05-18
M.Ardiaca,Girona,Catalunya,,,,,osm,41.9799198,2.8179504,2026-05-18
Peluquería Sonia,Las Palmas de Gran Canaria,Canarias,,,,,osm,28.1485516,-15.428821,2026-05-18
Carlos Conde,Madrid,Madrid,,,,,osm,40.4219753,-3.6970123,2026-05-18
Oliveras,Madrid,Madrid,,,,,osm,40.4223998,-3.6927571,2026-05-18
Studio C,Madrid,Madrid,,,,,osm,40.4224049,-3.6931978,2026-05-18
Monika,Zumaia,Euskadi,+34943860352,,,,osm,43.2922892,-2.2542684,2026-05-18
Herrera Barbershop,Irun,Euskadi,,,,,osm,43.3412626,-1.798298,2026-05-18
Pelupol,Irun,Euskadi,,,,,osm,43.341158,-1.7985637,2026-05-18
Peluquería M. Carmen Poncela,Irun,Euskadi,,,,,osm,43.3418821,-1.7987854,2026-05-18
Peluquería de caballeros,Irun,Euskadi,,,,,osm,43.3418096,-1.7989155,2026-05-18
The Style,Irun,Euskadi,,,,,osm,43.3413989,-1.8000334,2026-05-18
Tupés,Irun,Euskadi,,,,,osm,43.3413425,-1.7997208,2026-05-18
nvp,Irun,Euskadi,,,,,osm,43.3410746,-1.7992954,2026-05-18
Araceli,Fene,Galicia,,,,,osm,43.4763525,-8.1701202,2026-05-18
Joani unisex,Barcelona,Barcelona,+34934363646,,,,osm,41.4195106,2.1776525,2026-05-18
Mírame,Irun,Euskadi,,,,,osm,43.336585,-1.78851,2026-05-18
Pelquería Isabel,Irun,Euskadi,,,,,osm,43.3343673,-1.7948927,2026-05-18
Peluquería Sum,Irun,Euskadi,,,,,osm,43.3339953,-1.7930261,2026-05-18
Niuma,Madrid,Madrid,,,,,osm,40.4191441,-3.7029494,2026-05-18
Peluquería d'Laura,Arroyo de la Miel-Benalmádena Costa,Andalucía,,,,,osm,36.6008219,-4.5342027,2026-05-18
Rock'n Rolla,Benalmádena,Andalucía,,,,https://menshairclubbarbershoprocknrolla.nearcut.es,osm,36.5994874,-4.5359831,2026-05-18
María Molina,Arroyo de la Miel-Benalmádena Costa,Andalucía,,,,,osm,36.5993896,-4.5326185,2026-05-18
Peluquería Luisa,Chóvar,Comunitat Valenciana,+34964651139,,,,osm,39.8506913,-0.3206789,2026-05-18
Núria Lladó,Girona,Catalunya,,,,,osm,41.9818969,2.8193287,2026-05-18
Tobi,Girona,Catalunya,,,,,osm,41.9825167,2.8216751,2026-05-18
Styleform,Las Palmas de Gran Canaria,Canarias,,,,,osm,28.1349791,-15.4307124,2026-05-18
Mariona & Alba,Lleida,Catalunya,+34973206272,,,,osm,41.6120043,0.6299551,2026-05-18
Merce,Peguera,Illes Balears,,,,,osm,39.538178,2.4445033,2026-05-18
Salón Mabel,Arroyo de la Miel-Benalmádena Costa,Andalucía,,,,,osm,36.6024893,-4.531115,2026-05-18
AN Peluqueros,Siero,Asturias / Asturies,,,,,osm,43.3929846,-5.657298,2026-05-18
Peluquería Cristina,Siero,Asturias / Asturies,,,,,osm,43.3930488,-5.6572953,2026-05-18
Peluquería Nayca,Siero,Asturias / Asturies,,,,,osm,43.3929091,-5.6582673,2026-05-18
Peluqueros Nueva Imagen,Torrejón de la Calzada,Madrid,,,,,osm,40.1911754,-3.8394802,2026-05-18
Peluquería El Gamonal,Arroyo de la Miel-Benalmádena Costa,Andalucía,,,,,osm,36.5971191,-4.5312277,2026-05-18
Las Flores peluquería,Arroyo de la Miel-Benalmádena Costa,Andalucía,,,,,osm,36.600433,-4.533529,2026-05-18
Expression,Arroyo de la Miel-Benalmádena Costa,Andalucía,+34952567077,,,,osm,36.6005713,-4.5336842,2026-05-18
Plazza Peluquería,Gijón/Xixón,Asturias / Asturies,,,,,osm,43.5375154,-5.6634793,2026-05-18
Sincerely Yours Pxx,Arroyo de la Miel-Benalmádena Costa,Andalucía,,,,,osm,36.599688,-4.5346296,2026-05-18
Peluquería New Men,Leganés,Madrid,,,,,osm,40.2518903,-3.8296421,2026-05-18
Peluquería Estética Silvia Serrano,Leganés,Madrid,,,,,osm,40.2572302,-3.8238553,2026-05-18
Perruquería Vero,Mondoñedo,Galicia,,,,,osm,43.4267923,-7.3589145,2026-05-18
Peluquería Oriola,Mondoñedo,Galicia,,,,,osm,43.427366,-7.3625859,2026-05-18
Eliseo,O Porriño,Galicia,+34986331292,,,,osm,42.1562732,-8.6205325,2026-05-18
Peluquería Santillana,Molina de Segura,Murcia,,,,,osm,38.0578824,-1.2058393,2026-05-18
Peluqueria Merchi,Raxó,Galicia,,,,,osm,42.4043847,-8.750352,2026-05-18
Peluquería y estética unisex,Raxó,Galicia,,,,,osm,42.4040797,-8.7511256,2026-05-18
D'Yakeline,Móstoles,Madrid,,,,,osm,40.3309517,-3.8628408,2026-05-18
Peluquería Los Pelos,Móstoles,Madrid,,,,,osm,40.332418,-3.8633375,2026-05-18
DLC,Móstoles,Madrid,,,,,osm,40.3329744,-3.8618143,2026-05-18
Marta Juste,Móstoles,Madrid,,,,,osm,40.33235,-3.8628349,2026-05-18
Niza,Móstoles,Madrid,,,,,osm,40.3323267,-3.8629931,2026-05-18
MSN Ilusión,Móstoles,Madrid,,,,,osm,40.3333154,-3.86028,2026-05-18
Pelumanía,Móstoles,Madrid,,,,,osm,40.333441,-3.8608218,2026-05-18
Rosy,Móstoles,Madrid,,,,,osm,40.3334756,-3.8606096,2026-05-18
Peluquería Perfil,Colmenar de Oreja,Madrid,,,,,osm,40.1080529,-3.3885389,2026-05-18
Centro Estético Bibiana Alemán,Madrid,Madrid,,,,,osm,40.4592649,-3.6963688,2026-05-18
La Salvaje,Madrid,Madrid,,,,,osm,40.4262953,-3.7111428,2026-05-18
Chus Buitrago,Móstoles,Madrid,,,,,osm,40.3326114,-3.8662306,2026-05-18
Lapelu,Móstoles,Madrid,,,,,osm,40.3339795,-3.8635809,2026-05-18
Victoria,Móstoles,Madrid,,,,,osm,40.3334991,-3.8662743,2026-05-18
Charly's Estudio Creativo,Sevilla,Sevilla,+34954103878,,,,osm,37.3964293,-5.9751379,2026-05-18
Drei,Madrid,Madrid,+34910562005,,,http://dreiclub.com/,osm,40.4266907,-3.7022467,2026-05-18
Romero,Madrid,Madrid,,,,,osm,40.4276547,-3.703622,2026-05-18
Barbero's,Sevila,Andalucía,+34954336554,,,,osm,37.3801453,-6.0086318,2026-05-18
Geno's,Madrid,Madrid,,,,,osm,40.4616966,-3.7000811,2026-05-18
Peluquería Rakel,Alba de Tormes,Castilla y León,,,,,osm,40.8271109,-5.5139062,2026-05-18
Enredos Peluqueros,Madrid,Madrid,,,,,osm,40.4223334,-3.6750355,2026-05-18
Peluquería Cayetano,Madrid,Madrid,,,,,osm,40.4225375,-3.6751274,2026-05-18
Studio,Madrid,Madrid,,,,,osm,40.4216534,-3.6726449,2026-05-18
Cambio's,Alba de Tormes,Castilla y León,,,,,osm,40.8261084,-5.5122636,2026-05-18
Peluquería Chuchy,Alba de Tormes,Castilla y León,,,,,osm,40.826074,-5.512539,2026-05-18
Peluquería Elro´s,Alba de Tormes,Castilla y León,,,,,osm,40.8258822,-5.5117253,2026-05-18
Perruquería Puzzle,Carral,Galicia,,,,,osm,43.228761,-8.3574527,2026-05-18
Marc Perruquers,Girona,Catalunya,,,,,osm,41.9694988,2.8113991,2026-05-18
Tania,Andratx,Illes Balears,,,,,osm,39.5389889,2.4481306,2026-05-18
Jorge Pelukas,Ponferrada,Castilla y León,+34987423190,,,,osm,42.5505374,-6.6030709,2026-05-18
Peluquería Marenga,València,Comunitat Valenciana,+34963925664,,,,osm,39.4783588,-0.3762111,2026-05-18
Peluquería Velasco,Medina del Campo,Castilla y León,,,,,osm,41.3065935,-4.9124933,2026-05-18
Centro de Estetica Elena Figueroa,Medina del Campo,Castilla y León,,,,,osm,41.3075183,-4.9117155,2026-05-18
Peluquería Pilar de Cáceres,Medina del Campo,Castilla y León,,,,,osm,41.3064767,-4.9144915,2026-05-18
María Antonia Santos,Medina del Campo,Castilla y León,,,,,osm,41.3095009,-4.9136359,2026-05-18
Peluquería Nueva Imagen,Medina del Campo,Castilla y León,,,,,osm,41.3024024,-4.9161249,2026-05-18
Peluquería Eva,Medina del Campo,Castilla y León,,,,,osm,41.3104377,-4.9139632,2026-05-18
Venus Stylist Boutique,Medina del Campo,Castilla y León,,,,,osm,41.3056989,-4.9113104,2026-05-18
Mariola Boya,Medina del Campo,Castilla y León,,,,,osm,41.3100147,-4.9157172,2026-05-18
Peluquería Karacter,Medina del Campo,Castilla y León,,,,,osm,41.3063497,-4.9107552,2026-05-18
Peluquería Expresión,Medina del Campo,Castilla y León,,,,,osm,41.3062067,-4.9119622,2026-05-18
Luz Velasco,Medina del Campo,Castilla y León,,,,,osm,41.3053786,-4.9144942,2026-05-18
Modelo Peluqueros,Medina del Campo,Castilla y León,,,,,osm,41.3083451,-4.9138606,2026-05-18
Peluquería David,Medina del Campo,Castilla y León,,,,,osm,41.3088138,-4.9143279,2026-05-18
Stylo-2 Peluqueros,Medina del Campo,Castilla y León,,,,,osm,41.3062631,-4.9159158,2026-05-18
Thais Mateos Centro de Belleza,Medina del Campo,Castilla y León,,,,,osm,41.3066963,-4.9129225,2026-05-18
Peluquería y Estética MB,Medina del Campo,Castilla y León,,,,,osm,41.3054289,-4.9128608,2026-05-18
Peluquería Carlos,Medina del Campo,Castilla y León,,,,,osm,41.3096298,-4.9155644,2026-05-18
Araceli Centro de Belleza,Medina del Campo,Castilla y León,,,,,osm,41.305844,-4.9118978,2026-05-18
Peluquería María Salgado,Medina del Campo,Castilla y León,,,,,osm,41.3049091,-4.9189842,2026-05-18
Kalankoe Centro de Estética,Medina del Campo,Castilla y León,,,,,osm,41.3051811,-4.9143439,2026-05-18
Inmaculada Peluquería,Medina del Campo,Castilla y León,,,,,osm,41.310343,-4.9142341,2026-05-18
Peluquería Canina Arco Iris,Medina del Campo,Castilla y León,,,,,osm,41.3059951,-4.9176083,2026-05-18
Hermanos Pariente,Medina del Campo,Castilla y León,,,,,osm,41.3060858,-4.9175734,2026-05-18
Peluquería Vila Nova,Medina del Campo,Castilla y León,,,,,osm,41.3074638,-4.9116831,2026-05-18
La Perruquería,Medina del Campo,Castilla y León,,,,,osm,41.3029244,-4.9154651,2026-05-18
Peluquería Yolanda,Medina del Campo,Castilla y León,,,,,osm,41.3124706,-4.913078,2026-05-18
Peluquería Calas,Medina del Campo,Castilla y León,,,,,osm,41.3111731,-4.9149983,2026-05-18
Peluquería Amaya,Medina del Campo,Castilla y León,,,,,osm,41.3109192,-4.9153901,2026-05-18
Peluquería y Estética Leticia,Medina del Campo,Castilla y León,,,,,osm,41.3139513,-4.9131208,2026-05-18
Peluquería Javier,Medina del Campo,Castilla y León,,,,,osm,41.3111087,-4.91506,2026-05-18
Peluquería Emma,Medina del Campo,Castilla y León,,,,,osm,41.3140702,-4.9131317,2026-05-18
Barbería Marcelo,Agüimes,Canarias,+34617621243,,,,osm,27.9048723,-15.4448875,2026-05-18
Gala,Girona,Catalunya,,,,,osm,41.975646,2.8184096,2026-05-18
Avanti,Girona,Catalunya,,,,,osm,41.9754936,2.8215145,2026-05-18
A. Orcajo,Utebo,Aragón,,,,,osm,41.7085311,-0.9985217,2026-05-18
Hermanas Orcajo,Utebo,Aragón,,,,,osm,41.7075467,-0.9986384,2026-05-18
Ángel M,Granada,Granada,,,,,osm,37.1749221,-3.6007015,2026-05-18
Peluquería Maritere,Alba de Tormes,Castilla y León,,,,,osm,40.8279831,-5.5146869,2026-05-18
Peluquería Virgen Blanca,Granada,Andalucía,,,,,osm,37.1705076,-3.6070698,2026-05-18
M. Morro,Selva,Illes Balears,,,,,osm,39.7549966,2.9040505,2026-05-18
Blanc 12,Selva,Illes Balears,,,,,osm,39.7557615,2.9007631,2026-05-18
Peluquero Rama,Ordes,Galicia,,,,,osm,43.0768677,-8.4098895,2026-05-18
Sampedro,Santa Ponça,Illes Balears,,,,,osm,39.51449,2.4826125,2026-05-18
Shine,Santa Ponça,Illes Balears,,,,,osm,39.5155258,2.4825112,2026-05-18
Studiodoss,Santa Ponça,Illes Balears,,,,,osm,39.5177313,2.4880533,2026-05-18
Estudio 27,Ávila,Castilla y León,,,,,osm,40.6418839,-4.6927036,2026-05-18
Fineshne,Badalona,Barcelona,,,,,osm,41.4377669,2.21809,2026-05-18
Perruqueria Cris,Badalona,Barcelona,+34933872440,,,,osm,41.4382793,2.2167595,2026-05-18
Eduardo López,Badalona,Barcelona,+34933997808,,,,osm,41.4393147,2.2165642,2026-05-18
R&R,Madrid,Madrid,,,,,osm,40.3506411,-3.6914736,2026-05-18
Peluquería Rodrigo Posada,Madrid,Madrid,,,,,osm,40.4684173,-3.6389626,2026-05-18
Binefar,Barcelona,Catalunya,,,,,osm,41.424385,2.203435,2026-05-18
Kina,Cala d'Or,Illes Balears,,,,,osm,39.3760672,3.2309172,2026-05-18
El salón de Blanca,Badalona,Barcelona,+34933887272,info@elsalondeblanca.com,,https://www.elsalondeblanca.com/,osm,41.4415814,2.2268399,2026-05-18
Melisa,Badalona,Barcelona,,,,,osm,41.4421111,2.2259773,2026-05-18
Contrastes estilistes,Badalona,Barcelona,,,,,osm,41.4424009,2.2259481,2026-05-18
Susana Cámara,Badalona,Barcelona,,,,,osm,41.4429768,2.2257615,2026-05-18
Tiqui Perruquers,Badalona,Barcelona,+34933881148,,,https://tiqui.es/,osm,41.4427376,2.2257904,2026-05-18
Ser Leire,Badalona,Barcelona,+34933833129,,,,osm,41.4413849,2.2263004,2026-05-18
Álamos Peluqueros,Torrejón de Ardoz,Madrid,+34910089963,,,https://www.alamospeluquerostorrejon.es/es/,osm,40.453554,-3.4719941,2026-05-18
Soho,Eivissa,Illes Balears,,,,,osm,38.9056721,1.4245195,2026-05-18
Cambia-T Estilistas,Badalona,Barcelona,+34931465925,,,,osm,41.4422203,2.218678,2026-05-18
La barberia,Badalona,Barcelona,+34933975504,,,,osm,41.4393124,2.2173638,2026-05-18
Salón Zakaria,Badalona,Barcelona,,,,,osm,41.4444082,2.2233702,2026-05-18
Olga Aresté Perruquers,L'Hospitalet de Llobregat,Catalunya,+34933353575,,,,osm,41.3506961,2.1086679,2026-05-18
Azul,Úbeda,Andalucía,,,,,osm,38.0151145,-3.3794562,2026-05-18
Loli,Espinosa de los Monteros,Castilla y León,,,,,osm,43.0768659,-3.5519081,2026-05-18
Angel M. Peluquerías,Granada,Andalucía,+34958202032,info@angelmpeluquerias.com,,https://www.peluqueriasengranada.com,osm,37.1750548,-3.6007737,2026-05-18
Medusa Hai Cuts,Tarifa,Andalucía,,,,,osm,36.0154111,-5.6065092,2026-05-18
Angany Peluqueros,Villalbilla,Madrid,+34912651452,,,,osm,40.4421121,-3.360443,2026-05-18
Silvia,Estadilla,Aragón,,,,,osm,42.0550494,0.2413306,2026-05-18
Eduardo Soria Caballeros,Madrid,Madrid,,,,,osm,40.4551588,-3.6928761,2026-05-18
Leandro Peluqueros,Madrid,Madrid,,,,,osm,40.455567,-3.6925529,2026-05-18
Ismail peluquería,Badalona,Barcelona,,,,,osm,41.4432669,2.2189176,2026-05-18
Shayan Barbería,Barcelona,Catalunya,,,,,osm,41.4364035,2.2183266,2026-05-18
Perruqueria de Yuva,Badalona,Barcelona,+34666683290,,,,osm,41.4352216,2.2178399,2026-05-18
Peluqueria Luis,Badalona,Barcelona,+34933998209,,,,osm,41.4376188,2.2186794,2026-05-18
Juanjo Perruquers,Badalona,Barcelona,,,,,osm,41.4429616,2.2183218,2026-05-18
Peluquería Roma,Badalona,Barcelona,,,,,osm,41.4356412,2.218107,2026-05-18
Urban Style,Gijón / Xixón,Asturias / Asturies,,,,,osm,43.5390816,-5.6858141,2026-05-18
Monteros,València,Comunitat Valenciana,+34963640836,,,,osm,39.5024251,-0.4208655,2026-05-18
Ana Arriba,València,Comunitat Valenciana,,,,,osm,39.500072,-0.418697,2026-05-18
Atreyu,València,Comunitat Valenciana,,,,,osm,39.499269,-0.4181713,2026-05-18
Peluquería Tesia,Salamanca,Castilla y León,,,,,osm,40.9725286,-5.6520711,2026-05-18
Deena,Vic,Catalunya,,,,,osm,41.9301788,2.2443091,2026-05-18
Vergare,Barakaldo,Euskadi,,,,,osm,43.2986972,-2.993419,2026-05-18
CR,San Fernando de Henares,Madrid,,,,,osm,40.4471523,-3.4703479,2026-05-18
Blondie Studio,Granada,Andalucía,,,,,osm,37.188299,-3.6144038,2026-05-18
Peluquería D'Kolors,Torres de Albánchez,Andalucía,,,,,osm,38.3526266,-2.6532964,2026-05-18
Lob,Madrid,Madrid,+34914467011,,,https://www.lobmadrid.com,osm,40.4243566,-3.7049298,2026-05-18
Peluquería Vicky,Madrid,Madrid,,,,,osm,40.3520873,-3.6948802,2026-05-18
Cristina,Girona,Catalunya,,,,,osm,41.9703605,2.809985,2026-05-18
Salón de Peluquería Leticia Sánchez,Salamanca,Castilla y León,+34618988104,leticiasanchezmelgar1@gmail.com,,,osm,40.9711376,-5.6674075,2026-05-18
The Shalon,Madrid,Madrid,,,,,osm,40.3514692,-3.6955785,2026-05-18
Elena Macías,Sestao,Euskadi,,,,,osm,43.2903989,-2.9966361,2026-05-18
Peluquería Jaci,Torres de Albánchez,Andalucía,,,,,osm,38.414701,-2.6733613,2026-05-18
Peluquería Isabel García,Torres de Albánchez,Andalucía,,,,,osm,38.4153593,-2.6770563,2026-05-18
Espacio Q,Madrid,Madrid,+34914452131,info@espacioq.es,,http://www.espacioq.es/,osm,40.4286778,-3.7044269,2026-05-18
Peluquería Blázquez,Leganés,Madrid,,,,,osm,40.3333971,-3.7722957,2026-05-18
Estilistes,Bellaterra,Catalunya,+34935929829,,,,osm,41.5010898,2.089991,2026-05-18
Fetzig Estilistes,Vic,Catalunya,+34938861256,info@fetzigestilistes.com,,http://fetzigestilistes.com,osm,41.9331937,2.2455189,2026-05-18
Freixas,Vic,Catalunya,,,,,osm,41.9330357,2.242279,2026-05-18
Cesar's Peluqueros,Sestao,Euskadi,,,,,osm,43.291945,-2.9952115,2026-05-18
Peluquería Estilo,Pamplona / Iruña,Navarra,,,,,osm,42.8110959,-1.6652718,2026-05-18
Gesto y Color,Huesca/Uesca,Aragón,,,,,osm,42.1330891,-0.4039122,2026-05-18
Peluquería Lunay,Huesca/Uesca,Aragón,+34974238797,,,,osm,42.1444049,-0.4188706,2026-05-18
Fashion,Girona,Catalunya,,,,,osm,41.9760807,2.8034595,2026-05-18
Move,Girona,Catalunya,,,,,osm,41.9770584,2.8047111,2026-05-18
Perruqueria Emi,Girona,Catalunya,,,,,osm,41.9761836,2.8034493,2026-05-18
Peluquería Aqua,Huesca/Uesca,Aragón,,,,,osm,42.1397061,-0.4143755,2026-05-18
Peluquería Sheida1,Sestao,Euskadi,,,,,osm,43.2942933,-2.9984984,2026-05-18
Belén Zapata,Cartagena,Murcia,+34968528178,,,http://www.belenzapata.es/,osm,37.6017986,-0.9868194,2026-05-18
Peluquería Jayros,Huesca/Uesca,Aragón,+34974218566,,,,osm,42.1443245,-0.4153184,2026-05-18
Peluquería de Caballeros José María,Puerto de la Cruz,Canarias,,,,,osm,28.4252418,-16.4909866,2026-05-18
Barberia Adam,Palafrugell,Catalunya,,,,,osm,41.9166955,3.1669482,2026-05-18
Retoque's,Castellar,Andalucía,,,,,osm,38.327811,-3.1287967,2026-05-18
María Cue Estilistas,Villarcayo,Castilla y León,,,,,osm,42.9374549,-3.5723775,2026-05-18
Peluquería Irisén,Huesca/Uesca,Aragón,,,,,osm,42.1397858,-0.4109574,2026-05-18
Les Voltes,Girona,Catalunya,,,,,osm,41.979782,2.8221485,2026-05-18
Peluquería Brigi,la Pobla de Farnals,Comunitat Valenciana,,,,,osm,39.557669,-0.3261024,2026-05-18
Peluquería Liñan,Barcelona,Barcelona,,,,,osm,41.4422855,2.1799098,2026-05-18
Collados,Segura de la Sierra,Andalucía,,,,,osm,38.2466591,-2.7233997,2026-05-18
Ramona y Laura,Segura de la Sierra,Andalucía,,,,,osm,38.2473682,-2.7246855,2026-05-18
Detall,Girona,Catalunya,,,,,osm,41.9793877,2.8136623,2026-05-18
Maite Salón de Belleza,Ordes,Galicia,,,,,osm,43.1499529,-8.3857937,2026-05-18
Duran's Peuquería,Sevilla,Andalucía,,,,,osm,37.3818864,-6.0075937,2026-05-18
Marín,Orcera,Andalucía,,,,,osm,38.3173374,-2.661469,2026-05-18
Paqui,Orcera,Andalucía,,,,,osm,38.3184126,-2.6650112,2026-05-18
Renovatio,Orcera,Andalucía,,,,,osm,38.3227337,-2.6680813,2026-05-18
Mónica Perruqueria Unisex,la Pobla de Farnals,Comunitat Valenciana,+34676220000,,,,osm,39.5577337,-0.3269659,2026-05-18
Esti,Valle de Trápaga-Trapagaran,Euskadi,+34944862062,,,,osm,43.3035262,-3.0344185,2026-05-18
Anna Sola,Girona,Catalunya,,,,,osm,41.9777287,2.8211831,2026-05-18
Hair Salon,Girona,Catalunya,,,,,osm,41.9768041,2.8207179,2026-05-18
Johnmary,Girona,Catalunya,,,,,osm,41.9768346,2.8205947,2026-05-18
Joan,Girona,Catalunya,,,,,osm,41.9761407,2.820609,2026-05-18
La bioshtique,Girona,Catalunya,,,,,osm,41.9771568,2.8198686,2026-05-18
Ou Yi,Girona,Catalunya,,,,,osm,41.9780838,2.8180635,2026-05-18
Rafael Pages,Girona,Catalunya,,,,,osm,41.9797333,2.8194655,2026-05-18
Ris & Llis,Girona,Catalunya,,,,,osm,41.9779674,2.8186581,2026-05-18
Peluquería Andrea,Torrelavega,Cantabria,,,,,osm,43.2972794,-3.9683192,2026-05-18
Amparo,Noalejo,Andalucía,,,,,osm,37.5298871,-3.6559881,2026-05-18
Divas's,Puente de Génave,Andalucía,,,,,osm,38.3519578,-2.8074686,2026-05-18
Ramona,Puente de Génave,Andalucía,,,,,osm,38.3543552,-2.8046879,2026-05-18
La Oba,Girona,Catalunya,,,,,osm,41.9756964,2.8218293,2026-05-18
Leo,Girona,Catalunya,,,,,osm,41.9756674,2.8225147,2026-05-18
Inma del Campo,Urduña / Orduña,Euskadi,,,,,osm,42.9946527,-3.0119074,2026-05-18
Peluquería Ildefonso,Jabalquinto,Andalucía,,,,,osm,38.0200475,-3.7309755,2026-05-18
Peluquería Etoile,Pamplona / Iruña,Navarra,,,,,osm,42.7870723,-1.693546,2026-05-18
Peluquería Lucía Zabala,Pamplona / Iruña,Navarra,,,,,osm,42.7888534,-1.6919652,2026-05-18
Denis,Vilassar de Mar,Catalunya,,,,,osm,41.5269955,2.3671675,2026-05-18
Salón de Peluquería Imagen,Salamanca,Castilla y León,,,,,osm,40.9730171,-5.6709204,2026-05-18
Iglesias,Salamanca,Castilla y León,,,,,osm,40.972816,-5.6710727,2026-05-18
Peluquería Ángel,Quesada,Andalucía,,,,,osm,37.7638897,-3.077719,2026-05-18
Peluqueria Piao 71,Telde,Canarias,,,,,osm,27.9980878,-15.4151656,2026-05-18
Peluquería Agustín,Bedmar y Garcíez,Andalucía,,,,,osm,37.8227294,-3.4127102,2026-05-18
Peluquería y Estética Mari Carmen,Bedmar y Garcíez,Andalucía,,,,,osm,37.8230814,-3.4130186,2026-05-18
NoeMi,Sestao,Euskadi,,,,,osm,43.295427,-2.9979867,2026-05-18
Alfredo Jiménez,Madrid,Madrid,,,,,osm,40.4215344,-3.7016613,2026-05-18
Syryus,Guía de Isora,Canarias,,,,,osm,28.2319283,-16.8406092,2026-05-18
José Hernández Estilista,Guarromán,Andalucía,,,,,osm,38.182167,-3.6861355,2026-05-18
Ángel,Pamplona / Iruña,Navarra,,,,,osm,42.8323543,-1.6096991,2026-05-18
Felpi Peluqueros,Salamanca,Castilla y León,+34923238389,,,,osm,40.9755099,-5.6587302,2026-05-18
Imma Bosch,Palafrugell,Catalunya,,,,,osm,41.9181971,3.1597691,2026-05-18
Barberia Costa Brava,Palafrugell,Catalunya,,,,,osm,41.9180848,3.1600024,2026-05-18
Rita Frade,Oviedo,Asturias / Asturies,,,,,osm,43.3653935,-5.8561463,2026-05-18
Carré,Madrid,Madrid,,,,,osm,40.483638,-3.70403,2026-05-18
Marta Perruqueria,Palafrugell,Catalunya,,,,,osm,41.9220911,3.1711824,2026-05-18
Perruqueria Pilar Turrón,Palafrugell,Catalunya,,,,,osm,41.9152912,3.1628373,2026-05-18
Pelillos a la Mar Estética,Gijón / Xixón,Asturias / Asturies,,,,,osm,43.5351324,-5.6745009,2026-05-18
Peluquería Geli,Gijón / Xixón,Asturias / Asturies,,,,,osm,43.5352734,-5.6745952,2026-05-18
Carlos Duarte,O Porriño,Galicia,+34986335449,,,,osm,42.1621826,-8.6218936,2026-05-18
Andrés,Guía de Isora,Canarias,,,,,osm,28.2109067,-16.7804776,2026-05-18
Blanca,Guía de Isora,Canarias,,,,,osm,28.2134713,-16.7827061,2026-05-18
Eddi,Guía de Isora,Canarias,,,,,osm,28.2115618,-16.779857,2026-05-18
Perruquería Estética - Nova Imaxe,Folgoso do Courel,Galicia,,,,,osm,42.5879348,-7.1944418,2026-05-18
Peluquería Josefa Sánchez,Santiago-Pontones,Andalucía,,,,,osm,38.1121849,-2.5517145,2026-05-18
Zulima,Collado Mediano,Madrid,+34918560092,,,,osm,40.7281307,-4.01663,2026-05-18
Tavira,Castellar,Andalucía,,,,,osm,38.2540234,-3.1306832,2026-05-18
Lilium,Baeza,Andalucía,,,,,osm,38.0489431,-3.4614705,2026-05-18
Ara Crinis,Madrid,Madrid,+34919121064,,,https://aracrinispeluqueria.com/,osm,40.4264372,-3.704755,2026-05-18
A. Internacional,Monforte de Lemos,Galicia,,,,,osm,42.529239,-7.5073034,2026-05-18
Pili Palacios,Monforte de Lemos,Galicia,,,,,osm,42.5275104,-7.508948,2026-05-18
Ilea,Madrid,Madrid,,,,,osm,40.4276056,-3.7041321,2026-05-18
Peluquería y Estética Gema,Baeza,Andalucía,,,,,osm,38.0458493,-3.4621113,2026-05-18
Rosario Ares,Santiago de Compostela,Galicia,+34981573180,,,,osm,42.8834025,-8.5310718,2026-05-18
Tempus,Monforte de Lemos,Galicia,,,,,osm,42.5259005,-7.5073921,2026-05-18
Peluquería Emepen,Azuaga,Extremadura,,,,,osm,38.2613595,-5.6782137,2026-05-18
Aurora Romero,Dos Hermanas,Andalucía,,,,,osm,37.292127,-5.9247036,2026-05-18
Peluquería Hnas. Candelario,Lopera,Andalucía,,,,,osm,37.9453978,-4.2131813,2026-05-18
Pedro Mengíbar,Lopera,Andalucía,,,,,osm,37.9440773,-4.211918,2026-05-18
Magic Hand,Burgos,Castilla y León,,,,,osm,42.3361391,-3.7023162,2026-05-18
Peluquería Marivi,San Fernando de Henares,Madrid,,,,,osm,40.4178973,-3.527526,2026-05-18
Salón de belleza Atenea's,San Fernando de Henares,Madrid,,,,,osm,40.4178635,-3.5276837,2026-05-18
Dream Estilismo,Madrid,Madrid,+34917732747,,,,osm,40.4002463,-3.6234621,2026-05-18
Perruqueria Nicco,Reus,Catalunya,,,,,osm,41.1512907,1.1031608,2026-05-18
Peluqueria Francisco,Reus,Catalunya,,,,,osm,41.1509268,1.1012288,2026-05-18
Yani's,Santiago de Compostela,Galicia,,,,,osm,42.8706492,-8.5633234,2026-05-18
Peluquería Unisex Sonia,Valdepeñas de Jaén,Andalucía,,,,,osm,37.590012,-3.8186456,2026-05-18
Zensei,Sestao,Euskadi,,,,,osm,43.3152566,-3.0167358,2026-05-18
Carmen Peluqueras,Sestao,Euskadi,,,,,osm,43.3209655,-3.0208137,2026-05-18
Europa,Sestao,Euskadi,,,,,osm,43.3231826,-3.0240379,2026-05-18
Susana Arenaza,Sestao,Euskadi,,,,,osm,43.3215794,-3.0196539,2026-05-18
Maifer,Sestao,Euskadi,,,,,osm,43.3239903,-3.0260015,2026-05-18
Mercedes,Sestao,Euskadi,,,,,osm,43.3242247,-3.0241556,2026-05-18
Aisha,Caravaca de la Cruz,Murcia,,,,,osm,38.1032565,-1.8585261,2026-05-18
Ondas & perfil,O Porriño,Galicia,,,,,osm,42.1612955,-8.6186467,2026-05-18
Carlos Romero,Granada,Andalucía,,,,,osm,37.175878,-3.6053518,2026-05-18
Stigma,Barcelona,Barcelona,,,,,osm,41.417722,2.1743003,2026-05-18
Peluquería J. Peña,Sestao,Euskadi,,,,,osm,43.2956076,-2.9976791,2026-05-18
Peluquería Araceli,Sestao,Euskadi,,,,,osm,43.2960817,-2.9979726,2026-05-18
Osane Peluquería,Sestao,Euskadi,,,,,osm,43.2962208,-2.9979728,2026-05-18
Peluquería Model,Sestao,Euskadi,,,,,osm,43.2908289,-2.9927399,2026-05-18
Peluquería Yoel,Huesca/Uesca,Aragón,,pelukyoel@hotmail.com,,,osm,42.143473,-0.4133721,2026-05-18
Peluquería Anabel,Málaga,Andalucía,,,,,osm,36.7099801,-4.4639266,2026-05-18
Fara,Granada,Andalucía,,,,,osm,37.1860713,-3.6111398,2026-05-18
Salón de Peluquería Al Estilo de Cassandra,Granada,Andalucía,,,,,osm,37.1854794,-3.6100418,2026-05-18
Peluqueria Unisex,Cerdanyola del Vallès,Catalunya,,,,,osm,41.4668594,2.0811158,2026-05-18
Salinas Perruquers,Cerdanyola del Vallès,Catalunya,,,,,osm,41.4685007,2.0814881,2026-05-18
Real 5,Mugardos,Galicia,+34981470094,,,,osm,43.4615279,-8.2571327,2026-05-18
Perruqueria Nabeel,Badalona,Barcelona,,,,,osm,41.4396429,2.2162541,2026-05-18
Arminza,Madrid,Madrid,,,,,osm,40.4692669,-3.6890447,2026-05-18
Blue Palace,Madrid,Madrid,,,,,osm,40.4697015,-3.6889133,2026-05-18
Nieves Márquez,Madrid,Madrid,,,,,osm,40.4669791,-3.6968417,2026-05-18
Peluquería Tulane,Madrid,Madrid,,,,,osm,40.4656606,-3.6946509,2026-05-18
Peluquería Luis,Madrid,Madrid,,,,,osm,40.4660584,-3.6945215,2026-05-18
Elise,Madrid,Madrid,,,,,osm,40.4672583,-3.695368,2026-05-18
José,Madrid,Madrid,,,,,osm,40.4702141,-3.6908556,2026-05-18
Péinate,Madrid,Madrid,,,,,osm,40.4661204,-3.6939964,2026-05-18
Lashes & go,Madrid,Madrid,,,,http://www.peluqueriajuangarvi.com/#,osm,40.4667366,-3.6912974,2026-05-18
Rayan,Madrid,Madrid,,,,,osm,40.4678283,-3.6937201,2026-05-18
Peluquería Mónica,Biescas,Aragón,+34974337109,,,,osm,42.6286068,-0.3211235,2026-05-18
Tol,Palma,Illes Balears,,,,,osm,39.5971681,2.6920403,2026-05-18
Vlady's,O Porriño,Galicia,,,,,osm,42.1601878,-8.6164975,2026-05-18
Peluquería María Eugenia,Villares de la Reina,Castilla y León,,,,,osm,41.0069389,-5.649297,2026-05-18
Session,Leganés,Madrid,,,,,osm,40.3242325,-3.7666143,2026-05-18
Ráfagas,O Porriño,Galicia,,,,,osm,42.160146,-8.6209656,2026-05-18
Nueva Dimensión,Burgos,Castilla y León,,,,,osm,42.3422892,-3.6954654,2026-05-18
Caoba,Salamanca,Castilla y León,,,,,osm,40.9711412,-5.656784,2026-05-18
La Pelu 32,A Coruña,Galicia,,,,,osm,43.3535164,-8.4146477,2026-05-18
Luisa Luna,O Porriño,Galicia,,,,,osm,42.1591021,-8.6202894,2026-05-18
Ana Posada,Tapia de Casariego,Asturias / Asturies,,,,,osm,43.554037,-6.9897984,2026-05-18
Rocío Rivero,Salamanca,Castilla y León,,,,,osm,40.9670612,-5.6684469,2026-05-18
Peluquería Aguas,San Fernando de Henares,Madrid,,,,,osm,40.4251974,-3.5312983,2026-05-18
Kima,O Porriño,Galicia,,,,,osm,42.1561498,-8.629669,2026-05-18
Peluquería Gema's,Villares de la Reina,Castilla y León,,,,,osm,41.0070368,-5.6468678,2026-05-18
Peluquería Ceballos,Salamanca,Castilla y León,,,,,osm,40.9735095,-5.6506835,2026-05-18
Peluquería Julia López,Salamanca,Salamanca,+34923120308,,,,osm,40.9752997,-5.6510203,2026-05-18
Peluquería El Cisne,Salamanca,Castilla y León,,,,,osm,40.9758232,-5.6518536,2026-05-18
Garko's,Leganés,Madrid,,,,,osm,40.3259665,-3.7615981,2026-05-18
Formas,Lastres/Llastres,Asturias / Asturies,,,,,osm,43.5136866,-5.2694794,2026-05-18
"Peluquería: ""The Gallery of Beauty""",Tres Cantos,Madrid,,,,,osm,40.5530896,-3.660291,2026-05-18
Lakeria,Leganés,Madrid,,,,,osm,40.3422247,-3.7846246,2026-05-18
Ana,Betanzos,Galicia,,,,,osm,43.2823606,-8.2103596,2026-05-18
Eliseo Peluqueros,O Porriño,Galicia,,,,,osm,42.1490039,-8.6218803,2026-05-18
Peluquería Don Capilo,Ronda,Andalucía,,,,,osm,36.7459878,-5.1652401,2026-05-18
Peluquería Manolo,Alcalá de Henares,Madrid,,,,,osm,40.4772836,-3.3714349,2026-05-18
Peluquería Llefià,Barcelona,Catalunya,+34633377177,,,,osm,41.4378263,2.2182476,2026-05-18
Mib peluquería,Barcelona,Catalunya,+34610862540,,,,osm,41.4378544,2.2182184,2026-05-18
Peluquería Tomás Maestro,Aldaia,Comunitat Valenciana,,,,,osm,39.4532188,-0.4630906,2026-05-18
Academia de Peluqería Quesada,Sevilla,Sevilla,+34954344505,,,,osm,37.3810595,-6.0083538,2026-05-18
Peluquería Alcántara,Salamanca,Castilla y León,,,,,osm,40.9507954,-5.6255952,2026-05-18
Peluquería Elena,Biescas,Aragón,+34684301249,,,,osm,42.6276689,-0.3244782,2026-05-18
Azucena Gutiérrez,Barakaldo,Euskadi,,,,,osm,43.2960907,-2.9896771,2026-05-18
Jesús de la Calle,Bilbao,Vizcaya,,,,,osm,43.2640061,-2.9406305,2026-05-18
Hilda,Tacoronte,Canarias,,,,,osm,28.4861528,-16.394395,2026-05-18
Salón de Belleza Estilo Propio,Salamanca,Castilla y León,,,,,osm,40.9779807,-5.6099705,2026-05-18
Yolanda Becerro,Madrid,Madrid,,,,,osm,40.4572476,-3.6718254,2026-05-18
Moon,Madrid,Madrid,,,,,osm,40.4570923,-3.672856,2026-05-18
Amadeo Roig Coll,Castelló de la Plana / Castellón de la Plana,Comunitat Valenciana,+34964238377,,,,osm,39.9890188,-0.0352584,2026-05-18
peluquería Picazo,Elx / Elche,Comunitat Valenciana,+34965460087,,,,osm,38.2657435,-0.7135982,2026-05-18
Hugo Express,Madrid,Madrid,,,,,osm,40.4707746,-3.6865312,2026-05-18
David Broncano,Sevilla,Sevilla,+34605765644,,,https://dbroncano.com/,osm,37.3771153,-5.9968956,2026-05-18
Florencio Madrid,Sevilla,Andalucía,,,,,osm,37.378884,-5.99796,2026-05-18
Duo-Homo,Aguilar de Campoo,Castilla y León,,,,,osm,42.7932052,-4.2605877,2026-05-18
Purificación,Aguilar de Campoo,Castilla y León,,,,,osm,42.7938561,-4.2623629,2026-05-18
peluqueria mdm,València,Comunitat Valenciana,,,,,osm,39.4728018,-0.3455748,2026-05-18
Paco Charo,Salamanca,Salamanca,+34923280335,info@paco-charo.com,,http://www.paco-charo.com/,osm,40.9661737,-5.664093,2026-05-18
Peluquería Noelia,Salamanca,Castilla y León,,,,,osm,40.9550826,-5.6944257,2026-05-18
La pelu de Celia,Burgos,Castilla y León,,,,,osm,42.3515997,-3.6629796,2026-05-18
Barbería Milano,Burgos,Castilla y León,,,,,osm,42.3433143,-3.6935659,2026-05-18
Salvador,Aguilar de Campoo,Castilla y León,,,,,osm,42.7933056,-4.2579156,2026-05-18
Ángel Spirit,Salamanca,Salamanca,,,,,osm,40.9708186,-5.6675003,2026-05-18
Camps-Figueras perruquers,Centelles,Catalunya,,,,,osm,41.7990416,2.2210156,2026-05-18
Alfredo Campos Peluqueros,Alcalá de Henares,Madrid,,,,,osm,40.4727421,-3.3728472,2026-05-18
Pedro & José,Salamanca,Castilla y León,,,,,osm,40.9710651,-5.6713109,2026-05-18
Peluquería Navarro,Salamanca,Castilla y León,,,,,osm,40.9650179,-5.6572861,2026-05-18
Ébano peluqueros,Madrid,Madrid,,,,,osm,40.4170225,-3.5724696,2026-05-18
Beauty Salon,Palma,Illes Balears,,,,,osm,39.5936708,2.6846019,2026-05-18
Juan Carlos,Salamanca,Salamanca,,,,,osm,40.9683392,-5.6528805,2026-05-18
"Salón de Peluquería ""Montaña de la Osa Tejado""",Cáceres,Extremadura,,,,,osm,39.4881971,-6.3738611,2026-05-18
Perruqueria Navas,Barcelona,Barcelona,,,,,osm,41.4180824,2.1830364,2026-05-18
Perruqueria Rosa Farré,Barcelona,Barcelona,+34934081369,,,,osm,41.4199115,2.1827648,2026-05-18
El barbero,Torroella de Montgrí,Catalunya,,,,,osm,42.0407425,3.1259524,2026-05-18
Innova Perruqueria,Torroella de Montgrí,Catalunya,,,,,osm,42.0412303,3.1259417,2026-05-18
Perruqueria Annour,Torroella de Montgrí,Catalunya,,,,,osm,42.0409161,3.1239708,2026-05-18
Perruqueria Cop de Pinta,Torroella de Montgrí,Catalunya,,,,,osm,42.0388749,3.1255739,2026-05-18
Manel Perruqueria,Torroella de Montgrí,Catalunya,,,,,osm,42.0421591,3.1253634,2026-05-18
Perruqueria Falgueres,Torroella de Montgrí,Catalunya,,,,,osm,42.0411612,3.1256454,2026-05-18
Luxury,Girona,Catalunya,,,,,osm,41.9772015,2.8223575,2026-05-18
Rafael,Córdoba,Andalucía,,,,,osm,37.8982532,-4.7574025,2026-05-18
Rosana,Medina de Pomar,Castilla y León,,,,,osm,42.9310496,-3.4865151,2026-05-18
Sedano,Medina de Pomar,Castilla y León,,,,,osm,42.930844,-3.4866009,2026-05-18
Ambos,Madrid,Madrid,,,,,osm,40.4624976,-3.6297559,2026-05-18
Karpe peluqueros,Pozuelo de Alarcón,Madrid,+34913511113,,,,osm,40.4356949,-3.7972301,2026-05-18
Peluquería Canals Beauty and Style,Pozuelo de Alarcón,Madrid,+34915138958,,,,osm,40.4357393,-3.7977867,2026-05-18
Ina,Alacant / Alicante,Comunitat Valenciana,,,,,osm,38.3676919,-0.4262542,2026-05-18
Peluquería Caballeros San Antonio,Ponferrada,Castilla y León,,,,,osm,42.5487496,-6.5873484,2026-05-18
Roche,Gines,Andalucía,,,,,osm,37.3715693,-6.0734964,2026-05-18
MC Peluquerías,Sestao,Euskadi,,,,,osm,43.2975788,-2.9881129,2026-05-18
Peluquería Masculina Mata,Basauri,Euskadi,,,,,osm,43.2470253,-2.8927621,2026-05-18
Purificación Caballero,Las Rozas de Madrid,Madrid,+34917569772,,,https://purificacioncaballero.com/,osm,40.5199699,-3.9287355,2026-05-18
Arpelco,Madrid,Madrid,,,,,osm,40.4752265,-3.7146358,2026-05-18
Peluquería Unisex Clara,Las Palmas de Gran Canaria,Canarias,,,,,osm,28.0989554,-15.4172452,2026-05-18
Peluquería Rosario Utrera Carmona,Sabiote,Andalucía,,,,,osm,38.0684458,-3.3087503,2026-05-18
Merisanz,Azuaga,Extremadura,,,,,osm,38.2603175,-5.6798751,2026-05-18
Mio Barber Shop,Lleida,Catalunya,,,,,osm,41.6117924,0.6286016,2026-05-18
Navarro Peluqueros,Torre Pacheco,Murcia,,,,,osm,37.7464784,-0.9628599,2026-05-18
Rosarito,Torre Pacheco,Murcia,,,,,osm,37.7448385,-0.9588309,2026-05-18
Esmeralda,Torre Pacheco,Murcia,,,,,osm,37.7424229,-0.9548252,2026-05-18
Style Peluqueros,Madrid,Madrid,,,,,osm,40.4241714,-3.5632662,2026-05-18
Albó,Torroella de Montgrí,Catalunya,,,,,osm,42.0422151,3.1238206,2026-05-18
Dynamic Look,Madrid,Madrid,,,,,osm,40.4874424,-3.6509021,2026-05-18
Llongueras Élite,Manacor,Illes Balears,,,,,osm,39.5702349,3.2110537,2026-05-18
Toñi Molero,Torre Pacheco,Murcia,,,,,osm,37.7404959,-0.9590201,2026-05-18
Manuel Jesus Sanchez Romero,Aracena,Andalucía,,,,,osm,37.8948196,-6.5605932,2026-05-18
Peluquería Hakim,Aracena,Andalucía,+34666055847,,,,osm,37.8944587,-6.5601522,2026-05-18
Maluma's,Aracena,Andalucía,,,,,osm,37.8926488,-6.5638786,2026-05-18
Stylos,Aracena,Andalucía,,,,,osm,37.8923356,-6.5648499,2026-05-18
Joaquín Ruz,Aracena,Andalucía,,,,,osm,37.893013,-6.5600514,2026-05-18
KrissLook,Aracena,Andalucía,,,,,osm,37.890416,-6.5678803,2026-05-18
Lospelos,Almadén,Castilla-La Mancha,,,,,osm,38.7756841,-4.834228,2026-05-18
Paco Cabello,Madrid,Madrid,,,,,osm,40.4925077,-3.6575291,2026-05-18
PeluChic,Madrid,Madrid,,,,,osm,40.4920889,-3.6543076,2026-05-18
La Carnicería,Gijón / Xixón,Asturias / Asturies,+34985076457,alvarotorresdecastro@gmail.com,,,osm,43.5417124,-5.6682892,2026-05-18
Barbería Los Ángeles,Albacete,Castilla-La Mancha,+34697659790,,,,osm,38.9889305,-1.8485915,2026-05-18
Mirella,Albacete,Castilla-La Mancha,,,,,osm,38.98832,-1.8479211,2026-05-18
Perruquería d'homes Manel,Barcelona,Barcelona,,,,,osm,41.4023083,2.1633057,2026-05-18
Barbería CE,Villarcayo de Merindad de Castilla la Vieja,Castilla y León,+34691257060,,@barbertatto89,,osm,42.9381878,-3.5712475,2026-05-18
Perruqueria David,Barcelona,Barcelona,,,,https://www.peluqueriasdavid.com/,osm,41.4024312,2.1631625,2026-05-18
Peluquería Pepe,Torremolinos,Andalucía,,,,,osm,36.623032,-4.5009191,2026-05-18
Peluquería El y Ella,Biescas,Aragón,,,,,osm,42.628738,-0.320707,2026-05-18
Suazo Barber 504,Barcelona,Barcelona,,,,,osm,41.4021598,2.1635097,2026-05-18
Atreid@s,Puerto Santiago,Canarias,,,,,osm,28.2372819,-16.8407385,2026-05-18
Los Más Bandidos,Guadarrama,Madrid,,,,,osm,40.6723779,-4.0895431,2026-05-18
Cency Peluqueros,Salamanca,Castilla y León,,,,,osm,40.9704425,-5.6747883,2026-05-18
Peluqueria Pedro Heredia Peluqueros,Sagunt / Sagunto,Comunitat Valenciana,,,,,osm,39.6622976,-0.2332981,2026-05-18
CutMe,Sagunt / Sagunto,Comunitat Valenciana,,,,,osm,39.6594065,-0.2221789,2026-05-18
Peluquería Paco Jurado,Sagunt / Sagunto,Comunitat Valenciana,,,,,osm,39.6637918,-0.2223317,2026-05-18
Luisa Figueres Estilista,port de sagunt,Comunitat Valenciana,+34667101323,,,,osm,39.665408,-0.2290893,2026-05-18
Alejandro,Castelló de la Plana / Castellón de la Plana,Comunitat Valenciana,,,,,osm,39.9810116,-0.0461847,2026-05-18
Belvch,Castelló de la Plana / Castellón de la Plana,Comunitat Valenciana,,,,,osm,39.9803712,-0.0447088,2026-05-18
Colomer,Castelló de la Plana / Castellón de la Plana,Comunitat Valenciana,,,,,osm,39.9808039,-0.0474647,2026-05-18
Denisa,Castelló de la Plana / Castellón de la Plana,Comunitat Valenciana,,,,,osm,39.9808385,-0.0459889,2026-05-18
Vip Barber Shop,Castelló de la Plana / Castellón de la Plana,Comunitat Valenciana,,,,,osm,39.9807462,-0.0454693,2026-05-18
Maria,Castelló de la Plana / Castellón de la Plana,Comunitat Valenciana,,,,,osm,39.9812251,-0.048165,2026-05-18
Masril III,Castelló de la Plana / Castellón de la Plana,Comunitat Valenciana,,,,,osm,39.9790556,-0.0454693,2026-05-18
Mi Estilo,Castelló de la Plana / Castellón de la Plana,Comunitat Valenciana,,,,,osm,39.98218,-0.049671,2026-05-18
Salome,Castelló de la Plana / Castellón de la Plana,Comunitat Valenciana,,,,,osm,39.9805846,-0.0492418,2026-05-18
Peluqueria y Estética Sheyla Mejía,Sevilla,Sevilla,+34688483211,,,,osm,37.383222,-6.0101258,2026-05-18
Beauty Express,Sevilla,Andalucía,,,,,osm,37.3829118,-6.0104014,2026-05-18
Juani,Sarria,Galicia,,,,,osm,42.7819827,-7.4153371,2026-05-18
manuel estilistas,Sarria,Galicia,,,,,osm,42.7820299,-7.4152971,2026-05-18
Urban System peluquería y estética,Pilar de la Horadada,Comunitat Valenciana,,,,,osm,37.9087242,-0.8467631,2026-05-18
Tu Barbería,Jaén,Andalucía,,,,,osm,37.7804153,-3.7873991,2026-05-18
Raices y puntas,Jaén,Andalucía,,,,,osm,37.7793935,-3.7884498,2026-05-18
Clemente,Aracena,Andalucía,,,,,osm,37.8917044,-6.5592145,2026-05-18
Carmen Aragón,San Fernando,Andalucía,,,,,osm,36.4617365,-6.2002158,2026-05-18
Anviló Peluqueros,San Fernando,Andalucía,,,,,osm,36.4638197,-6.1986384,2026-05-18
Lala y Carmen,Torre Pacheco,Murcia,,,,,osm,37.7453131,-0.9637796,2026-05-18
Nuri,Barcelona,Catalunya,,,,,osm,41.3615901,2.1019687,2026-05-18
Triana Bella,Sevilla,Andalucía,,,,,osm,37.3795117,-6.0045128,2026-05-18
Peluquería Moni,Jaca,Aragón,,,,,osm,42.5688079,-0.5505159,2026-05-18
J. José,Torre Pacheco,Murcia,,,,,osm,37.7455516,-0.95941,2026-05-18
Llop Estilistas,Madrid,Madrid,,,,,osm,40.4428758,-3.6374043,2026-05-18
Perruqueria Marta,Brunyola i Sant Martí Sapresa,Catalunya,,,,,osm,41.9120526,2.7335147,2026-05-18
Cortate,San Fernando,Andalucía,,,,,osm,36.4630514,-6.2010392,2026-05-18
Cristina Cruceira,San Fernando,Andalucía,,,,,osm,36.4622309,-6.2035425,2026-05-18
Juan Miguel,San Fernando,Andalucía,,,,,osm,36.461204,-6.204135,2026-05-18
La Bella Otero Peluquería,San Fernando,Andalucía,,,,,osm,36.4663585,-6.1973726,2026-05-18
Manuela,San Fernando,Andalucía,,,,,osm,36.4659832,-6.1991961,2026-05-18
Toñi Cruz,San Fernando,Andalucía,,,,,osm,36.4627281,-6.2008652,2026-05-18
Mariah Lima,Burgos,Castilla y León,,,,https://mariahlimaestilista.es,osm,42.345017,-3.6986797,2026-05-18
Clari's,Burgos,Castilla y León,,,,,osm,42.3484302,-3.697209,2026-05-18
MH Peluqueros,Granada,Andalucía,,,,,osm,37.1905639,-3.6088095,2026-05-18
Vene Barber Shop,Burgos,Castilla y León,,,,,osm,42.350437,-3.6690641,2026-05-18
Perruqueria Imma,la Pobla de Lillet,Catalunya,,,,,osm,42.2445255,1.9747627,2026-05-18
Perruqueria Rut,la Pobla de Lillet,Catalunya,,,,,osm,42.2440013,1.9746233,2026-05-18
Perruqueria Oriola,la Pobla de Lillet,Catalunya,,,,,osm,42.2443309,1.9745669,2026-05-18
Saura,Torre Pacheco,Murcia,,,,,osm,37.7442804,-0.9544352,2026-05-18
Elena Ros,Los Alcázares,Murcia,,,,,osm,37.7421687,-0.9497041,2026-05-18
Natalia Roca,Los Alcázares,Murcia,,,,,osm,37.7415183,-0.9484059,2026-05-18
Nicolás,Torre Pacheco,Murcia,,,,,osm,37.7446722,-0.9542144,2026-05-18
Mireya Gil,Torre Pacheco,Murcia,,,,,osm,37.7457014,-0.9520678,2026-05-18
sa Pelu,Ca'n Picafort,Illes Balears,,,,,osm,39.7652199,3.1572069,2026-05-18
Peluqueros Boza,Sevilla,Andalucía,,,,,osm,37.378947,-6.0050019,2026-05-18
Rubenico Andreany,Alacant / Alicante,Comunitat Valenciana,+34965200760,,,,osm,38.347135,-0.4881487,2026-05-18
Peluqueria Margary,Valle Gran Rey,Canarias,,,,,osm,28.0961309,-17.342839,2026-05-18
Vico Peluqueros,Granada,Andalucía,,,,,osm,37.189961,-3.6094966,2026-05-18
Gelo's Estética y Solarium,Granada,Andalucía,,,,,osm,37.1900741,-3.6104753,2026-05-18
Bocanegra Estilistas,Granada,Granada,,,,,osm,37.1901594,-3.6102941,2026-05-18
Peluqueria Caballeros,Valle Gran Rey,Canarias,,,,,osm,28.0831503,-17.3349043,2026-05-18
Peluquería Arancha Hernández,Jaca,Aragón,,,,,osm,42.5696886,-0.5494332,2026-05-18
Peluqueria Pilar Herrero,Aguilar de Campoo,Castilla y León,,,,,osm,42.7948433,-4.2647386,2026-05-18
Telmo Rodríguez,Vigo,Galicia,,,,,osm,42.2312586,-8.720168,2026-05-18
Foglietti 23,Alacant / Alicante,Comunitat Valenciana,,,,,osm,38.3407213,-0.4974374,2026-05-18
Rubén Salguero,Dos Hermanas,Andalucía,,,,,osm,37.2934633,-5.9218162,2026-05-18
Uefez,Manresa,Catalunya,,,,,osm,41.7213456,1.8342928,2026-05-18
Lidia Moreno,Alcalá de Henares,Madrid,,,,,osm,40.4799324,-3.3619984,2026-05-18
Dora,Girona,Catalunya,,,,,osm,41.9742314,2.8078006,2026-05-18
Almudena Estilistas,Salamanca,Castilla y León,,,,,osm,40.976114,-5.6519494,2026-05-18
Natalia R.C. Peluqueros,Salamanca,Castilla y León,,,,,osm,40.975807,-5.6543536,2026-05-18
Peluquería Nubes,Salamanca,Castilla y León,,,,,osm,40.9759275,-5.6539929,2026-05-18
C&M,Girona,Catalunya,,,,,osm,41.9738867,2.8084559,2026-05-18
Aquilea Peluqueros,Gines,Andalucía,,,,,osm,37.3853839,-6.0814361,2026-05-18
Apolònia,Ca'n Picafort,Illes Balears,,,,,osm,39.7671399,3.1465449,2026-05-18
Barbería Botica,Dos Hermanas,Andalucía,,,,,osm,37.2859493,-5.9244358,2026-05-18
Antonio Blanc,Guardamar del Segura,Comunitat Valenciana,,,,,osm,38.0828508,-0.6535698,2026-05-18
Styl's,València,Comunitat Valenciana,,,,,osm,39.4882571,-0.375695,2026-05-18
Josune,Tolosa,Euskadi,+34943674107,,,http://www.peluqueriajosune.com,osm,43.1390764,-2.0724818,2026-05-18
Marco Aldany,Majadahonda,Madrid,+34910133176,,,https://www.marcoaldany.com/,osm,40.4678507,-3.8707821,2026-05-18
Peluquería Pascual (caballeros),Madrid,Madrid,,,,,osm,40.431652,-3.7112067,2026-05-18
Disadre,Madrid,Madrid,,,,,osm,40.4665714,-3.6966538,2026-05-18
Peluqueria Jesús Barrera,Gines,Andalucía,,,,,osm,37.3861782,-6.0789871,2026-05-18
Peluquería y uñas,Madrid,Madrid,,,,,osm,40.4638544,-3.6963447,2026-05-18
Peluquería X Uñas,Madrid,Madrid,,,,,osm,40.4614868,-3.6978087,2026-05-18
Avant,Bilbao,Euskadi,,,,,osm,43.265917,-2.9352314,2026-05-18
Andres Partal,Bilbao,Euskadi,+34944233523,partalandres@gmail.com,,https://andrespartal.com/,osm,43.2653012,-2.9344919,2026-05-18
Marta Ruiz,Bilbao,Euskadi,,,,,osm,43.2648908,-2.9333815,2026-05-18
La Pelu de la Esquina,Santa Cruz de Tenerife,Canarias,,,,,osm,28.4668474,-16.2537481,2026-05-18
Más que Pelos,Viver,Comunitat Valenciana,,,,,osm,39.9209829,-0.5952668,2026-05-18
Solarium Lorena,Llangréu / Langreo,Asturias / Asturies,,,,,osm,43.2930696,-5.6778812,2026-05-18
Essenza Terapias Capilares,San Vicente,Comunitat Valenciana,+34658275186,essenzasanvicente@gmail.com,,https://essenza-terapias-capilares.negocio.site/,osm,38.3917359,-0.5182456,2026-05-18
Chabeli,Navacerrada,Madrid,+34912795945;+34620789277,,,,osm,40.729828,-4.0150601,2026-05-18
David,Medina de Pomar,Castilla y León,,,,,osm,42.9326621,-3.485745,2026-05-18
Yolanda Temiño,Medina de Pomar,Castilla y León,,,,,osm,42.929544,-3.4869558,2026-05-18
La Lluna,Santa Pola,Comunitat Valenciana,,,,,osm,38.2236436,-0.5251085,2026-05-18
Cidoncha,Sestao,Euskadi,,,,,osm,43.3041737,-2.9757723,2026-05-18
Imanol,Sestao,Euskadi,,,,,osm,43.3035365,-2.9722346,2026-05-18
Peluquería M. Gendive,Sestao,Euskadi,,,,,osm,43.3034658,-2.9729508,2026-05-18
Manos Tijeras,Sestao,Euskadi,,,,,osm,43.3026364,-2.9744067,2026-05-18
PELUQUERIA VARELA,San Pedro de Alcántara,Andalucía,,,,,osm,36.4869322,-4.9869062,2026-05-18
Peluquería Jos-Mae,Leganés,Madrid,,,,,osm,40.3451095,-3.8155047,2026-05-18
Barber Shop Daniel's,Sabiñánigo,Aragón,,,,,osm,42.5205098,-0.3615524,2026-05-18
Flor Blanco,Valladolid,Valladolid,+34983373281,,,,osm,41.6376031,-4.7633249,2026-05-18
Aitor,Sestao,Euskadi,,,,,osm,43.302344,-2.9757874,2026-05-18
Condor,Getafe,Madrid,,,,,osm,40.3040247,-3.7377362,2026-05-18
Unisex,Getafe,Madrid,,,,,osm,40.3075094,-3.7364489,2026-05-18
Peluquería de caballeros del barrio,Getafe,Madrid,,,,,osm,40.3051147,-3.738076,2026-05-18
Vanesa Estilistas,Getafe,Madrid,,,,,osm,40.3044019,-3.7367265,2026-05-18
Peluquería Tendencias,Gines,Andalucía,,,,,osm,37.3877321,-6.0790824,2026-05-18
Peluqueria Unisex Chabe,Badalona,Barcelona,,,,,osm,41.4391239,2.2182961,2026-05-18
Gran Profesional,Salamanca,Castilla y León,,,,,osm,40.9743049,-5.6502395,2026-05-18
Recar,Madrid,Madrid,,,,,osm,40.4840202,-3.7063855,2026-05-18
Castro,Jaén,Andalucía,,,,,osm,37.7729304,-3.7930284,2026-05-18
Peluquería Urbano,Madrid,Madrid,,,,,osm,40.4238474,-3.7012227,2026-05-18
Barber Shop,Madrid,Madrid,,,,,osm,40.4238471,-3.7010227,2026-05-18
Iris,Leganés,Madrid,,,,,osm,40.3374808,-3.7731284,2026-05-18
Bernardo Nogueira,Santiago de Compostela,Galicia,,,,,osm,42.8740078,-8.5521659,2026-05-18
Perruqueria Prats,Andaní,Catalunya,,,,,osm,41.8316848,0.5697762,2026-05-18
Lambda,Aracena,Andalucía,,,,,osm,37.8938737,-6.5609198,2026-05-18
Peluquería Amalia Marhuenda,Elda,Comunitat Valenciana,,,,,osm,38.5353326,-0.8193753,2026-05-18
Peluquería Venus,Sabiñánigo,Aragón,,,,,osm,42.5189349,-0.3692857,2026-05-18
Milagritos,Leganés,Madrid,,,,,osm,40.3302215,-3.7655503,2026-05-18
Juan Pousada,Campelo,Galicia,,,,,osm,42.4322318,-8.7080793,2026-05-18
Perruqueria Eugenia,Lleida,Catalunya,,,,,osm,41.6122785,0.6329249,2026-05-18
Marco Peluqueros,Siero,Asturias / Asturies,+34985724675,,,,osm,43.3911426,-5.6609468,2026-05-18
Organic Lab,Palma,Illes Balears,,,,,osm,39.5766995,2.6520731,2026-05-18
La Pelu de María,Zaragoza,Zaragoza,,,,,osm,41.6398658,-0.8910098,2026-05-18
Barbería Compadre,Madrid,Madrid,,,,,osm,40.4207531,-3.7002699,2026-05-18
Perruqueria MS,Manresa,Catalunya,,,,,osm,41.7397736,1.8045673,2026-05-18
Victor,Burgos,Castilla y León,,,,,osm,42.3453058,-3.6841684,2026-05-18
Marco Aldany,Santiago de Compostela,Galicia,+34981575605,,,http://www.marcoaldany.com/,osm,42.8756673,-8.544176,2026-05-18
Peluqería Pebel,Toledo,Toledo,,,,,osm,39.8686626,-3.9408656,2026-05-18
HIGH LEVEL by Paula Andrea,Cartagena,Murcia,+34868091260,paula@highlevelbypaulaandrea.com,,http://highlevelbypaulaandrea.com/,osm,37.6094993,-0.9933929,2026-05-18
Walli Ron,Nerja,Andalucía,,,,,osm,36.7460798,-3.8755401,2026-05-18
peluqueria SORAYA,Pamplona / Iruña,Navarra,,,,,osm,42.8364696,-1.6742953,2026-05-18
Peluquería Rusé,Cáceres,Extremadura,,,,,osm,39.4849659,-6.3672935,2026-05-18
Peluqueria Abelardo,Llangréu / Langreo,Asturias / Asturies,,,,,osm,43.2929913,-5.679171,2026-05-18
Stim,Leganés,Madrid,,,,,osm,40.3252497,-3.7632162,2026-05-18
Tonos,Santiago de Compostela,Galicia,,,,,osm,42.8744148,-8.5519364,2026-05-18
Peliquería canina La Jungla,Leganés,Madrid,,,,,osm,40.3335934,-3.760668,2026-05-18
Aralex,Leganés,Madrid,,,,,osm,40.3295333,-3.76805,2026-05-18
Yaiza,Leganés,Madrid,,,,,osm,40.3328203,-3.7741273,2026-05-18
Sanz,Huesca/Uesca,Aragón,,,,,osm,42.1448191,-0.4180616,2026-05-18
Segura,Huesca/Uesca,Aragón,+34974232000,,,,osm,42.1450616,-0.4186546,2026-05-18
Sagrario de Miguel,Burgos,Castilla y León,,,,,osm,42.3427639,-3.6893941,2026-05-18
Perfil,Leganés,Madrid,,,,,osm,40.3313379,-3.7630075,2026-05-18
Norte,Leganés,Madrid,,,,,osm,40.3449001,-3.7519624,2026-05-18
Perruqueria Nasar,Barcelona,Catalunya,,,,,osm,41.4437758,2.2189726,2026-05-18
Sandra Fanlo Estilistas,Granollers,Catalunya,+34938795041,,,,osm,41.600054,2.2893967,2026-05-18
Blanco,Torrejón de Ardoz,Madrid,,,,,osm,40.4614502,-3.4589979,2026-05-18
Juncal,Torrejón de Ardoz,Madrid,,,,,osm,40.4603323,-3.4615345,2026-05-18
Iman,Madrid,Madrid,,,,,osm,40.4288119,-3.7056691,2026-05-18
Marie,Chiclana de la Frontera,Andalucía,,,,,osm,36.3714629,-6.1816174,2026-05-18
Cris,Sestao,Euskadi,,,,,osm,43.2925298,-2.9918662,2026-05-18
Mohama Peluqueros,Lugo,Galicia,,,,,osm,43.0027339,-7.550201,2026-05-18
Marco Aldani,Madrid,Madrid,,,,,osm,40.4616166,-3.69034,2026-05-18
R'difusión,Madrid,Madrid,,,,https://www.rdifusion.es/,osm,40.462755,-3.6902026,2026-05-18
Peluquería Nova,Lugo,Galicia,,,,,osm,43.0029083,-7.5502597,2026-05-18
Adicción,Leganés,Madrid,,,,,osm,40.333642,-3.7615995,2026-05-18
JH,Bilbao,Vizcaya,+34944015080;+34650377924,info@barberiajh.com,,https://www.barberiajh.com,osm,43.2699392,-2.9472059,2026-05-18
Laura Casat,Bilbao,Vizcaya,,,,,osm,43.2711749,-2.9464056,2026-05-18
Stilo 21,Bilbao,Vizcaya,,,,,osm,43.2709479,-2.9479294,2026-05-18
Aurora Sanz,Bilbao,Euskadi,,,,,osm,43.2689357,-2.9481159,2026-05-18
Loli Muñoz,Bilbao,Euskadi,,,,,osm,43.2689919,-2.9476961,2026-05-18
Krisan,Leganés,Madrid,,,,,osm,40.3328739,-3.7542028,2026-05-18
Pujola,Barcelona,Catalunya,,,,,osm,41.3935994,2.1767832,2026-05-18
Imatge Peluqueros,Dénia,Comunitat Valenciana,,,,,osm,38.7732549,0.0860393,2026-05-18
Naranjo Peluqueros Unisex,Gran Canaria,Canarias,+34928757183,,,http://www.naranjopeluqueros.blogspot.com,osm,27.854858,-15.4381353,2026-05-18
La casa del peluquero,Chiclana de la Frontera,Andalucía,,,,,osm,36.4203447,-6.1486378,2026-05-18
Toñi y Ana Lucía,Chiclana de la Frontera,Andalucía,,,,,osm,36.420538,-6.1480978,2026-05-18
Cen's,Bilbao,Euskadi,,,,,osm,43.2709309,-2.9486707,2026-05-18
Besia Oh,Bilbao,Euskadi,,,,,osm,43.2709297,-2.9487223,2026-05-18
Lauburu,Bilbao,Euskadi,,,,,osm,43.2703259,-2.9454874,2026-05-18
Claudia Pérez,Madrid,Madrid,+34914758359,,,,osm,40.43685,-3.6384251,2026-05-18
stilos pepi,València,Comunitat Valenciana,,,,,osm,39.4941205,-0.3783394,2026-05-18
Kiko Machín Peluqueros,Las Palmas de Gran Canaria,Canarias,,,,,osm,28.1034931,-15.4159005,2026-05-18
Mayte's,Barcelona,Catalunya,,,,,osm,41.4410522,2.2203846,2026-05-18
Perruqueria Espinola,Barcelona,Catalunya,,,,,osm,41.4419688,2.2209281,2026-05-18
Josu,Markina-Xemein,Euskadi,,,,,osm,43.2678786,-2.4978951,2026-05-18
Barbería Tony&Dany,el Prat de Llobregat,Catalunya,+34933709217,barberiatonyydany@gmail.com,,,osm,41.3226473,2.0995925,2026-05-18
Auxi San Juan,Las Palmas de Gran Canaria,Canarias,,,,,osm,28.1036329,-15.4162425,2026-05-18
La Mascota,Las Palmas de Gran Canaria,Canarias,,,,,osm,28.1035519,-15.4161743,2026-05-18
Peluquería Quintana,Las Palmas de Gran Canaria,Canarias,,,,,osm,28.1043529,-15.4177474,2026-05-18
Feel,Burgos,Castilla y León,,,,,osm,42.3477177,-3.6945298,2026-05-18
Bubble,Leganés,Madrid,,,,,osm,40.3337454,-3.7623713,2026-05-18
Serafín,Leganés,Madrid,,,,,osm,40.3240719,-3.769914,2026-05-18
Reyes,Leganés,Madrid,,,,,osm,40.3241021,-3.7700908,2026-05-18
Aldo Basi,Las Palmas de Gran Canaria,Canarias,,,,,osm,28.1071791,-15.4151316,2026-05-18
Alemán Peluqueros,Las Palmas de Gran Canaria,Canarias,,,,,osm,28.1057919,-15.4148062,2026-05-18
Estévez Vega,Las Palmas de Gran Canaria,Canarias,,,,,osm,28.10686,-15.4153172,2026-05-18
Kad J. Russo,Las Palmas de Gran Canaria,Canarias,,,,,osm,28.1043984,-15.4146189,2026-05-18
Peluqueros MC,Las Palmas de Gran Canaria,Canarias,,,,,osm,28.1058726,-15.4148464,2026-05-18
Saló de perruqueria Amparo,Barcelona,Catalunya,,,,,osm,41.4423535,2.2186014,2026-05-18
Rosi,Barcelona,Catalunya,,,,,osm,41.4399875,2.2181422,2026-05-18
Oscar Romero,Ourense,Galicia,+34605021111,,,,osm,42.3312315,-7.8619704,2026-05-18
María Laranga,Santiago de Compostela,Galicia,,,,,osm,42.8734461,-8.5524211,2026-05-18
Peluquería Tito,Ourense,Galicia,,,,,osm,42.331235,-7.8624178,2026-05-18
The Barber Club,Marbella,Andalucía,+34952907203,info@thebarberclubmarbella.com,,http://thebarberclubmarbella.com/,osm,36.4892464,-4.9599957,2026-05-18
Peluquería Marina Duarte,Lugo,Galicia,,,,,osm,43.0208473,-7.563681,2026-05-18
Peluquería Angel,Lugo,Galicia,,,,,osm,43.0164415,-7.5577591,2026-05-18
Peluquería Lupe,Lugo,Galicia,,,,,osm,43.0200351,-7.5629623,2026-05-18
Peluquería de señoras Pepita,Lugo,Galicia,,,,,osm,43.0236132,-7.5655154,2026-05-18
1987,Lugo,Galicia,,,,,osm,43.0244807,-7.5666671,2026-05-18
Aduho. Estilista,Gandia,Comunitat Valenciana,,,,,osm,38.9654242,-0.1815607,2026-05-18
Peluquería Toño,Ourense,Galicia,,,,,osm,42.3336588,-7.8609539,2026-05-18
El Tocador de Leire,Ourense,Galicia,,,,,osm,42.3337958,-7.8609317,2026-05-18
Ángel y Raquel,Santiago de Compostela,Galicia,,,,,osm,42.8863619,-8.5331624,2026-05-18
Klik,Madrid,Madrid,,,,,osm,40.481929,-3.7181256,2026-05-18
Peluquería Solárium,Ourense,Galicia,,,,,osm,42.3308339,-7.8628599,2026-05-18
txukun,Urduña / Orduña,Euskadi,,,,,osm,42.9926205,-3.0087389,2026-05-18
Nueva Gente,Burgos,Castilla y León,,,,,osm,42.3447403,-3.6943158,2026-05-18
Ruth de la Fuente,Burgos,Castilla y León,,,,,osm,42.3583572,-3.6638213,2026-05-18
H2O,Burgos,Castilla y León,,,,,osm,42.3382118,-3.6978305,2026-05-18
X Distinto,Lugo,Galicia,,,,,osm,43.0100336,-7.5524155,2026-05-18
Sheyla,Burgos,Castilla y León,,,,,osm,42.3475251,-3.6944574,2026-05-18
Barbería Antonio,Lugo,Galicia,,,,,osm,43.0035776,-7.5506412,2026-05-18
Peluquería Carlos Carreira,Lugo,Galicia,,,,,osm,43.0072228,-7.5513699,2026-05-18
Peluquería canina Saray,San Fernando de Henares,Madrid,,,,,osm,40.4485507,-3.4683885,2026-05-18
Peluquería mixta,Avilés,Asturias / Asturies,,,,,osm,43.5526485,-5.9266648,2026-05-18
Barbería/Peluquería,Elx / Elche,Comunitat Valenciana,,,,,osm,38.147656,-0.645238,2026-05-18
Peluquería IDEM,Elx / Elche,Comunitat Valenciana,,,,,osm,38.1457076,-0.6457754,2026-05-18
Perruqueria Unisex,Cistella,Catalunya,,,,,osm,42.2682863,2.8475806,2026-05-18
Peluquería Finy,Lugo,Galicia,,,,,osm,43.0149186,-7.5572552,2026-05-18
Peluquería de Caballeros Jorge,Lugo,Galicia,,,,,osm,43.0194145,-7.5591198,2026-05-18
Lomena Estilistas,Ferrol,Galicia,,,,,osm,43.5005388,-8.1573801,2026-05-18
La Pelu de Carola,Cartagena,Murcia,,,,,osm,37.6046397,-0.9767402,2026-05-18
Elisa,Cartagena,Murcia,,,,,osm,37.6056944,-0.9774917,2026-05-18
Peluquería Low Cost,Cartagena,Murcia,,,,,osm,37.6062555,-0.9775548,2026-05-18
Model,Girona,Catalunya,+34972222938,,,,osm,41.9837178,2.814767,2026-05-18
Perruqueria 4 Cantons,Girona,Catalunya,+34972204530,,,https://www.perruqueria4cantons.com/,osm,41.985212,2.8250518,2026-05-18
Peluquería Nena,Las Palmas de Gran Canaria,Canarias,,,,,osm,28.1041479,-15.416215,2026-05-18
Peluquería Juanfra,Cartagena,Murcia,,,,,osm,37.6035982,-0.9895292,2026-05-18
O2 Experience. Estefania,Cartagena,Murcia,,,,,osm,37.6039629,-0.9901254,2026-05-18
El mago de las tijeras,Zaragoza,Aragón,,,,,osm,41.6379249,-0.8947771,2026-05-18
Salón Renata,Cala Rajada,Illes Balears,,,,,osm,39.7120026,3.463664,2026-05-18
Ikoa,Ferrol,Galicia,+34881933553,,,,osm,43.4962086,-8.2038336,2026-05-18
Peluquería Caballeros Castelo,Pamplona / Iruña,Navarra,,,,,osm,42.8051379,-1.6759228,2026-05-18
Peluquería Noelia Iglesias,Sotoserrano,Castilla y León,+34679775927,,,,osm,40.4366678,-6.0330512,2026-05-18
Corto y Largo,Huércal-Overa,Andalucía,+34950135697,,,,osm,37.3982628,-1.9445156,2026-05-18
Christian,Las Palmas de Gran Canaria,Canarias,,,,,osm,28.1058422,-15.4191982,2026-05-18
Dogue's,Las Palmas de Gran Canaria,Canarias,,,,,osm,28.1068365,-15.4187416,2026-05-18
Tom's,Las Palmas de Gran Canaria,Canarias,,,,,osm,28.1067906,-15.4189831,2026-05-18
Estética Avanzada,Zaragoza,Aragón,,,,,osm,41.6461179,-0.8906615,2026-05-18
Peluquería Grupo Dos,Zaragoza,Aragón,,,,,osm,41.6465474,-0.8914439,2026-05-18
Peluquería Eleyce,Zaragoza,Aragón,,,,,osm,41.6458997,-0.8870238,2026-05-18
Estil fi,Girona,Catalunya,,,,,osm,41.9696373,2.8164397,2026-05-18
Lokos,Getafe,Madrid,,,,,osm,40.3428562,-3.7492904,2026-05-18
denueveanueve,Leganés,Madrid,,,,,osm,40.3424301,-3.7501511,2026-05-18
Eva Abenoza,Zaragoza,Aragón,,,,,osm,41.6485504,-0.9003973,2026-05-18
Marisé Varela,Negreira,Galicia,,,,,osm,42.9113547,-8.7349408,2026-05-18
Fernando Lozano,Zaragoza,Aragón,,,,,osm,41.6560576,-0.8943025,2026-05-18
Peluquería Cairasco,Las Palmas de Gran Canaria,Canarias,,,,,osm,28.1020679,-15.4171832,2026-05-18
Vanes Peluquería & Estética,Rabanales,Castilla y León,,,,,osm,41.7416261,-6.2758627,2026-05-18
Pelopelu,Barcelona,Barcelona,,,,,osm,41.4148205,2.2042716,2026-05-18
Pedro Betrián,Zaragoza,Aragón,,,,,osm,41.6484812,-0.8832851,2026-05-18
Ismael Ayala,Jerez de la Frontera,Andalucía,+34608374032,,,,osm,36.6805499,-6.1337728,2026-05-18
Moro,Molina de Segura,Murcia,,,,,osm,38.051654,-1.2108075,2026-05-18
El Salón de María,Zaragoza,Aragón,,,,,osm,41.6463473,-0.8934114,2026-05-18
Alberto Bañuelos,Zaragoza,Aragón,,,,,osm,41.6453393,-0.8872405,2026-05-18
Beatriz Rodríguez,Las Palmas de Gran Canaria,Canarias,,,,,osm,28.1104013,-15.4181518,2026-05-18
Peluquería de Señoras Nievita,Las Palmas de Gran Canaria,Canarias,,,,,osm,28.1094178,-15.4206642,2026-05-18
Salón Chic,Las Palmas de Gran Canaria,Canarias,,,,,osm,28.1097542,-15.4167214,2026-05-18
Doite's,Las Palmas de Gran Canaria,Canarias,,,,,osm,28.112414,-15.419755,2026-05-18
"Mariola Santana, Peluquería Caballeros",Las Palmas de Gran Canaria,Canarias,,,,,osm,28.1113964,-15.4223391,2026-05-18
Ming Liu Peluquería,Las Palmas de Gran Canaria,Canarias,,,,,osm,28.1123849,-15.4195,2026-05-18
Anthony Llobet,Barcelona,Catalunya,,,,,osm,41.3805944,2.1779068,2026-05-18
Peluquería Castro,Las Palmas de Gran Canaria,Canarias,,,,,osm,28.1133267,-15.4236767,2026-05-18
Duanell Peluqueros,Murcia,Murcia,,,,,osm,38.0070305,-1.0707038,2026-05-18
SeKeros,Coria,Extremadura,,,,,osm,39.991228,-6.5375428,2026-05-18
Peluquería H.J.,Las Palmas de Gran Canaria,Canarias,,,,,osm,28.1109207,-15.4225473,2026-05-18
ENREDOS,Coria,Extremadura,,,,,osm,39.9866917,-6.5362408,2026-05-18
Desenredo,Zaragoza,Aragón,,,,,osm,41.6499793,-0.8764351,2026-05-18
Lab Peluquería,Las Palmas de Gran Canaria,Canarias,,,,,osm,28.1118054,-15.4209518,2026-05-18
"Select, Peluquería y Belleza",Las Palmas de Gran Canaria,Canarias,,,,,osm,28.1089803,-15.4197957,2026-05-18
Busmi,Las Palmas de Gran Canaria,Canarias,,,,,osm,28.1103288,-15.4197468,2026-05-18
Colore,Las Palmas de Gran Canaria,Canarias,,,,,osm,28.1096385,-15.4194169,2026-05-18
Salón Tony,Las Palmas de Gran Canaria,Canarias,,,,,osm,28.1097129,-15.4192935,2026-05-18
6 Hair & Care,Las Palmas de Gran Canaria,Canarias,,,,,osm,28.1090369,-15.4189636,2026-05-18
Magenta II,Las Palmas de Gran Canaria,Canarias,,,,,osm,28.1107635,-15.4185268,2026-05-18
Carolina Nuez,Las Palmas de Gran Canaria,Canarias,,,,,osm,28.1131041,-15.4194207,2026-05-18
Maite y Óscar,Las Palmas de Gran Canaria,Canarias,,,,,osm,28.1107421,-15.4180178,2026-05-18
Peluquería de Caballeros San Telmo,Las Palmas de Gran Canaria,Canarias,,,,,osm,28.1096633,-15.417399,2026-05-18
Biondi,Las Palmas de Gran Canaria,Canarias,,,,,osm,28.1113676,-15.4177686,2026-05-18
París,Madrid,Madrid,,,,,osm,40.4748371,-3.7140687,2026-05-18
Taller Peluqueros,Zaragoza,Aragón,,,,,osm,41.6441638,-0.8879041,2026-05-18
Xabiero Bernalli,Zaragoza,Aragón,,,,,osm,41.6445686,-0.8874392,2026-05-18
La Bigotería,Madrid,Madrid,+34911281103,contacto@labigoteria.com,,http://www.labigoteria.com/,osm,40.4880508,-3.6605583,2026-05-18
Trendy,Zaragoza,Aragón,,,,,osm,41.6493379,-0.8879911,2026-05-18
Brise de Mer,Zaragoza,Aragón,,,,,osm,41.6425568,-0.8921011,2026-05-18
Leonardo,Zaragoza,Aragón,,,,,osm,41.6417517,-0.8860288,2026-05-18
Ayra,Sestao,Euskadi,,,,,osm,43.3173244,-2.9823841,2026-05-18
El Mahdi,Zaragoza,Aragón,,,,,osm,41.6556237,-0.8911905,2026-05-18
Lesly,Zaragoza,Aragón,,,,,osm,41.6555563,-0.8908827,2026-05-18
Pulido Peluqueros,València,Comunitat Valenciana,+34963706158,,,,osm,39.4633844,-0.4275152,2026-05-18
The Barber Shop,la Garriga,Catalunya,,,,,osm,41.669241,2.2625878,2026-05-18
Fina,Barcelona,Catalunya,,,,,osm,41.3765751,2.114178,2026-05-18
Pels Péls,Barcelona,Catalunya,,,,,osm,41.3766263,2.1155025,2026-05-18
Peluquería Tiffany's estilistas,Zaragoza,Aragón,+34976246035,info@tiffanysestilistas.com,,http://www.tiffanysestilistas.com,osm,41.6718963,-0.8891329,2026-05-18
Naya,Zaragoza,Aragón,,,,,osm,41.6395198,-0.9019065,2026-05-18
Líneas,Zaragoza,Aragón,,,,,osm,41.6453807,-0.8960787,2026-05-18
Poppa,Zaragoza,Aragón,,,,,osm,41.6417754,-0.8878041,2026-05-18
Moll Estilistas,Zaragoza,Aragón,,,,,osm,41.6433668,-0.8877612,2026-05-18
Ordoñez,Zaragoza,Aragón,,,,,osm,41.6423677,-0.88947,2026-05-18
De Alma,Zaragoza,Aragón,,,,,osm,41.6414738,-0.8875886,2026-05-18
Aladrén,Zaragoza,Aragón,,,,,osm,41.6416793,-0.8883471,2026-05-18
Cactus,Zaragoza,Aragón,,,,,osm,41.6429699,-0.8879072,2026-05-18
Elidio Peluqueros,San Sebastián de los Reyes,Madrid,+34916670934,,,https://www.elidiopeluqueros.com/,osm,40.5609263,-3.6129926,2026-05-18
Estaima Peluqueros,Zaragoza,Aragón,,,,,osm,41.6557409,-0.9032398,2026-05-18
Intermodal 42,Zaragoza,Aragón,,,,,osm,41.6563086,-0.9061678,2026-05-18
Suna,Zaragoza,Aragón,,,,,osm,41.6557269,-0.9020355,2026-05-18
Estética Magaly,Zaragoza,Aragón,,,,,osm,41.65481,-0.9010022,2026-05-18
Estilistas Color's,Zaragoza,Aragón,,,,,osm,41.651918,-0.8984001,2026-05-18
Peluquería Lobera,Zaragoza,Aragón,,,,,osm,41.6541606,-0.9006506,2026-05-18
Peluquería Yahira,Zaragoza,Aragón,,,,,osm,41.6531356,-0.9002438,2026-05-18
Trévi,Zaragoza,Aragón,,,,,osm,41.6512246,-0.8985516,2026-05-18
Nagore Susperregi,Irun,Euskadi,,,,,osm,43.3317462,-1.8067816,2026-05-18
Tondeo,Pamplona / Iruña,Navarra,+34948234031,,,,osm,42.8112355,-1.642144,2026-05-18
Outline Barbería,Zaragoza,Aragón,,,,,osm,41.6581341,-0.8926539,2026-05-18
Vicens,Gironella,Catalunya,,,,,osm,42.0329915,1.8803897,2026-05-18
3 Styls,Sant Boi de Llobregat,Catalunya,+34931873828,,,,osm,41.3405443,2.0436888,2026-05-18
Peluquería New Espe,Sant Boi de Llobregat,Catalunya,,,,,osm,41.3397379,2.0459954,2026-05-18
Laborda,Zaragoza,Aragón,,,,,osm,41.6468509,-0.8952676,2026-05-18
centro plaza puerto banus,Mijas,Andalucía,,,,,osm,36.5321925,-4.7437903,2026-05-18
Zalfonada,Zaragoza,Aragón,,,,,osm,41.6741871,-0.877514,2026-05-18
Luis Martín,Madrid,Madrid,,,,,osm,40.431543,-3.7167186,2026-05-18
New Suxerte,Las Palmas de Gran Canaria,Canarias,,,,,osm,28.1135774,-15.4215755,2026-05-18
OR,Las Palmas de Gran Canaria,Canarias,,,,,osm,28.1134874,-15.4242001,2026-05-18
Xim,Colònia de Sant Jordi,Illes Balears,,,,,osm,39.3173507,2.9935689,2026-05-18
Hombre Actual,Madrid,Madrid,+34915501412,,,https://hombreactual.com/,osm,40.4352265,-3.7128185,2026-05-18
M. Carmen,Llerena,Extremadura,,,,,osm,38.238821,-6.0205039,2026-05-18
Ciudad,A Coruña,Galicia,,,,,osm,43.370102,-8.3941943,2026-05-18
Backara,Las Palmas de Gran Canaria,Canarias,+34928032548,,,,osm,28.1136846,-15.4251994,2026-05-18
Mariola,Las Palmas de Gran Canaria,Canarias,,,,,osm,28.1130558,-15.4249635,2026-05-18
Peluquería Sandra Medina,Las Palmas de Gran Canaria,Canarias,,,,,osm,28.1153086,-15.4261444,2026-05-18
Salón Naty,Las Palmas de Gran Canaria,Canarias,,,,,osm,28.1150371,-15.4265688,2026-05-18
Peluquería Genoveva,Las Palmas de Gran Canaria,Canarias,,,,,osm,28.1159266,-15.4258883,2026-05-18
Lucy Hernández,Las Palmas de Gran Canaria,Canarias,,,,,osm,28.1152396,-15.4252238,2026-05-18
Arenales Barbershop,Las Palmas de Gran Canaria,Canarias,,,,,osm,28.1138802,-15.4247058,2026-05-18
Leo Muñoz,Las Palmas de Gran Canaria,Canarias,,,,,osm,28.1162721,-15.4248994,2026-05-18
Peluquería Begoña Delgado,Las Palmas de Gran Canaria,Canarias,,,,,osm,28.1153583,-15.4244776,2026-05-18
Salón de Peluquería y Belleza,Las Palmas de Gran Canaria,Canarias,,,,,osm,28.1153905,-15.4234162,2026-05-18
Broaer,Las Palmas de Gran Canaria,Canarias,,,,,osm,28.1142127,-15.4203836,2026-05-18
Gori,Zafra,Extremadura,,,,,osm,38.4231834,-6.4143314,2026-05-18
Barbería Belén Rosas,Zafra,Extremadura,,,,,osm,38.4233612,-6.4141939,2026-05-18
LOMBAS,Zafra,Extremadura,,,,,osm,38.4233947,-6.4139029,2026-05-18
Marco Peluquería,Getafe,Madrid,,,,,osm,40.3117955,-3.7170427,2026-05-18
Peluquería Baena,Zafra,Extremadura,,,,,osm,38.4217787,-6.4130102,2026-05-18
Truko,Zaragoza,Aragón,,,,,osm,41.6472772,-0.8889538,2026-05-18
Josgel,Zaragoza,Aragón,,,,,osm,41.6536417,-0.8779513,2026-05-18
Peluqería,San Martín de la Vega,Madrid,,,,,osm,40.2114611,-3.5768431,2026-05-18
Peluquería Marta Gómez,Villarcayo,Castilla y León,,,,,osm,42.9371381,-3.5723464,2026-05-18
Bolero,Zaragoza,Aragón,,,,,osm,41.6406951,-0.884801,2026-05-18
Benítez,Madrid,Madrid,+34918263289,,,,osm,40.412676,-3.703462,2026-05-18
Bella Vida,Zaragoza,Aragón,,,,,osm,41.6428458,-0.8926149,2026-05-18
Monica Otero,Barcelona,Catalunya,+34933751775,,,,osm,41.3609407,2.0797239,2026-05-18
Langa's,Zaragoza,Aragón,,,,,osm,41.6539246,-0.8771435,2026-05-18
PELUQUERÍA MARI CRUZ,Mollina,Andalucía,,,,,osm,37.1229437,-4.6593602,2026-05-18
Julia Espina,Oviedo,Asturias / Asturies,,,,,osm,43.3657854,-5.8510917,2026-05-18
David Rial,Oviedo,Asturias / Asturies,,,,,osm,43.363623,-5.8550446,2026-05-18
Corta Cabeza,Madrid,Madrid,+34915466087,,,,osm,40.4147101,-3.6989965,2026-05-18
Diva,Madrid,Madrid,,,,,osm,40.4127726,-3.6992805,2026-05-18
Xhada Estilistas,Zaragoza,Zaragoza,+34976212392,info@xhadaestilistas.com,,https://www.xhadaestilistas.com/,osm,41.6424539,-0.8835398,2026-05-18
Peluquería Sandra y Simón,San Fernando de Henares,Madrid,,,,,osm,40.4286992,-3.5364176,2026-05-18
Barber Shop R/F,Salamanca,Castilla y León,,,,,osm,40.9650343,-5.6595724,2026-05-18
Elvi,Sestao,Euskadi,,,,,osm,43.320471,-3.0221028,2026-05-18
Ileak,Portugalete,Euskadi,,,,,osm,43.3228192,-3.0203118,2026-05-18
Portu Look,Sestao,Euskadi,,,,,osm,43.3198127,-3.0231857,2026-05-18
Urkijo,Sestao,Euskadi,,,,,osm,43.3196183,-3.0228332,2026-05-18
Juan Cruz,Zaragoza,Aragón,,,,,osm,41.6393096,-0.90151,2026-05-18
Carmen,Turre,Andalucía,,,,,osm,37.1537391,-1.8931146,2026-05-18
Escabias,Zaragoza,Aragón,,,,,osm,41.6460976,-0.8965888,2026-05-18
Beth's,Zaragoza,Aragón,,,,,osm,41.6437644,-0.8919743,2026-05-18
Pelquería El Siglo,Zaragoza,Aragón,,,,,osm,41.6454983,-0.895823,2026-05-18
Pelquería Javier Sierra,Zaragoza,Aragón,,,,,osm,41.6448579,-0.8947984,2026-05-18
Peluquería Dallas,Zaragoza,Aragón,,,,,osm,41.6456206,-0.8962709,2026-05-18
Peluquería Juan Carlos,Zaragoza,Aragón,,,,,osm,41.644595,-0.8957189,2026-05-18
Peluquería Patricio,Zaragoza,Aragón,,,,,osm,41.6440237,-0.8945642,2026-05-18
Peluquería Thais,Zaragoza,Aragón,,,,,osm,41.6448138,-0.8944859,2026-05-18
Peluquería Rebeca Zabala,Vitoria-Gasteiz,Euskadi,,,,,osm,42.8542269,-2.6804729,2026-05-18
Mia,Bilbao,Euskadi,,,,,osm,43.2553178,-2.9138236,2026-05-18
Albrana,Zaragoza,Aragón,,,,,osm,41.672531,-0.876695,2026-05-18
Peluquería Rosi,O Porriño,Galicia,,,,,osm,42.1597272,-8.6202839,2026-05-18
Divinity Peluquería,Salamanca,Castilla y León,,,,,osm,40.9761231,-5.6545039,2026-05-18
Galher Barber Shop,Salamanca,Castilla y León,,,,,osm,40.9790898,-5.6516582,2026-05-18
Peluquería Kristely,Salamanca,Castilla y León,,,,,osm,40.9779644,-5.6512317,2026-05-18
Peluquería-Estética Nueva Imagen,Salamanca,Castilla y León,,,,,osm,40.9781443,-5.651266,2026-05-18
As de Tijera,Roquetas de Mar,Andalucía,+34950321708,,,,osm,36.7664735,-2.6086475,2026-05-18
Ivoga,Palma,Illes Balears,+34871025882,,,,osm,39.5760392,2.6419711,2026-05-18
Peluquería Estefanía,Azuaga,Extremadura,,,,,osm,38.2581666,-5.6772417,2026-05-18
Sensaciones peluqueros,Madrid,Madrid,,,,,osm,40.435109,-3.7099906,2026-05-18
Peluquería Couple Estilistas,Toreno,Castilla y León,,,,,osm,42.6974847,-6.5142583,2026-05-18
Albabelen,Almería,Andalucía,,,,,osm,36.8318387,-2.4489828,2026-05-18
Cool by Elena Fernández,Almería,Andalucía,,,,,osm,36.8269091,-2.4458822,2026-05-18
Peluquería Fany,Oropesa,Castilla-La Mancha,,,,,osm,39.9174769,-5.1745246,2026-05-18
Jaume,Girona,Catalunya,,,,,osm,41.9735218,2.8062171,2026-05-18
TOP Peluqueros,Madrid,Madrid,,,,,osm,40.4339183,-3.7071551,2026-05-18
Peluquero's Jairo Torres,Madrid,Madrid,,,,,osm,40.4344915,-3.7085243,2026-05-18
Peluquería Gotham,Madrid,Madrid,,,,,osm,40.4726542,-3.7083368,2026-05-18
Casablanca,Madrid,Madrid,,,,,osm,40.4731748,-3.7134457,2026-05-18
Mi Pelu,Barcelona,Barcelona,,,,,osm,41.3608935,2.1393384,2026-05-18
MiMate,Almería,Andalucía,,,,,osm,36.8299221,-2.449308,2026-05-18
G&M,Almería,Andalucía,,,,,osm,36.8288257,-2.4498379,2026-05-18
The Yoli's,Almería,Andalucía,,,,,osm,36.8262763,-2.4473403,2026-05-18
Azahar Estilistas,Madrid,Madrid,,,,,osm,40.4351922,-3.7119938,2026-05-18
Peluquería Canina Puerco Espín,Alcalá de Henares,Madrid,,,,,osm,40.5073267,-3.3710293,2026-05-18
Cabelover,Madrid,Madrid,,,,,osm,40.4348645,-3.7023027,2026-05-18
Rovira Peluqueros,Almería,Almería,,,,,osm,36.8294428,-2.4460906,2026-05-18
AC,Almería,Andalucía,,,,,osm,36.8256814,-2.4454791,2026-05-18
Buena Onda,Almería,Andalucía,,,,,osm,36.8290478,-2.4460452,2026-05-18
Toke Mágico,Almería,Andalucía,,,,,osm,36.8267704,-2.4460064,2026-05-18
Peluquería Unisex Hnas. Saavedra,Almería,Andalucía,,,,,osm,36.8268176,-2.445966,2026-05-18
Esteban,Eibar,Euskadi,,,,,osm,43.1829884,-2.4729421,2026-05-18
Matiz,Almería,Andalucía,,,,,osm,36.8308735,-2.455375,2026-05-18
Pasarela 88,Almería,Andalucía,+34950085006,,,,osm,36.8305062,-2.4543538,2026-05-18
Peluquería Alarcón,Almería,Andalucía,,,,,osm,36.8283732,-2.451146,2026-05-18
Rosa Uribe,Almería,Andalucía,,,,,osm,36.8284591,-2.450961,2026-05-18
Puri,Almería,Andalucía,,,,,osm,36.8275931,-2.4501787,2026-05-18
Badal,Zaragoza,Aragón,,,,,osm,41.6474147,-0.8737122,2026-05-18
STILO Peluqueras,Almería,Andalucía,,,,,osm,36.8278452,-2.4485942,2026-05-18
Antonio,Almería,Andalucía,,,,,osm,36.8328216,-2.4498199,2026-05-18
peluqueria Amiaire,Balsareny,Catalunya,,,,,osm,41.8973718,1.8772419,2026-05-18
Eros,Huesca/Uesca,Aragón,,,,,osm,42.1429135,-0.4178207,2026-05-18
Peluquería Casajús,Huesca/Uesca,Aragón,,,,,osm,42.1437411,-0.4166809,2026-05-18
Peluquería 2001,Zaragoza,Aragón,,,,,osm,41.6446083,-0.9126773,2026-05-18
Aive,Madrid,Madrid,,,,,osm,40.4351589,-3.7111872,2026-05-18
Ellos & Ellas peluquería,Almería,Almería,+34950141864,,,,osm,36.8550818,-2.445725,2026-05-18
Josibel,Sagunt / Sagunto,Comunitat Valenciana,,,,,osm,39.6612827,-0.2153161,2026-05-18
Peluquería Estética Elly,Almería,Andalucía,,,,,osm,36.8291387,-2.44666,2026-05-18
Alfredo peluqueros,Valladolid,Valladolid,,,,,osm,41.6623049,-4.7371187,2026-05-18
Irise,Madrid,Madrid,+34913844972,,,http://www.irisepeluqueros.es/,osm,40.4816241,-3.6612998,2026-05-18
Chio's,Madrid,Madrid,,,,,osm,40.4026032,-3.7451102,2026-05-18
Academia Casanova,Palma,Illes Balears,,,,,osm,39.5806623,2.6526563,2026-05-18
Cristina Paulo,la Vall d'Uixó,Comunitat Valenciana,,,,,osm,39.8280753,-0.2332122,2026-05-18
Peluquería Lucía Esteban,Jumilla,Murcia,+34968757454,,,https://luciaesteban.com/,osm,38.4748482,-1.325871,2026-05-18
Peluqueria Capelo,Gijón / Xixón,Asturias / Asturies,,,,,osm,43.5322097,-5.6719367,2026-05-18
Peluqueria Family Hair,Gijón / Xixón,Asturias / Asturies,,,,,osm,43.5320284,-5.6739651,2026-05-18
Rostro,Torrejón de Ardoz,Madrid,,,,,osm,40.4617663,-3.4633255,2026-05-18
Posa't wapa estilistes unisex,Vilanova i la Geltrú,Catalunya,+34634501486,,,,osm,41.2222319,1.7360437,2026-05-18
Belén,San Roque,Galicia,,,,,osm,43.1881276,-8.734837,2026-05-18
Perruquería Alma,Coristanco,Galicia,,,,,osm,43.1590125,-8.8039516,2026-05-18
Matrix,Coristanco,Galicia,,,,,osm,43.1587816,-8.805017,2026-05-18
Perruquería Estrella,San Roque,Galicia,,,,,osm,43.1934328,-8.7275856,2026-05-18
Lorena,San Roque,Galicia,,,,,osm,43.1869772,-8.7372384,2026-05-18
Ernesto Barbershop,Sagunt / Sagunto,Comunitat Valenciana,,,,,osm,39.6621651,-0.2189213,2026-05-18
Perruquería,San Roque,Galicia,,,,,osm,43.1871698,-8.7362254,2026-05-18
Ledy,Madrid,Madrid,,,,,osm,40.4346874,-3.7028297,2026-05-18
Peluqueria,Almendralejo,Extremadura,,,,,osm,38.682831,-6.4066004,2026-05-18
Studio 76,Medina de Pomar,Castilla y León,,,,,osm,42.9333569,-3.4844923,2026-05-18
Rodelm'y,Alacant / Alicante,Comunitat Valenciana,,,,,osm,38.3645065,-0.4978935,2026-05-18
Cano,Castelló d'Empúries,Catalunya,,,,,osm,42.3265348,3.0944295,2026-05-18
Siguero,Madrid,Madrid,,,,,osm,40.4812057,-3.7149677,2026-05-18
Peluquería Carmen Martín,Fraga,Aragón,+34636643061,,,,osm,41.5209385,0.3401091,2026-05-18
Espacio Abierto,Burgos,Castilla y León,,,,,osm,42.3453368,-3.6976934,2026-05-18
Abel pelukeros,Elx / Elche,Comunitat Valenciana,+34966630393,,,,osm,38.2613804,-0.7082844,2026-05-18
Estilistas Yolanda Pombo,Gijón / Xixón,Asturias / Asturies,+34985323650,,,,osm,43.5380276,-5.6811137,2026-05-18
Peluquería Bilbo,Bilbao,Euskadi,,,,,osm,43.2594256,-2.9468129,2026-05-18
Inma Pulido,Xaló,Comunitat Valenciana,,,,,osm,38.7393228,-0.0090666,2026-05-18
the Chair,Llíber,Comunitat Valenciana,,,,,osm,38.7387846,-0.0095104,2026-05-18
Peluquería Pedro Rouco,Viveiro,Galicia,,,,,osm,43.6618971,-7.5959407,2026-05-18
Lúas,Viveiro,Galicia,,,,,osm,43.6608287,-7.5961662,2026-05-18
Arenas,Sant Boi de Llobregat,Catalunya,,,,,osm,41.2893638,1.9837441,2026-05-18
Cheap Cut,Burgos,Castilla y León,,,,,osm,42.3505603,-3.6703619,2026-05-18
Pil-Art,Burgos,Castilla y León,,,,,osm,42.3519994,-3.6703717,2026-05-18
Ali peluquería,Sagunt / Sagunto,Comunitat Valenciana,,,,,osm,39.6638234,-0.2259397,2026-05-18
Peluqueria de Caballeros Sergio Escribà,Sagunt / Sagunto,Comunitat Valenciana,,,,,osm,39.667318,-0.2316889,2026-05-18
Lola Alcaraz,Almería,Andalucía,,,,,osm,36.8251361,-2.4455386,2026-05-18
La tijera de Javier,Burgos,Castilla y León,,,,,osm,42.3358637,-3.6997334,2026-05-18
Bucles,O Porriño,Galicia,,,,,osm,42.1624989,-8.6228942,2026-05-18
Peluquería Fetiche,Monforte de Lemos,Galicia,,,,,osm,42.5300264,-7.5042854,2026-05-18
Salón de peluquería Marylo,Almería,Andalucía,,,,,osm,36.8446173,-2.4470635,2026-05-18
Arancha Villas,Burgos,Castilla y León,,,,,osm,42.35558,-3.6760543,2026-05-18
Virgiana,Burgos,Castilla y León,,,,,osm,42.3600481,-3.6782963,2026-05-18
amagoia,Sopela,Euskadi,,,,,osm,43.3580402,-3.0112045,2026-05-18
Bihotz,Getxo,Euskadi,,,,,osm,43.3595631,-3.0103181,2026-05-18
j & j,Donostia / San Sebastián,Euskadi,,,,,osm,43.3232677,-1.9702559,2026-05-18
Gorka Torres,Donostia / San Sebastián,Euskadi,,,,,osm,43.3238738,-1.9736997,2026-05-18
Peluquería Meleyan,Jaca,Aragón,,,,,osm,42.574007,-0.5461541,2026-05-18
Raquel González,Viveiro,Galicia,,,,,osm,43.661888,-7.5964597,2026-05-18
Antonio Vargas,Almería,Andalucía,,,,,osm,36.848942,-2.4464711,2026-05-18
Hair Sabri,Almería,Andalucía,,,,,osm,36.8428364,-2.4529079,2026-05-18
Carmen García,Almería,Andalucía,,,,,osm,36.8419005,-2.453321,2026-05-18
aura,Barcelona,Catalunya,,,,,osm,41.4369352,2.1736019,2026-05-18
Bilo,Vitoria-Gasteiz,Euskadi,,,,,osm,42.8513583,-2.6832963,2026-05-18
Bildarrain,Vitoria-Gasteiz,Euskadi,,,,,osm,42.8513988,-2.6841583,2026-05-18
Seyna,Vitoria-Gasteiz,Euskadi,,,,,osm,42.8515371,-2.6857464,2026-05-18
Quelssa,Almería,Andalucía,,,,,osm,36.8381115,-2.4510462,2026-05-18
Vanesa García,Almería,Andalucía,,,,,osm,36.8384013,-2.4496864,2026-05-18
Ledesma,Almería,Andalucía,,,,,osm,36.8380378,-2.4596748,2026-05-18
Glam,Almería,Andalucía,,,,,osm,36.8371248,-2.4579478,2026-05-18
María C,Almería,Andalucía,,,,,osm,36.8362652,-2.4589697,2026-05-18
Carol's,Oviedo,Asturias / Asturies,+34985292889,,,,osm,43.371035,-5.8549452,2026-05-18
Nutec Escuela Profesional De Nuevas Técnicas De Estética,Oviedo,Asturias / Asturies,+34985290035,,,https://escuelanutec.es/,osm,43.3711497,-5.8540111,2026-05-18
Perruqueria Gustavo Cutillo,Vilanova i la Geltrú,Catalunya,+34938157531,gepeluca@hotmail.com,,,osm,41.2216502,1.718378,2026-05-18
Perruqueria Edu Unisex,Vilanova i la Geltrú,Catalunya,+34622493709,,,,osm,41.2226077,1.7222868,2026-05-18
A Barbería de Raúl,A Estrada,Galicia,,,,,osm,42.690988,-8.4983134,2026-05-18
La Vida by Vera,Marbella,Andalucía,,,,,osm,36.5110211,-4.9646234,2026-05-18
Hair & Beauty,Marbella,Andalucía,,,,,osm,36.50442,-4.9607248,2026-05-18
Mayelin Cárdenas,Burgos,Castilla y León,,,,,osm,42.3625438,-3.6577735,2026-05-18
Cristina Quero,Almería,Andalucía,,,,,osm,36.8364283,-2.4621046,2026-05-18
Belén Fraile,Almería,Andalucía,,,,,osm,36.8371162,-2.4616699,2026-05-18
Avalon,Almería,Andalucía,,,,,osm,36.8390908,-2.4603452,2026-05-18
Medrano Peluqueros,Almería,Andalucía,,,,,osm,36.8397654,-2.4575268,2026-05-18
Peluquería Klari,Izarra,Euskadi,,,,,osm,42.9536636,-2.9012203,2026-05-18
Angelita Góngora,Almería,Andalucía,,,,,osm,36.8388367,-2.4487204,2026-05-18
neWoman,Almería,Andalucía,,,,,osm,36.8387379,-2.4507991,2026-05-18
Marisa,Almería,Andalucía,,,,,osm,36.8388311,-2.4513315,2026-05-18
La Pelu de Carmen,El Escorial,Madrid,,,,,osm,40.591852,-4.1468531,2026-05-18
Camilo Ferr'on,Almería,Andalucía,,,,,osm,36.8378525,-2.4585529,2026-05-18
Luis Used,Huesca/Uesca,Aragón,,,,,osm,42.1339041,-0.4065748,2026-05-18
Oxybronze,Huesca/Uesca,Aragón,+34651196660,,,,osm,42.134182,-0.4070994,2026-05-18
Arbiol JC,Huesca/Uesca,Aragón,,,,,osm,42.1341585,-0.4062049,2026-05-18
Bidache,Madrid,Madrid,,,,,osm,40.4350123,-3.7053592,2026-05-18
Bartolomé Peluquero,Lorca,Murcia,,,,,osm,37.6866492,-1.7004969,2026-05-18
Akua Peluquería,Salamanca,Castilla y León,+34923207156,,,,osm,40.9722967,-5.6601443,2026-05-18
Luis Alberto Peluqueros,Salamanca,Castilla y León,,,,,osm,40.9736568,-5.6597688,2026-05-18
Stilos,Zaragoza,Aragón,,,,,osm,41.6244667,-0.8760996,2026-05-18
Victoria Montiei,Vélez-Málaga,Andalucía,,,,,osm,36.7480729,-4.0587781,2026-05-18
Barbería Barbados,Vélez-Málaga,Andalucía,,,,,osm,36.748373,-4.0588981,2026-05-18
La Tintería,Sestao,Euskadi,,,,,osm,43.29435,-2.9976277,2026-05-18
Peluquería Unisex Me,Sestao,Euskadi,,,,,osm,43.292925,-2.9919867,2026-05-18
Arte. Espacio de belleza,Llanes,Asturias / Asturies,,,,,osm,43.4223044,-4.7568611,2026-05-18
Garcia's Peluqueria,Tres Cantos,Madrid,,,,,osm,40.6114569,-3.7131481,2026-05-18
ARCO,Sestao,Euskadi,,,,,osm,43.2747743,-2.9572519,2026-05-18
Anyelus,Huesca/Uesca,Aragón,,,,,osm,42.1354385,-0.4030091,2026-05-18
La barbería de Víctor,Huesca/Uesca,Aragón,,,,,osm,42.1355339,-0.4031095,2026-05-18
Yobanka,Huesca/Uesca,Aragón,,,,,osm,42.1359532,-0.4030408,2026-05-18
Peluquería Millenium,Huesca/Uesca,Aragón,,,,,osm,42.1362956,-0.4032187,2026-05-18
Reflejo,Huesca/Uesca,Aragón,,,,,osm,42.1369587,-0.4011521,2026-05-18
Peluquería Silano,Huesca/Uesca,Aragón,,,,,osm,42.1368131,-0.400749,2026-05-18
Peluquería de señoras Dalmi,València,Comunitat Valenciana,+34963944775,,,,osm,39.4685175,-0.3674607,2026-05-18
Academia de Peluquería y Estética Celma,Santiago de Compostela,Galicia,,,,,osm,42.8735975,-8.54868,2026-05-18
Ayuso's,Madrid,Madrid,+34917423878,,,http://www.ayusos.com,osm,40.4400759,-3.6310674,2026-05-18
Alejandro Garanto,Huesca/Uesca,Aragón,,,,,osm,42.1339872,-0.4077757,2026-05-18
Blanco & Valle peluqueros,Gijón / Xixón,Asturias / Asturies,,,,,osm,43.5301255,-5.6667805,2026-05-18
Peluquería Díaz,Gijón / Xixón,Asturias / Asturies,,,,,osm,43.5301862,-5.667262,2026-05-18
Peluquerías Vanity,Gijón / Xixón,Asturias / Asturies,,,,,osm,43.5313135,-5.6673256,2026-05-18
Lua,Huesca/Uesca,Aragón,,,,,osm,42.1359675,-0.410514,2026-05-18
Savalli,Huesca/Uesca,Aragón,,,,,osm,42.1356972,-0.4107153,2026-05-18
Emma,Huesca/Uesca,Aragón,,,,,osm,42.1354675,-0.4070564,2026-05-18
Bamboo,Zaragoza,Aragón,,,,,osm,41.6762527,-0.8890557,2026-05-18
Davinia,Burgos,Castilla y León,,,,,osm,42.3362899,-3.7026938,2026-05-18
Osiris,Burgos,Castilla y León,,,,,osm,42.3449374,-3.7181782,2026-05-18
Peluquería Aniba,Leioa - Lejona,Euskadi,,,,,osm,43.3280614,-2.9912276,2026-05-18
Peluquería Hnos. Rodríguez,Las Palmas de Gran Canaria,Canarias,+34828909848,,,,osm,28.1135998,-15.4472512,2026-05-18
Edurne Senosiain,Pamplona/Iruña,Navarra,,,,,osm,42.8235335,-1.6483018,2026-05-18
D'un Comme un Accord,Barcelona,Barcelona,,,,,osm,41.3885848,2.1807775,2026-05-18
Valkiria,Motril,Andalucía,+34958608300,,,,osm,36.7485274,-3.5184688,2026-05-18
Dibalune,Leioa,Euskadi,,,,,osm,43.3262039,-2.9893561,2026-05-18
Peluquería Mado,Sestao,Euskadi,,,,,osm,43.3254093,-2.9844741,2026-05-18
Peluquería Clow Ing,Sestao,Euskadi,,,,,osm,43.3213134,-2.9864967,2026-05-18
Peluqueria canina,Sestao,Euskadi,,,,,osm,43.3234927,-2.9854937,2026-05-18
Peluquería Segundo Elías,Madrid,Madrid,,,,,osm,40.4378333,-3.651005,2026-05-18
JM Lozano,Torrent,Comunitat Valenciana,,,,,osm,39.4245011,-0.4674869,2026-05-18
Francesc,Manresa,Catalunya,,,,,osm,41.733968,1.8288195,2026-05-18
Peluquería Paki,Madrid,Madrid,,,,,osm,40.4355948,-3.8166158,2026-05-18
J. C. Galdon,Vélez-Málaga,Andalucía,,,,,osm,36.7153036,-4.2038335,2026-05-18
na Mamen,Palma,Illes Balears,,,,,osm,39.5753636,2.6320845,2026-05-18
Okantomi II Peluqueros,Madrid,Madrid,,,,,osm,40.4382602,-3.6518211,2026-05-18
Peluquería Belleza Pasarela,Madrid,Madrid,,,,,osm,40.4382133,-3.651922,2026-05-18
Estilisme Perruquers,Lleida,Catalunya,+34973223345,,,,osm,41.6234294,0.621425,2026-05-18
La Pelu de Juani,Almería,Andalucía,,,,,osm,36.8265432,-2.4485965,2026-05-18
José Bernal Peluquería,Fuengirola,Andalucía,,,,,osm,36.5454008,-4.6211586,2026-05-18
Mister A,Madrid,Madrid,,,,,osm,40.4230627,-3.7217631,2026-05-18
Macho,Madrid,Madrid,,,,,osm,40.4341432,-3.7025975,2026-05-18
Peluquería Taurus,Vitoria-Gasteiz,Euskadi,,,,,osm,42.8451274,-2.6739524,2026-05-18
Perruqueria Anna,Navàs,Catalunya,,,,,osm,41.8995496,1.8792372,2026-05-18
Barberia Ionut,Lleida,Catalunya,,,,,osm,41.6225721,0.6228026,2026-05-18
Peluquería Charleston,Madrid,Madrid,,,,,osm,40.4424708,-3.6553346,2026-05-18
Macarro Peluqueros,Madrid,Madrid,,,,,osm,40.4422429,-3.6560428,2026-05-18
Peluquería París,Madrid,Madrid,,,,,osm,40.4392979,-3.6545575,2026-05-18
Peluquería Mogran,Madrid,Madrid,,,,,osm,40.4416776,-3.6544351,2026-05-18
Peluquería Dorothy,Madrid,Madrid,,,,,osm,40.4407751,-3.6533533,2026-05-18
L'Etoile,Madrid,Madrid,,,,,osm,40.4288637,-3.669796,2026-05-18
Madrigal,Madrid,Madrid,,,,,osm,40.4324595,-3.6727914,2026-05-18
Macho Sports Barbershop,Madrid,Madrid,,,,,osm,40.4294838,-3.6703201,2026-05-18
Style & Cut,Madrid,Madrid,,,,,osm,40.4350708,-3.675336,2026-05-18
Barbieri Peluqueros,Almuñécar,Andalucía,,,,,osm,36.7363931,-3.7450416,2026-05-18
Blanco y Negro,Madrid,Madrid,,,,,osm,40.4371737,-3.6507999,2026-05-18
Rafael Serra,Madrid,Madrid,,,,,osm,40.4348019,-3.6590803,2026-05-18
Molina y Ferrer,Madrid,Madrid,,,,,osm,40.4349357,-3.6571234,2026-05-18
Urban Look,Madrid,Madrid,,,,,osm,40.431125,-3.6590099,2026-05-18
Molina,Madrid,Madrid,,,,,osm,40.434339,-3.6567968,2026-05-18
Nacho Polo,Madrid,Madrid,,,,,osm,40.4337493,-3.6573267,2026-05-18
Estilistas,Vélez-Málaga,Andalucía,,,,,osm,36.7432897,-4.0950896,2026-05-18
Unisex,Vélez-Málaga,Andalucía,,,,,osm,36.7430799,-4.0945106,2026-05-18
Silvia Medrano Candel,Lleida,Catalunya,,,,,osm,41.6243603,0.6217811,2026-05-18
HL,Madrid,Madrid,,,,,osm,40.4341355,-3.6556909,2026-05-18
Chamorro,Madrid,Madrid,,,,,osm,40.4361949,-3.6543366,2026-05-18
Perruqueria Nou Mirall,Lleida,Catalunya,,,,,osm,41.6228298,0.6234461,2026-05-18
Barberia Abel Domenech,Lleida,Catalunya,,,,,osm,41.6218887,0.6241741,2026-05-18
Cavic's Perruqueria.,Balsareny,Catalunya,,,,,osm,41.9000871,1.8780162,2026-05-18
Paco Tomé Nogales,Manacor,Illes Balears,+34971963237,,,,osm,39.5699304,3.2094684,2026-05-18
Carmen Calderon,Vélez-Málaga,Andalucía,,,,,osm,36.7430964,-4.0975977,2026-05-18
Sara Unisex,Santa Cruz de Tenerife,Canarias,,,,,osm,28.4638687,-16.2567034,2026-05-18
Peluquería de Caballeros Roberto Parada,Albacete,Castilla-La Mancha,+34670265462,,,,osm,38.9945955,-1.8522562,2026-05-18
Antonio Peluquero,Albacete,Albacete,+34967211649,,,,osm,38.9940099,-1.8520021,2026-05-18
Academia de peluquería,Albacete,Castilla-La Mancha,,,,,osm,38.9947538,-1.8513588,2026-05-18
Gilso,Albacete,Castilla-La Mancha,,,,,osm,38.9969742,-1.8504222,2026-05-18
Albapelu,Albacete,Castilla-La Mancha,,,,,osm,38.9913668,-1.8482355,2026-05-18
Stylcolor,Lleida,Catalunya,,,,,osm,41.6225788,0.620785,2026-05-18
D'Bachata Barber Shop,Lleida,Catalunya,+34698425370,,,,osm,41.6225124,0.6193519,2026-05-18
Perruqueria Merçe Ruiz,Lleida,Catalunya,,,,,osm,41.6231943,0.6187766,2026-05-18
Estila,Madrid,Madrid,,,,,osm,40.4383737,-3.6530078,2026-05-18
Perruqueria Class - Núria Rosell,Lleida,Catalunya,,,,,osm,41.6213348,0.6217038,2026-05-18
Perruqueria Xin Qi Dian,Lleida,Catalunya,+34688159379,,,,osm,41.6240296,0.6229176,2026-05-18
Perruqueria Dietrich,Lleida,Catalunya,,,,,osm,41.6236183,0.6217154,2026-05-18
Hugo,Madrid,Madrid,,,,,osm,40.4291753,-3.6661498,2026-05-18
Carlos,Madrid,Madrid,,,,,osm,40.437056,-3.652595,2026-05-18
Peluquería Manoli Díaz,Mérida,Extremadura,+34924310356,,,http://blogpeluqueriamanolidiaz.es/,osm,38.917082,-6.3479053,2026-05-18
Barbería Salah,Albacete,Castilla-La Mancha,,,,,osm,38.9917381,-1.8476417,2026-05-18
Chicama,Salamanca,Castilla y León,,,,,osm,40.9671861,-5.6610395,2026-05-18
Óscar Alcalá,Madrid,Madrid,,,,,osm,40.4210754,-3.7091676,2026-05-18
Flap,Madrid,Madrid,,,,,osm,40.446993,-3.5868537,2026-05-18
Jose,Madrid,Madrid,,,,,osm,40.440491,-3.6437817,2026-05-18
Hombre Actual,Madrid,Madrid,,,,,osm,40.4406147,-3.6426491,2026-05-18
Alte,Madrid,Madrid,,,,,osm,40.4450031,-3.6339542,2026-05-18
Maniatics,Madrid,Madrid,,,,,osm,40.4246726,-3.7156945,2026-05-18
Broche,Madrid,Madrid,+34915599005,,,,osm,40.4293569,-3.721856,2026-05-18
Teresa,Inca,Illes Balears,,,,,osm,39.7190172,2.9008736,2026-05-18
J Perruquers,Lleida,Catalunya,,,,,osm,41.6234186,0.6198115,2026-05-18
La Barbería de Mau,Barcelona,Catalunya,,,,,osm,41.4037505,2.1421897,2026-05-18
Budia,Madrid,Madrid,,,,,osm,40.4314805,-3.7226311,2026-05-18
Asun,Girona,Catalunya,,,,,osm,41.9766164,2.8083664,2026-05-18
Rasel,Bilbao,Vizcaya,,,,,osm,43.2529654,-2.9138625,2026-05-18
Vergare,Bilbao,Euskadi,,,,,osm,43.2550386,-2.9176282,2026-05-18
Factory Barbershop,Girona,Catalunya,,,,,osm,41.9768729,2.8108319,2026-05-18
Mais,Girona,Catalunya,,,,,osm,41.9772545,2.8068624,2026-05-18
The Men's Hair Club,Madrid,Madrid,+34910424974,,,http://www.themenshairclub.com/,osm,40.4191261,-3.7068605,2026-05-18
Sampedro,Madrid,Madrid,,,,,osm,40.419136,-3.7067886,2026-05-18
María Alves,Madrid,Madrid,,,,,osm,40.4362171,-3.711225,2026-05-18
Juan Arco,Madrid,Madrid,+34914445869,,,,osm,40.4279026,-3.7039813,2026-05-18
La Perruqueria,Porqueres,Catalunya,,,,,osm,42.1179109,2.7652282,2026-05-18
Karina,Huesca/Uesca,Aragón,,,,,osm,42.1347836,-0.4050149,2026-05-18
Al Teu Estil,Porqueres,Catalunya,,,,,osm,42.1158544,2.7626816,2026-05-18
Ondas,Huesca/Uesca,Aragón,,,,,osm,42.135324,-0.4064655,2026-05-18
La Moderna,Huesca/Uesca,Aragón,,,,,osm,42.1359563,-0.4065197,2026-05-18
Vanity Fer,Aranda de Duero,Castilla y León,,,,,osm,41.6704647,-3.6795758,2026-05-18
Marina Peláez,Madrid,Madrid,,,,,osm,40.4304878,-3.7216663,2026-05-18
Paco,Madrid,Madrid,,,,,osm,40.4294912,-3.7206958,2026-05-18
Peluquería m&r,Huesca/Uesca,Aragón,,,,,osm,42.1360642,-0.4059829,2026-05-18
Escamilla,Albacete,Castilla-La Mancha,,,,,osm,38.9848832,-1.8533241,2026-05-18
Mariví,Aranda de Duero,Castilla y León,,,,,osm,41.6742632,-3.6837084,2026-05-18
Étnica,Adra,Andalucía,+34950401077,,,,osm,36.7469108,-3.015647,2026-05-18
Daniel Pelechá Estilistas,La Pobla de Vallbona,Comunitat Valenciana,,,,,osm,39.5876664,-0.5546695,2026-05-18
La Barbería de Puga,Adra,Andalucía,+34687836111,,,,osm,36.7472209,-3.016611,2026-05-18
Ninfa Centro de Salud y Belleza,Adra,Andalucía,,,,,osm,36.7472861,-3.0167418,2026-05-18
Honnit Barber Shop,Adra,Andalucía,+34642990747,,,,osm,36.7482995,-3.0177364,2026-05-18
Moliné,Albacete,Castilla-La Mancha,,,,,osm,38.9968394,-1.8525181,2026-05-18
Matías / Isabel Clara,Albacete,Castilla-La Mancha,,,,,osm,38.9852019,-1.8649827,2026-05-18
Barbería Flow,Albacete,Castilla-La Mancha,,,,,osm,38.9853031,-1.8652569,2026-05-18
Las Siete Islas,Almería,Andalucía,,,,,osm,36.8438534,-2.4459493,2026-05-18
Hair Rock,Rincón de la Victoria,Andalucía,,,,,osm,36.7152317,-4.3104314,2026-05-18
Celia Lizana Peluquería,La Cala del Moral,Andalucía,+34606698003,,,,osm,36.7153902,-4.3104461,2026-05-18
Euphoria Estilistas,Albacete,Castilla-La Mancha,,,,,osm,38.9982219,-1.8533126,2026-05-18
Almudena Gómez,Aracena,Andalucía,,,,,osm,37.8929349,-6.5608853,2026-05-18
Peluqueria Sarah,Gaucín,Andalucía,,,,,osm,36.5175861,-5.3158117,2026-05-18
Color moda,San Fernando de Henares,Madrid,,,,,osm,40.4245654,-3.5434912,2026-05-18
Peluquería Yoana,Mombeltrán,Castilla y León,,,,,osm,40.2585416,-5.0193365,2026-05-18
Peluquería Ara,Vitigudino,Castilla y León,,,,,osm,41.0087239,-6.4350471,2026-05-18
CEM,Lleida,Catalunya,,,,,osm,41.6212806,0.621937,2026-05-18
Eloy Cases,Lleida,Catalunya,,,,,osm,41.621416,0.6222651,2026-05-18
Faic'os,Madrid,Madrid,,,,,osm,40.4280133,-3.7192595,2026-05-18
Peluquería Lita,Vitigudino,Castilla y León,,,,,osm,41.0092508,-6.4345357,2026-05-18
B-612,Madrid,Madrid,+34915414884,,,http://www.beseiscientosdoce.com/,osm,40.4126064,-3.6971371,2026-05-18
Cachet,Madrid,Madrid,,,,,osm,40.4109106,-3.6960078,2026-05-18
Imagen,Huesca/Uesca,Aragón,,,,,osm,42.1385809,-0.4050881,2026-05-18
Alberto,Huesca/Uesca,Aragón,,,,,osm,42.138584,-0.4046462,2026-05-18
Stiletto,Huesca/Uesca,Aragón,,,,,osm,42.1388085,-0.4045959,2026-05-18
2 a Dos,Madrid,Madrid,,,,,osm,40.4472591,-3.650368,2026-05-18
Arte Español,Madrid,Madrid,,,,,osm,40.4431378,-3.6524365,2026-05-18
González Díaz,Madrid,Madrid,,,,,osm,40.4446396,-3.6515271,2026-05-18
La Navaja,Huesca/Uesca,Aragón,,,,,osm,42.1373299,-0.4050888,2026-05-18
Ana's,Huesca/Uesca,Aragón,,,,,osm,42.1372035,-0.4044167,2026-05-18
Pelope,Huesca/Uesca,Aragón,,,,,osm,42.1378038,-0.4045711,2026-05-18
The cutshop 622,Rincón de la Victoria,Andalucía,+34671797718,,,,osm,36.714029,-4.2747076,2026-05-18
José,Huesca/Uesca,Aragón,,,,,osm,42.1372564,-0.4036805,2026-05-18
Estudio 26,Madrid,Madrid,,,,,osm,40.4347195,-3.67047,2026-05-18
Peluquería Studybell,Vitigudino,Castilla y León,,,,,osm,41.0086983,-6.4357039,2026-05-18
The Camavinga House Peluquería y Estética,Madrid,Madrid,,,,,osm,40.4368947,-3.7031419,2026-05-18
Low Cost,Aracena,Andalucía,,,,,osm,37.8926212,-6.564382,2026-05-18
Rogelaine Imagen - Centro de belleza,Madrid,Madrid,,,,,osm,40.385508,-3.6892025,2026-05-18
Chamberí 5,Madrid,Madrid,+34917273903,,,,osm,40.4331314,-3.6969593,2026-05-18
Elios,Elda,Comunitat Valenciana,,,,,osm,38.4729477,-0.7980154,2026-05-18
Academia Llongueras,Elda,Comunitat Valenciana,,,,,osm,38.4745925,-0.789437,2026-05-18
Carlos Jiménez,Madrid,Madrid,,,,,osm,40.432713,-3.708395,2026-05-18
Peluquería Ana Álvarez,Oviedo,Asturias / Asturies,,,,,osm,43.3669814,-5.8787386,2026-05-18
Capelu,Miranda de Ebro,Castilla y León,,,,,osm,42.6886929,-2.938624,2026-05-18
Monika G peluquería,Yaiza,Canarias,,,,,osm,28.8632544,-13.831194,2026-05-18
Luan & Formas,Madrid,Madrid,,,,,osm,40.4260083,-3.7123035,2026-05-18
Jon Peluqueria,Bilbao,Euskadi,,,,,osm,43.2578704,-2.9228254,2026-05-18
Margot Molares,Vigo,Pontevedra,,,,,osm,42.2325617,-8.7154866,2026-05-18
Alen,Bilbao,Euskadi,,,,,osm,43.2580942,-2.9255395,2026-05-18
Logan Piercing,Bilbao,Euskadi,,,,,osm,43.2579282,-2.9254751,2026-05-18
Jon Sahuquillo,Madrid,Madrid,+34910093157,,,,osm,40.4215383,-3.6979277,2026-05-18
Divine,Bilbao,Euskadi,,,,,osm,43.2581106,-2.9260609,2026-05-18
Dekumas,Bilbao,Euskadi,,,,,osm,43.2579877,-2.9260218,2026-05-18
Peluquería Javier,Madrid,Madrid,+34913511619,,,,osm,40.43496,-3.7976734,2026-05-18
Peluquería de Señoras,Madrid,Madrid,,,,,osm,40.4089744,-3.7004885,2026-05-18
Salomón,Madrid,Madrid,+34910256039,,,,osm,40.4333103,-3.7005255,2026-05-18
Reyn,Madrid,Madrid,+34912591617,,,http://www.reyn.es/,osm,40.4057465,-3.7233476,2026-05-18
Peluquería Yolanda,Elx / Elche,Comunitat Valenciana,,,,,osm,38.2719308,-0.7111653,2026-05-18
Ana Rico,Bilbao,Euskadi,,,,,osm,43.2578115,-2.9232984,2026-05-18
Cutting UP!,Bilbao,Euskadi,,,,,osm,43.2574127,-2.9230393,2026-05-18
Dl Caballeros,Bilbao,Euskadi,,,,,osm,43.2581029,-2.9205969,2026-05-18
Bilbo Streets,Bilbao,Euskadi,,,,,osm,43.2564,-2.9222621,2026-05-18
Move,Bilbao,Euskadi,,,,,osm,43.2557978,-2.9235262,2026-05-18
Tanger I.R.T,Bilbao,Vizcaya,,,,,osm,43.256432,-2.9231928,2026-05-18
Zure,Bilbao,Euskadi,,,,,osm,43.2567821,-2.923022,2026-05-18
Método Am,Bilbao,Euskadi,,,,,osm,43.2571019,-2.9228411,2026-05-18
Barbería de los Austrias,Madrid,Madrid,,,,,osm,40.416082,-3.7094724,2026-05-18
Peluquero Estilista,El Ejido,Andalucía,,,,,osm,36.6968903,-2.7896382,2026-05-18
Zona Curly,Bilbao,Euskadi,,,,,osm,43.2562175,-2.9244733,2026-05-18
Naom,Madrid,Madrid,+34685842744,,,http://www.naom.es/,osm,40.4164667,-3.7091722,2026-05-18
Haptica,Bilbao,Euskadi,,,,,osm,43.2568276,-2.9244601,2026-05-18
Bella Imagen,Los Llanos de Aridane,Canarias,,,,,osm,28.6584422,-17.9088189,2026-05-18
Adamana,Los Llanos de Aridane,Canarias,,,,,osm,28.6585964,-17.9081899,2026-05-18
Miriam Peluqueria,Bilbao,Euskadi,,,,,osm,43.250924,-2.922942,2026-05-18
Colores,Bilbao,Euskadi,,,,,osm,43.2541927,-2.9232218,2026-05-18
Il Salone,Miranda de Ebro,Castilla y León,,,,,osm,42.6867455,-2.9426139,2026-05-18
Peluquería Cervantes,Miranda de Ebro,Castilla y León,,,,,osm,42.6836143,-2.9469323,2026-05-18
Claudia,Miranda de Ebro,Castilla y León,,,,,osm,42.6878332,-2.9395797,2026-05-18
Isabel Juez,Miranda de Ebro,Castilla y León,,,,,osm,42.6878596,-2.9385891,2026-05-18
Elena Larrea,Miranda de Ebro,Castilla y León,,,,,osm,42.6837081,-2.9454566,2026-05-18
Rizzos,Miranda de Ebro,Castilla y León,,,,,osm,42.6812014,-2.9428589,2026-05-18
Peluqueria Pratiko,Santa Cruz de Tenerife,Canarias,,,,,osm,28.4799241,-16.2447919,2026-05-18
Zas Unión Aveda,Bilbao,Vizcaya,,,,,osm,43.261819,-2.9257528,2026-05-18
Alejandro Herrero,Bilbao,Euskadi,,,,,osm,43.2621458,-2.9245448,2026-05-18
Salomon,Bilbao,Vizcaya,,,,,osm,43.2623898,-2.9290909,2026-05-18
Gabriela,Bilbao,Euskadi,,,,,osm,43.261887,-2.9267954,2026-05-18
Oskar,Miranda de Ebro,Castilla y León,,,,,osm,42.6845213,-2.942819,2026-05-18
Pepeluquero,Chiclana de la Frontera,Andalucía,,,,,osm,36.4234969,-6.1405984,2026-05-18
Raúl Zarcoteam,Madrid,Madrid,,,,,osm,40.4202251,-3.5673063,2026-05-18
Venus,Calvià,Illes Balears,,,,,osm,39.4900891,2.4811568,2026-05-18
Tonny's Hair,Madrid,Madrid,,,,,osm,40.4207236,-3.5672645,2026-05-18
Colado,Madrid,Madrid,+34911389664,,,http://carloscolado.com/,osm,40.425242,-3.6981336,2026-05-18
Odyss,Miranda de Ebro,Castilla y León,,,,,osm,42.6897204,-2.9410452,2026-05-18
Atriss,Miranda de Ebro,Castilla y León,,,,,osm,42.6878351,-2.9408249,2026-05-18
Nilda,Madrid,Madrid,+34910113959,,,,osm,40.399712,-3.7209363,2026-05-18
Selene,Miranda de Ebro,Castilla y León,,,,,osm,42.6884063,-2.9395361,2026-05-18
AM Peluqueros,Miranda de Ebro,Castilla y León,,,,,osm,42.6858313,-2.9369472,2026-05-18
Jesús de la Calle,Bilbao,Euskadi,+34944005313,,,,osm,43.2630766,-2.9270951,2026-05-18
AnDmar,Barcelona,Catalunya,,,,,osm,41.4176077,2.1807886,2026-05-18
Inmaculada Gómez,Miranda de Ebro,Castilla y León,,,,,osm,42.6881468,-2.9465139,2026-05-18
Carácter,Miranda de Ebro,Castilla y León,,,,,osm,42.6853943,-2.9504268,2026-05-18
Cambioycorto,Bilbao,Euskadi,,,,,osm,43.2599723,-2.9347562,2026-05-18
Cambio y Corto,Bilbao,Euskadi,,,,https://cambioycorto.es/,osm,43.2604628,-2.9345484,2026-05-18
Oh My Cut!,Bilbao,Euskadi,,,,,osm,43.2598259,-2.9345576,2026-05-18
Peluguería,Bilbao,Euskadi,+34944666115,,,,osm,43.2598051,-2.9342631,2026-05-18
Pelos,Bilbao,Euskadi,,,,,osm,43.2606202,-2.9337958,2026-05-18
Enexo,Bilbao,Euskadi,,,,,osm,43.2599005,-2.9345352,2026-05-18
Extensión,Madrid,Madrid,,,,https://www.extensionmania.com,osm,40.4309958,-3.7163248,2026-05-18
Noa,Bilbao,Euskadi,,,,,osm,43.2629487,-2.9303593,2026-05-18
Pángola,Miranda de Ebro,Castilla y León,,,,,osm,42.6868236,-2.9472629,2026-05-18
Isa & Cris,Miranda de Ebro,Castilla y León,,,,,osm,42.6840428,-2.9476593,2026-05-18
Lea,A Coruña,Galicia,,,,,osm,43.3626807,-8.4212084,2026-05-18
La Peluqueria,A Coruña,Galicia,,,,,osm,43.3622473,-8.4207909,2026-05-18
Peluqueria Unisex A&M,Madrid,Madrid,,,,,osm,40.4110834,-3.6976353,2026-05-18
Montserrat Cuéllar,Miranda de Ebro,Castilla y León,,,,,osm,42.6827818,-2.9480741,2026-05-18
Ana Sagredo,Miranda de Ebro,Castilla y León,,,,,osm,42.6848482,-2.9480366,2026-05-18
Freixas & Divins,Barcelona,Catalunya,,,,,osm,41.4198373,2.1753859,2026-05-18
Ambròs,Barcelona,Catalunya,,,,,osm,41.4212044,2.1736685,2026-05-18
Barberia Daniel,Barcelona,Catalunya,,,,,osm,41.4205219,2.1735613,2026-05-18
My Pelu,Barcelona,Catalunya,,,,,osm,41.4173962,2.1801838,2026-05-18
Gemma Nieva,Miranda de Ebro,Castilla y León,,,,,osm,42.6850233,-2.9499893,2026-05-18
Maite,Miranda de Ebro,Castilla y León,,,,,osm,42.6862307,-2.9518524,2026-05-18
Sagrada Peluquería,Barcelona,Catalunya,+34934762690,,,,osm,41.4063101,2.1676401,2026-05-18
Mood,Barcelona,Catalunya,,,,,osm,41.404112,2.1651255,2026-05-18
Nieves Salón de Peluquería,Salamanca,Salamanca,+34923213037,,,,osm,40.96727,-5.6675643,2026-05-18
La Morla,Bilbao,Euskadi,,,,http://www.lamorla.com/,osm,43.2631787,-2.930332,2026-05-18
Rocío Lemos,O Porriño,Galicia,,,,,osm,42.1594123,-8.6165621,2026-05-18
Yolanda Aberasturi,Bilbao,Euskadi,+34944247285,,,https://yolandaaberasturi.com/,osm,43.2643758,-2.9293461,2026-05-18
Moma,Bilbao,Euskadi,,,,,osm,43.2645656,-2.9310729,2026-05-18
Trasquilones,Madrid,Madrid,+34913691709,,,,osm,40.4124927,-3.6985615,2026-05-18
Charo Alonso,Bilbao,Euskadi,,,,,osm,43.2664207,-2.9312854,2026-05-18
Las Pepitas,Bilbao,Euskadi,,,,,osm,43.2675113,-2.9317371,2026-05-18
Calas Hair,Bilbao,Euskadi,,,,,osm,43.2668085,-2.9332177,2026-05-18
Alaya,Barcelona,Catalunya,,,,,osm,41.4150495,2.1823592,2026-05-18
Enamorats,Barcelona,Catalunya,,,,,osm,41.407176,2.1836797,2026-05-18
Alicia ae Isabel,Miranda de Ebro,Castilla y León,,,,,osm,42.6856495,-2.9422641,2026-05-18
Ana de Diego,Miranda de Ebro,Castilla y León,,,,,osm,42.6856473,-2.9440663,2026-05-18
Beatriz Soler,Miranda de Ebro,Castilla y León,,,,,osm,42.6860531,-2.9423279,2026-05-18
Rubén Salazar,Miranda de Ebro,Castilla y León,,,,,osm,42.6866659,-2.9445088,2026-05-18
Olympe,Castelló d'Empúries,Catalunya,+34628350862,,,,osm,42.2673703,3.1483836,2026-05-18
Ruby,A Coruña,Galicia,,,,,osm,43.3595496,-8.4195101,2026-05-18
Stylos XXI,Santa Eulalia,Aragón,,,,,osm,40.5661326,-1.3145796,2026-05-18
Capriccio Bellezza Stile,Bilbao,Euskadi,,,,,osm,43.2667525,-2.9346343,2026-05-18
Blackbird Barber Concept,O Porriño,Galicia,,barber@blackbirdbarberconcept.com,,http://blackbirdconcept.com,osm,42.1630972,-8.6215995,2026-05-18
Hebe,Madrid,Madrid,,,,,osm,40.4243217,-3.7015081,2026-05-18
Bartolome,Ateca,Aragón,,,,,osm,41.3305935,-1.7921211,2026-05-18
JG Estilismo,Bilbao,Vizcaya,+34944230734,,,,osm,43.2663093,-2.9362431,2026-05-18
Evasion,Miranda de Ebro,Castilla y León,,,,,osm,42.6863324,-2.9420827,2026-05-18
Purple Estilistas,Miranda de Ebro,Castilla y León,,,,,osm,42.6858514,-2.9398971,2026-05-18
Hamza the barber,Miranda de Ebro,Castilla y León,+34947690941,,,https://yeasy.io/commerce/ccf7531f-6218-43f2-b9bf-0cd152cdfe14,osm,42.6859353,-2.9397482,2026-05-18
Clara,Miranda de Ebro,Castilla y León,,,,,osm,42.6869155,-2.9411039,2026-05-18
Peluquería Tania Martín,Santa Eulalia del Campo,Aragón,+34625498516,,,,osm,40.5706585,-1.3125898,2026-05-18
HA Salon de Peluqueria,Bilbao,Euskadi,+34944244358,,,,osm,43.2653961,-2.9358497,2026-05-18
Carlos,Bilbao,Vizcaya,+34944249350,,,https://www.peluqueriacarlosbilbao.com/,osm,43.2650856,-2.9363429,2026-05-18
Reina,Miranda de Ebro,Castilla y León,,,,,osm,42.6870069,-2.9397099,2026-05-18
Salu Estilistas,Bilbao,Euskadi,,,,,osm,43.2648131,-2.9340741,2026-05-18
Mercel Arranz,Bilbao,Euskadi,,,,,osm,43.2644477,-2.9315222,2026-05-18
Iñaki Iglesias,Bilbao,Euskadi,,,,,osm,43.2632502,-2.9315485,2026-05-18
Avenue,Bilbao,Euskadi,,,,,osm,43.2634386,-2.9324067,2026-05-18
White colors Hair&Beauty,Bilbao,Vizcaya,,,,,osm,43.263848,-2.9342492,2026-05-18
Volumen 3,Benidorm,Comunitat Valenciana,+34632151625,,,,osm,38.5402653,-0.1337815,2026-05-18
Bali,Benidorm,Comunitat Valenciana,,,,,osm,38.5407638,-0.133276,2026-05-18
Chic Bilbao,Bilbao,Euskadi,+34946073516,,,https://chicbilbao.com,osm,43.2613824,-2.9332516,2026-05-18
Stilist@s,San Fernando de Henares,Madrid,,,,,osm,40.4270769,-3.5456326,2026-05-18
La Favela,Bilbao,Euskadi,,,,,osm,43.2615673,-2.9346413,2026-05-18
Le Cabaret,Bilbao,Euskadi,,,,,osm,43.2543997,-2.9241782,2026-05-18
Minerva,Madrid,Madrid,,,,,osm,40.4104273,-3.7129628,2026-05-18
Taibi,Bilbao,Euskadi,,,,,osm,43.2560012,-2.9290946,2026-05-18
Peluqueria de Jovenes,Bilbao,Euskadi,,,,,osm,43.2563999,-2.9301095,2026-05-18
Saint Agnes Afro Shop,Bilbao,Euskadi,,,,,osm,43.2566723,-2.9315788,2026-05-18
Perruqueria Txus,Gironella,Catalunya,,,,,osm,42.033951,1.8793429,2026-05-18
Bienvenid@s,Bilbao,Euskadi,,,,,osm,43.2563538,-2.9295207,2026-05-18
"Alva,g",Bilbao,Euskadi,,,,,osm,43.2574202,-2.9282066,2026-05-18
Hernani,Bilbao,Euskadi,,,,,osm,43.2568373,-2.9282241,2026-05-18
Luit,Bilbao,Euskadi,,,,,osm,43.2586509,-2.9312163,2026-05-18
Pelugaeria Kalsia,Bilbao,Euskadi,,,,,osm,43.2584564,-2.9317798,2026-05-18
F & J Studio,Bilbao,Euskadi,,,,,osm,43.2588051,-2.93119,2026-05-18
Cal Xurit - Barberia,Organyà,Catalunya,,,,,osm,42.1732593,1.3169836,2026-05-18
Perruqueria Lourdes,Organyà,Catalunya,,,,,osm,42.1735038,1.3165571,2026-05-18
A do Pelucas,Noia,Galicia,,,,,osm,42.7934617,-8.9468909,2026-05-18
Doña ValenTia,València,Comunitat Valenciana,,,,,osm,39.4768893,-0.3805444,2026-05-18
Butter,València,Comunitat Valenciana,,,,,osm,39.4691187,-0.3797361,2026-05-18
Kalsia,Bilbao,Euskadi,,,,,osm,43.257791,-2.9329337,2026-05-18
Peluquería De Señoras,Bilbao,Vizcaya,,,,,osm,43.2572493,-2.9334262,2026-05-18
Charly Best,Bilbao,Vizcaya,,,,,osm,43.2562764,-2.9329904,2026-05-18
Yeray,Bilbao,Euskadi,,,,,osm,43.2563138,-2.9329718,2026-05-18
Toni,Madrid,Madrid,,,,,osm,40.4206081,-3.7009396,2026-05-18
Manuel Perales,Bilbao,Euskadi,,,,,osm,43.2598033,-2.9311154,2026-05-18
V&M Peluqueros,Bilbao,Euskadi,,,,http://www.vmpeluqueros.com/,osm,43.2591568,-2.9310923,2026-05-18
La Barberia Del Noste,Bilbao,Euskadi,,,,,osm,43.2591689,-2.9317458,2026-05-18
Goias,Bilbao,Euskadi,+34944214917,,,,osm,43.2586019,-2.9320358,2026-05-18
Laura & Mar Estilistas,Madrid,Madrid,,,,,osm,40.4399685,-3.7900892,2026-05-18
Peluquería Amaya,Bilbao,Euskadi,,,,,osm,43.2585286,-2.9326292,2026-05-18
Retoke's,Bilbao,Vizcaya,,,,,osm,43.2574453,-2.9349488,2026-05-18
Natural Hair,Bilbao,Vizcaya,,,,,osm,43.2576085,-2.9352418,2026-05-18
Pelugueria Y Estetica,Bilbao,Vizcaya,,,,,osm,43.2576607,-2.9353353,2026-05-18
Babby's,Bilbao,Vizcaya,,,,,osm,43.2576457,-2.9354784,2026-05-18
Peluqueria,Bilbao,Vizcaya,,,,,osm,43.2574337,-2.9354462,2026-05-18
Peluqueria Aminta,Bilbao,Vizcaya,+34944794146;+34679276664,,,,osm,43.2574318,-2.9353859,2026-05-18
Barber,Bilbao,Euskadi,,,,,osm,43.2574916,-2.9366998,2026-05-18
NS Peluqueria Barberia,Bilbao,Euskadi,,,,,osm,43.2583076,-2.9364612,2026-05-18
ETERNIAN Estilistas,Bilbao,Euskadi,+34944078611,,,http://www.eternianbilbaoestilistas.com,osm,43.2583661,-2.9360178,2026-05-18
Yordy & Cler Estilistas,Bilbao,Euskadi,,,,,osm,43.2582655,-2.9358762,2026-05-18
Peluqueria Universal,Bilbao,Euskadi,,,,,osm,43.2581791,-2.9355319,2026-05-18
KB Zas,Bilbao,Vizcaya,,,,,osm,43.2589131,-2.9364545,2026-05-18
Artetxe 3,Bilbao,Euskadi,,,,,osm,43.2598263,-2.9359043,2026-05-18
Peluqueria Cristina,Mejorada,Castilla-La Mancha,,,,,osm,40.0095208,-4.8844288,2026-05-18
Peluquería Josefina,Mejorada,Castilla-La Mancha,,,,,osm,40.0112819,-4.8850706,2026-05-18
S & B Peluqueria,Bilbao,Euskadi,,,,,osm,43.2651827,-2.9441563,2026-05-18
Salon Zahari,Guía de Isora,Canarias,,,,,osm,28.2384061,-16.8407119,2026-05-18
Perruqueria Montse,Vallgorguina,Catalunya,,,,,osm,41.6490733,2.5075855,2026-05-18
"OLÉ Peluquería, Tatoo, Belleza y Depilación Láser",Valladolid,Valladolid,+34983290300,,,https://www.olepeluqueros.es/,osm,41.6470783,-4.719751,2026-05-18
Contrasthes,Madrid,Madrid,,,,,osm,40.4337417,-3.7997861,2026-05-18
Peluquería Maider,Basauri,Euskadi,,,,,osm,43.2495623,-2.9318183,2026-05-18
PELUQUERIA MIX BELEN,Basauri,Euskadi,,,,,osm,43.2482636,-2.9323172,2026-05-18
Emetres,Basauri,Euskadi,,,,,osm,43.2491379,-2.9290845,2026-05-18
Gentil 2,Bilbao,Vizcaya,,,,,osm,43.2490383,-2.9272973,2026-05-18
G12,Basauri,Euskadi,,,,,osm,43.2476152,-2.9317532,2026-05-18
María Jesús Echeverría,Bilbao,Euskadi,,,,http://www.mjepeluqueros.com/,osm,43.2628351,-2.9377141,2026-05-18
Bombien,Bilbao,Euskadi,,,,,osm,43.261416,-2.940502,2026-05-18
Alhoa,Bilbao,Euskadi,,,,,osm,43.2614311,-2.9405853,2026-05-18
Floren Víctor,Bilbao,Euskadi,,,,,osm,43.2620883,-2.9418694,2026-05-18
Zaide & Susan,Madrid,Madrid,,,,,osm,40.424233,-3.7011968,2026-05-18
Hairdressing Saloon,Bilbao,Euskadi,,,,,osm,43.2633439,-2.940145,2026-05-18
Auladell Peluqueros,Bilbao,Euskadi,,,,,osm,43.263695,-2.9401043,2026-05-18
Peluquería Milefiori,Madrid,Madrid,,,,,osm,40.4470337,-3.8005585,2026-05-18
Sanabria,Madrid,Madrid,,,,,osm,40.4325711,-3.7045401,2026-05-18
RD Andreas Estética Peluquería,Bilbao,Euskadi,,,,,osm,43.2648678,-2.9448972,2026-05-18
Maria Ruiz,Bilbao,Euskadi,,,,,osm,43.2633275,-2.9422596,2026-05-18
Jesús de la Calle Inspiracion,Bilbao,Euskadi,,,,,osm,43.2633961,-2.94262,2026-05-18
Irexlu,Barcelona,Catalunya,,,,,osm,41.4244742,2.1822306,2026-05-18
Garriga,Barcelona,Barcelona,,,,,osm,41.3957301,2.1762418,2026-05-18
Giovanni Zanetti,Bilbao,Euskadi,,,,,osm,43.2622741,-2.9438047,2026-05-18
Momo Estilismo,Bilbao,Euskadi,,,,,osm,43.2637532,-2.9442312,2026-05-18
María Sánchez Estilistas,Bilbao,Euskadi,,,,,osm,43.2626141,-2.945938,2026-05-18
Campos,Bilbao,Euskadi,,,,,osm,43.2627138,-2.944239,2026-05-18
Qué Pelos!,Barcelona,Catalunya,,,,,osm,41.4142475,2.1807991,2026-05-18
Pablo González,Barcelona,Catalunya,,,,,osm,41.4101874,2.1715941,2026-05-18
Dos,Barcelona,Catalunya,,,,,osm,41.4116529,2.1752009,2026-05-18
Barberia Ademar,Barcelona,Catalunya,+34936042952,,,,osm,41.3987566,2.1728797,2026-05-18
Conca,Barcelona,Catalunya,,,,,osm,41.4130402,2.1807108,2026-05-18
Perruqueria Boix,Anglès,Catalunya,+34972420606,,,,osm,41.9550381,2.6395531,2026-05-18
Josther,Madrid,Madrid,,,,,osm,40.4822939,-3.7109654,2026-05-18
Loren,Madrid,Madrid,,,,,osm,40.4814881,-3.7103612,2026-05-18
Pedro,Madrid,Madrid,,,,,osm,40.477861,-3.7144683,2026-05-18
Peluquería Lola,Siero,Asturias / Asturies,,,,,osm,43.384933,-5.7032917,2026-05-18
Jazmín,Adeje,Canarias,,,,,osm,28.0538282,-16.7149367,2026-05-18
Grisel Fortuny Estilistas,Coslada,Madrid,+34916747850,,,,osm,40.4254479,-3.5532315,2026-05-18
Xurxo López -Salón de Peluquería - Barbería,Santiago de Compostela,Galicia,+34689924002,,,,osm,42.8674247,-8.5543323,2026-05-18
Tendencias Peluquería & Estética,Santiago de Compostela,Galicia,,,,,osm,42.8661465,-8.5556924,2026-05-18
Logus,Ferrol,Galicia,,,,,osm,43.5007726,-8.2039035,2026-05-18
Dobre Eme,Ferrol,Galicia,+34981389671,,,,osm,43.5006429,-8.2033478,2026-05-18
Carme Costa,Castellterçol,Catalunya,,,,,osm,41.7515867,2.121036,2026-05-18
Wick & Loop,Madrid,Madrid,,,,,osm,40.4748368,-3.7130615,2026-05-18
Boticelli,Majadahonda,Madrid,,,,,osm,40.4527669,-3.8692165,2026-05-18
Peluquería Mino,Llangréu / Langreo,Asturias / Asturies,,,,,osm,43.3273411,-5.7194267,2026-05-18
Esencial,Nerja,Andalucía,,,,,osm,36.7468339,-3.8810061,2026-05-18
Peluquería Stylo Joven,Fuentes de León,Extremadura,+34638721311,,,,osm,38.0675095,-6.5385545,2026-05-18
Perruqueria 36,Sant Boi de Llobregat,Catalunya,,,,,osm,41.3378798,2.0426443,2026-05-18
Perruqueria Lili,Sant Boi de Llobregat,Catalunya,+34936521956,,,,osm,41.3374045,2.0433243,2026-05-18
Peluqueria Arrabal,Zaragoza,Aragón,,,,,osm,41.6606599,-0.8762211,2026-05-18
Peluquería Laura Nicolay,Salamanca,Castilla y León,,,,,osm,40.9512232,-5.6414728,2026-05-18
Peluquería Esther Berrocal,Salamanca,Castilla y León,+34923133739,,,,osm,40.951204,-5.641283,2026-05-18
Merino,Madrid,Madrid,,,,,osm,40.4354061,-3.8138638,2026-05-18
HairKrone,Madrid,Madrid,,,,,osm,40.4341311,-3.8045109,2026-05-18
Peluquería Tetuán,Madrid,Madrid,,,,,osm,40.4349231,-3.8130121,2026-05-18
Jose Barber Shop,Llangréu / Langreo,Asturias / Asturies,,,,,osm,43.2970183,-5.6839651,2026-05-18
Peluqueria Carlos,Toledo,Toledo,+34925222059,,,,osm,39.8654675,-4.0268514,2026-05-18
Perruqueria Kumar's,Barcelona,Catalunya,,,,,osm,41.441388,2.2184443,2026-05-18
Rosa Romero,Aracena,Andalucía,+34687661848,,,,osm,37.8917485,-6.5660901,2026-05-18
Sandra Peluqueros,Zaragoza,Aragón,,,,,osm,41.6505605,-0.9143316,2026-05-18
Andy,Zaragoza,Aragón,,,,,osm,41.6505642,-0.9160092,2026-05-18
NaPi Estilistas,Zaragoza,Aragón,,,,,osm,41.6499092,-0.917026,2026-05-18
g by angela,Zaragoza,Aragón,,,,,osm,41.6498543,-0.9177685,2026-05-18
Peluquería A tu Aire,Zaragoza,Aragón,,,,,osm,41.6432869,-0.9153455,2026-05-18
Alberto & Frank,Zaragoza,Aragón,,,,,osm,41.6419964,-0.9111317,2026-05-18
Pinky's,Zaragoza,Aragón,,,,,osm,41.6429058,-0.9109351,2026-05-18
Los Ángeles,Zaragoza,Aragón,,,,,osm,41.6434935,-0.9114611,2026-05-18
Puas,Zaragoza,Aragón,,,,,osm,41.6451331,-0.9105268,2026-05-18
Eclipse Estilistas,Zaragoza,Aragón,,,,,osm,41.6445895,-0.9075543,2026-05-18
Peluquería Brooklyn,Zaragoza,Aragón,,,,,osm,41.6461723,-0.9145094,2026-05-18
Peluquería New Stil Unisex,Zaragoza,Aragón,,,,,osm,41.6487283,-0.9145628,2026-05-18
Peluquería Pilar Bueno,Zaragoza,Aragón,,,,,osm,41.6499395,-0.9158259,2026-05-18
Peluquería Rosa Romero,Zaragoza,Aragón,,,,,osm,41.6495793,-0.9119418,2026-05-18
Peluquería Wicko,Zaragoza,Aragón,,,,,osm,41.6484525,-0.9132856,2026-05-18
Marvin's Stylist,Zaragoza,Aragón,,,,,osm,41.6507119,-0.9099509,2026-05-18
Estilistas Estheral,Zaragoza,Aragón,,,,,osm,41.6500349,-0.9100768,2026-05-18
Nuevos Aires,Zaragoza,Aragón,,,,,osm,41.6499485,-0.91019,2026-05-18
Peluquería Isa,Barcelona,Catalunya,,,,,osm,41.4394435,2.2171332,2026-05-18
Olga,Frómista,Castilla y León,,,,,osm,42.2664265,-4.4064063,2026-05-18
Peluqueria Angel,València,Comunitat Valenciana,+34963676136,,,,osm,39.4614772,-0.3326827,2026-05-18
Peluquerìa Marco Aldany,Zaragoza,Aragón,,,,,osm,41.6457904,-0.88944,2026-05-18
Mayte García,Valladolid,Castilla y León,,,,,osm,41.6592787,-4.730701,2026-05-18
Peluquería Masculina Roberto Morales,Ourense,Galicia,,,,,osm,42.3353483,-7.8598213,2026-05-18
Peluquería Femenina Nova Cibeles,Ourense,Galicia,,,,,osm,42.3352463,-7.8597545,2026-05-18
YAS,Zaragoza,Aragón,,,,,osm,41.6501674,-0.9141718,2026-05-18
Peluquería Alí,Zaragoza,Aragón,,,,,osm,41.648143,-0.9136895,2026-05-18
Haynes Peluquería,Zaragoza,Aragón,,,,,osm,41.6504779,-0.9115446,2026-05-18
Tussen,Zaragoza,Aragón,,,,,osm,41.6492828,-0.9108276,2026-05-18
Peluquería Nuria Fernández,Zaragoza,Aragón,,,,,osm,41.6509738,-0.9120114,2026-05-18
Adam Peluquería,Zaragoza,Aragón,,,,,osm,41.651121,-0.9125304,2026-05-18
Peluquería C.P.R.,Zaragoza,Aragón,,,,,osm,41.650654,-0.9123599,2026-05-18
Peluquería Caballeros David Costea,Zaragoza,Aragón,,,,,osm,41.650914,-0.9127136,2026-05-18
Balama,Zaragoza,Aragón,,,,,osm,41.6504121,-0.9141386,2026-05-18
Euphoria Style,Zaragoza,Aragón,,,,,osm,41.6503973,-0.9124891,2026-05-18
Team,Valladolid,Castilla y León,,,,,osm,41.6546416,-4.7220849,2026-05-18
Amai,Valladolid,Castilla y León,,,,,osm,41.6518421,-4.7253503,2026-05-18
Miguel cobos peluqueros,Valladolid,Castilla y León,,,,,osm,41.6518296,-4.724853,2026-05-18
Gema,Madrid,Madrid,,,,,osm,40.4361428,-3.8131084,2026-05-18
Estilo Único,Madrid,Madrid,,,,,osm,40.4349479,-3.8106654,2026-05-18
Karpe,Madrid,Madrid,,,,,osm,40.485084,-3.7002274,2026-05-18
Peluquería Caoba,Zaragoza,Aragón,,,,,osm,41.6493411,-0.9118552,2026-05-18
Broset & Remón,Zaragoza,Aragón,,,,,osm,41.6479541,-0.9172315,2026-05-18
Artigas,Zaragoza,Aragón,,,,,osm,41.6495686,-0.9160125,2026-05-18
Cirez,Zaragoza,Aragón,,,,,osm,41.649485,-0.9159728,2026-05-18
Silvia,Zaragoza,Aragón,,,,,osm,41.6481616,-0.9158363,2026-05-18
Peluquería David & Juan,Torrevieja,Comunitat Valenciana,,,,,osm,37.9799465,-0.6864914,2026-05-18
NaPi,Zaragoza,Aragón,,,,,osm,41.6499303,-0.9174598,2026-05-18
Aroa Peluquería,Zaragoza,Aragón,,,,,osm,41.6476195,-0.914129,2026-05-18
Peluquería Beni,Zaragoza,Aragón,,,,,osm,41.6488653,-0.9136755,2026-05-18
Peluquería Narros,Zaragoza,Aragón,,,,,osm,41.6458234,-0.9146543,2026-05-18
Passaró Istar,Zaragoza,Aragón,,,,,osm,41.643864,-0.9120337,2026-05-18
Atrezzo,Zaragoza,Aragón,,,,,osm,41.6413469,-0.9121349,2026-05-18
Peluquería J. Sánchez,Vitigudino,Castilla y León,+34923500835,,,,osm,41.0078167,-6.4354675,2026-05-18
Peluquería Stylo,Vitigudino,Castilla y León,,,,,osm,41.0076676,-6.4355491,2026-05-18
Peluquería Ninfa,Torrevieja,Comunitat Valenciana,,,,,osm,37.9836259,-0.6624325,2026-05-18
Emma's,Torrevieja,Comunitat Valenciana,,,,,osm,37.9850175,-0.6612095,2026-05-18
Cristina Galindo,Valladolid,Castilla y León,,,,,osm,41.6497596,-4.7183191,2026-05-18
PERRUQUERIA HUSSAIN,Barcelona,Catalunya,+34632350182;+34631362519,,,,osm,41.4066386,2.1686827,2026-05-18
Jesus Yus,Zaragoza,Aragón,,,,,osm,41.6449621,-0.9111368,2026-05-18
Olga Fumanal,Zaragoza,Aragón,,,,,osm,41.6444306,-0.9102407,2026-05-18
Sueños,Zaragoza,Aragón,,,,,osm,41.6432428,-0.9118383,2026-05-18
Menchu,Barakaldo,Euskadi,,,,,osm,43.2794057,-2.9809979,2026-05-18
Cleo,Zaragoza,Aragón,,,,,osm,41.6432831,-0.9103125,2026-05-18
Peluquería Markés,Zaragoza,Aragón,,,,,osm,41.6427273,-0.9100174,2026-05-18
Marisol,Madrid,Madrid,,,,,osm,40.4824143,-3.7016814,2026-05-18
Low Cost,Madrid,Madrid,,,,,osm,40.4760702,-3.7080876,2026-05-18
Espazo Vip,Tomiño,Galicia,+34986622961,,,,osm,41.9911393,-8.7424019,2026-05-18
Júcaro,Madrid,Madrid,,,,,osm,40.4194346,-3.7970877,2026-05-18
Daniel Almenar,Madrid,Madrid,,,,,osm,40.4196588,-3.7975713,2026-05-18
Peluquería Loly Alberca,Málaga,Málaga,,,,,osm,36.7283073,-4.4144483,2026-05-18
Juanes,Málaga,Málaga,,,,,osm,36.7279413,-4.4142604,2026-05-18
Peluquería y belleza,Zaragoza,Aragón,,,,,osm,41.6453736,-0.907374,2026-05-18
Peluquería Essencia,Málaga,Málaga,,,,,osm,36.7288663,-4.414578,2026-05-18
Marga Cerón,Málaga,Málaga,,,,,osm,36.7297294,-4.4138939,2026-05-18
Pablo Compón,Málaga,Málaga,,,,,osm,36.7296907,-4.4141068,2026-05-18
Peluquería y estética Xing Yue,Zaragoza,Aragón,,,,,osm,41.6513951,-0.9129764,2026-05-18
Peluquería Silvia Moya,Zaragoza,Aragón,,,,,osm,41.6452062,-0.9108833,2026-05-18
Peluquería Albiach Estilistas,Fuenlabrada,Madrid,+34916073174,,,,osm,40.2991196,-3.8103291,2026-05-18
Elisa Martín,Málaga,Málaga,,,,,osm,36.7325655,-4.4029655,2026-05-18
Sandra López,Málaga,Málaga,,,,,osm,36.7271829,-4.4129717,2026-05-18
Betty Peluquerías,Raxó,Galicia,+34986741156,bettypeluquerias@gmail.com,,,osm,42.397914,-8.7685932,2026-05-18
Corto y Cambio,Madrid,Madrid,+34915945190,,,http://www.peluqueriacortoycambio.es/es/,osm,40.4272399,-3.7035421,2026-05-18
Chic,Madrid,Madrid,,,,,osm,40.3973834,-3.7733375,2026-05-18
Mön Amöur,Valladolid,Castilla y León,,,,,osm,41.6427315,-4.7371186,2026-05-18
Christián Peluqueros,Málaga,Málaga,,,,,osm,36.7312711,-4.3967276,2026-05-18
Elena Cabrera,Málaga,Málaga,,,,,osm,36.7311213,-4.3966972,2026-05-18
Ana Aguilar,Málaga,Málaga,,,,,osm,36.7309805,-4.3965804,2026-05-18
Ikake,Vigo,Pontevedra,+34986211787,,,,osm,42.2144962,-8.7398604,2026-05-18
Alkimia,Málaga,Málaga,,,,,osm,36.7349409,-4.4129926,2026-05-18
Sandra Domínguez Peluqueros,Salamanca,Castilla y León,,,,,osm,40.9695502,-5.6549716,2026-05-18
Peluqueía,Vigo,Pontevedra,,,,,osm,42.2510332,-8.7014545,2026-05-18
Vanesma,Vigo,Pontevedra,,,,,osm,42.2157119,-8.7400933,2026-05-18
Homen's,Vigo,Pontevedra,,,,,osm,42.2190479,-8.7368439,2026-05-18
Roch Men,Vigo,Galicia,,,,,osm,42.2246962,-8.724067,2026-05-18
La Barbería de Madrid,Madrid,Madrid,,,,,osm,40.4261253,-3.7041609,2026-05-18
Elena Salgado,Valladolid,Castilla y León,,,,,osm,41.64972,-4.7220938,2026-05-18
Hair Peluqueros,Valladolid,Castilla y León,,,,,osm,41.650874,-4.7210145,2026-05-18
Peluquería Siomara,Pilar de la Horadada,Comunitat Valenciana,,,,,osm,37.8843503,-0.75518,2026-05-18
Barberia Jordi,Olvan,Catalunya,+34938220927,,,,osm,42.1041939,1.8544915,2026-05-18
Miguel Montés,Málaga,Málaga,,,,,osm,36.7207273,-4.4065911,2026-05-18
Peluqería Encarna,Málaga,Málaga,,,,,osm,36.720888,-4.4060098,2026-05-18
Artix,Valladolid,Castilla y León,,,,,osm,41.6624568,-4.7363859,2026-05-18
Llongueras,Málaga,Málaga,,,,,osm,36.723366,-4.395871,2026-05-18
Sprax,Madrid,Madrid,,,,,osm,40.4851931,-3.7043818,2026-05-18
Épica,Madrid,Madrid,,,,,osm,40.4867181,-3.7007007,2026-05-18
El Tocador,Málaga,Málaga,,,,,osm,36.723404,-4.3940423,2026-05-18
Peluquería Doytean,Vitigudino,Castilla y León,+34923500199,,,,osm,41.0093935,-6.4339898,2026-05-18
Corte y Cambio,Madrid,Madrid,,,,,osm,40.5032376,-3.6767842,2026-05-18
Zapping,Madrid,Madrid,,,,,osm,40.502381,-3.6761338,2026-05-18
Peluquería Cristián,Málaga,Málaga,,,,,osm,36.7224729,-4.3987935,2026-05-18
Markus,San Bartolomé de Tirajana,Canarias,,,,,osm,27.7599074,-15.5762103,2026-05-18
Eve,Santa Cruz de Tenerife,Canarias,,,,,osm,28.5221276,-16.3396906,2026-05-18
Peluquería Tarina,Allande,Asturias / Asturies,,,,,osm,43.2715984,-6.6123404,2026-05-18
Geni,Vigo,Galicia,,,,,osm,42.2236726,-8.729027,2026-05-18
Etnia,Valladolid,Castilla y León,,,,,osm,41.6488623,-4.7232409,2026-05-18
Peluquería M & M,Málaga,Málaga,,,,,osm,36.7215441,-4.4017487,2026-05-18
B&B,Vigo,Galicia,,,,,osm,42.2181119,-8.731337,2026-05-18
Ramiro Gil,Vigo,Pontevedra,,,,,osm,42.2336895,-8.722448,2026-05-18
Ada Reguero,Málaga,Málaga,,,,,osm,36.7214464,-4.4044913,2026-05-18
Estela,Narón,Galicia,+34981384356,,,,osm,43.4925792,-8.2059051,2026-05-18
Mogan,San Fernando de Henares,Madrid,+34665106659,,,http://www.creandoestilo.com,osm,40.4260596,-3.5371896,2026-05-18
Valino,Madrid,Madrid,,,,,osm,40.4168981,-3.6955986,2026-05-18
Basilio Peluqueros,Vigo,Pontevedra,+34986374329,,,,osm,42.2492374,-8.6965366,2026-05-18
Peluquería Rosa María Moreda,Vigo,Pontevedra,,,,,osm,42.2466702,-8.7006461,2026-05-18
Devisan,Ferrol,Galicia,,,,,osm,43.4820161,-8.2031022,2026-05-18
Patry,Ferrol,Galicia,+34981932928,peluqueria@peluqueriapatry.es,,https://www.peluqueriapatry.es/,osm,43.4836605,-8.2045925,2026-05-18
Sergio Armesto SAJ,Málaga,Málaga,,,,,osm,36.7214077,-4.4034959,2026-05-18
Rizos & Mechas,València,Comunitat Valenciana,,,,,osm,39.4690446,-0.391072,2026-05-18
Kali Barber Shop,Madrid,Madrid,,,,,osm,40.4590515,-3.6996998,2026-05-18
ADN,Madrid,Madrid,,,,,osm,40.5036037,-3.6681984,2026-05-18
Richis,Ferrol,Galicia,,,,,osm,43.4833575,-8.2015075,2026-05-18
La pelu de Laury,Ferrol,Galicia,,,,,osm,43.4812504,-8.2033148,2026-05-18
EseEne Peluqueros,València,Comunitat Valenciana,,,,,osm,39.4693001,-0.3791079,2026-05-18
Carche,Madrid,Madrid,,,,,osm,40.4365632,-3.7974304,2026-05-18
Mi Pelu,Madrid,Madrid,,,,,osm,40.5044123,-3.6726469,2026-05-18
3K peluqueros,Madrid,Madrid,+34917507264,info@3kpeluqueros.com,,http://3kpeluqueros.com/,osm,40.5007239,-3.6724699,2026-05-18
Castro e Cainzos,Curtis,Galicia,,,,,osm,43.1225186,-8.1474642,2026-05-18
Lucía Martín peluquería y estética,Málaga,Andalucía,,,,,osm,36.7207187,-4.3561531,2026-05-18
Rosa Davalf,Vigo,Pontevedra,,,,,osm,42.211739,-8.7497995,2026-05-18
Estoy Horrible,Madrid,Madrid,,,,,osm,40.4753042,-3.7013389,2026-05-18
Peluqueria Atenea,Vigo,Galicia,,,,,osm,42.2158942,-8.7471686,2026-05-18
Centro de depilación y estética Dune,Vigo,Galicia,,,,,osm,42.218029,-8.7417326,2026-05-18
Peluquería Canina,Vigo,Galicia,,,,,osm,42.2166107,-8.743865,2026-05-18
Charo Arruti,Donostia / San Sebastián,Euskadi,,,,,osm,43.3033362,-1.9749853,2026-05-18
Perruquers Ninot,Cervera,Catalunya,+34973530087,,,,osm,41.6696712,1.2726767,2026-05-18
Peluquería Mariazell,Ledrada,Castilla y León,,,,,osm,40.4694497,-5.7182962,2026-05-18
Cristina Igea Estilistas,Zaragoza,Aragón,,,,,osm,41.6719465,-0.8880186,2026-05-18
Inheba,Zaragoza,Aragón,,,,,osm,41.6719499,-0.8884295,2026-05-18
Sara Contreras,Valladolid,Valladolid,,,,,osm,41.6489407,-4.7109144,2026-05-18
Peluquería Aser,Vigo,Galicia,,,,,osm,42.225198,-8.7295282,2026-05-18
Melody,Vigo,Galicia,,,,,osm,42.1900014,-8.7762917,2026-05-18
Peluquería Hairmony,Madrid,Madrid,,,,https://hairmonycareandbeauty.com/,osm,40.4452181,-3.7860766,2026-05-18
Peluquería David Olmo,Málaga,Málaga,,,,,osm,36.7204085,-4.3565123,2026-05-18
Dolores Vila,Vigo,Pontevedra,,,,,osm,42.2450393,-8.6950687,2026-05-18
Perruqueria Quinming,Barcelona,Barcelona,,,,,osm,41.4158164,2.1954954,2026-05-18
Alberto's Caballeros,Madrid,Madrid,,,,,osm,40.4360933,-3.7989824,2026-05-18
Xtrem unisex,Palencia,Castilla y León,,,,,osm,42.0113981,-4.5221075,2026-05-18
Jacobo,Palencia,Castilla y León,,,,,osm,42.0136013,-4.5319941,2026-05-18
Belén Ruiz Estilista,Palencia,Castilla y León,,,,,osm,42.015651,-4.5328984,2026-05-18
Jesús dos,Vigo,Galicia,,,,,osm,42.2347893,-8.7198851,2026-05-18
Ramiro Gill,Vigo,Galicia,,,,,osm,42.2345871,-8.7193651,2026-05-18
L&O,Palma,Illes Balears,,,,,osm,39.5811329,2.67007,2026-05-18
El Rulo,Barcelona,Catalunya,,,,,osm,41.4164445,2.1951491,2026-05-18
Cervantes,Miranda de Ebro,Castilla y León,,,,,osm,42.6848008,-2.9463309,2026-05-18
SS,Miranda de Ebro,Castilla y León,,,,,osm,42.6863647,-2.9459623,2026-05-18
Cattleya,Miranda de Ebro,Castilla y León,,,,,osm,42.686413,-2.9456857,2026-05-18
Diviniti,Miranda de Ebro,Castilla y León,,,,,osm,42.6842963,-2.9424209,2026-05-18
Yolanda Arbáizar,Miranda de Ebro,Castilla y León,,,,,osm,42.68546,-2.9457624,2026-05-18
Peluquería María Lahoz,Alcalá de Henares,Madrid,,,,,osm,40.4846296,-3.3492906,2026-05-18
Peluquería Feeling,Alcalá de Henares,Madrid,,,,,osm,40.4858143,-3.3508608,2026-05-18
Peluquería Al Atlas,Alcalá de Henares,Madrid,,,,,osm,40.486152,-3.3514574,2026-05-18
Peluquería Capitia,Alcalá de Henares,Madrid,,,,,osm,40.4866599,-3.3510208,2026-05-18
Peluqueria Lydia,Arrasate / Mondragón,Euskadi,,,,,osm,43.1313743,-2.5395,2026-05-18
Huy,Palencia,Castilla y León,,,,,osm,42.0089384,-4.5363987,2026-05-18
Estética,Galapagar,Madrid,,,,,osm,40.633538,-4.0043802,2026-05-18
Marianleys,Galapagar,Madrid,,,,,osm,40.6335983,-4.0042279,2026-05-18
Traditional Barber Shop,Galapagar,Madrid,,,,,osm,40.6325909,-4.0038825,2026-05-18
El Tigri,Galapagar,Madrid,,,,,osm,40.6334476,-4.0043774,2026-05-18
Berzosa,Madrid,Madrid,,,,,osm,40.4176419,-3.7109201,2026-05-18
Andrade's 90 Peluqueros,Alcalá de Henares,Madrid,,,,,osm,40.4877423,-3.3543472,2026-05-18
Fabiola,Palencia,Castilla y León,,,,,osm,42.0034956,-4.5262315,2026-05-18
Rocío Gil,Palencia,Castilla y León,,,,,osm,42.0039522,-4.5270556,2026-05-18
Ana María,Palencia,Castilla y León,,,,,osm,42.0045111,-4.5274477,2026-05-18
Très,Palencia,Castilla y León,,,,,osm,42.0113426,-4.5332274,2026-05-18
Noves línies,Gandia,Comunitat Valenciana,,,,,osm,38.972325,-0.1806959,2026-05-18
Tu Stilo,Palencia,Castilla y León,,,,,osm,42.0122207,-4.5357521,2026-05-18
Joico,Palencia,Castilla y León,,,,,osm,42.0128821,-4.5354344,2026-05-18
Bogart,Palencia,Castilla y León,,,,,osm,42.0044216,-4.5297695,2026-05-18
Miguel,Villafranca del Bierzo,Castilla y León,,,,,osm,42.6062452,-6.8097285,2026-05-18
Peluqueria Arte y Color,Águilas,Murcia,,,,,osm,37.4104151,-1.57929,2026-05-18
Peluqueria Isabel,Águilas,Murcia,,,,,osm,37.4029782,-1.5806405,2026-05-18
Ana Isabel Díaz Sánchez,Águilas,Murcia,,,,,osm,37.4101211,-1.5861404,2026-05-18
Palace Peluquería,Zaragoza,Aragón,,,,,osm,41.6516383,-0.873853,2026-05-18
Atlantic Peluqueros,Las Palmas de Gran Canaria,Canarias,,,,,osm,28.0972277,-15.4461706,2026-05-18
José Bañobre,Ferrol,Galicia,,,,,osm,43.4926317,-8.2343652,2026-05-18
Sandra Vega,Villada,Castilla y León,,,,,osm,42.2508881,-4.9677158,2026-05-18
La poesie,Barcelona,Catalunya,,,,,osm,41.4098359,2.1938779,2026-05-18
Sangenjo,Madrid,Madrid,,,,,osm,40.4849218,-3.701242,2026-05-18
El Aseo,Melide,Galicia,,,,,osm,42.9142541,-8.0154691,2026-05-18
Farruco,Arzúa,Galicia,,,,,osm,42.9268341,-8.1630408,2026-05-18
Karema,Málaga,Málaga,,,,,osm,36.7407648,-4.4218236,2026-05-18
Ceco's,O Pino,Galicia,,,,,osm,42.9050182,-8.3615121,2026-05-18
Peluquería Virgim,,,,,,,osm,40.489033,-3.3469145,2026-05-18
Toño,O Pino,Galicia,,,,,osm,42.9054658,-8.3610676,2026-05-18
Diagonal,Valladolid,Valladolid,,,,,osm,41.6550878,-4.7237109,2026-05-18
Víctor Manuel,Oviedo,Asturias / Asturies,+34985240407,,,https://peluqueriavictormanuel.com/,osm,43.3671634,-5.8654292,2026-05-18
Oly Durán,Vigo,Pontevedra,,,,,osm,42.2140519,-8.7423442,2026-05-18
Romero Peluqueros,Murcia,Murcia,,,,,osm,37.9766901,-1.1048971,2026-05-18
Mauro Gastón,Santiago de Compostela,Galicia,,,,,osm,42.8824241,-8.5342541,2026-05-18
Roberto Peluqueros,Santiago de Compostela,Galicia,,,,,osm,42.8829984,-8.5313342,2026-05-18
Carmen Liras,Torquemada,Castilla y León,,,,,osm,42.0344349,-4.3196854,2026-05-18
Tianka,Ferrol,Galicia,,,,,osm,43.4933584,-8.2104431,2026-05-18
Begoña Zarzosa,Quintana del Puente,Castilla y León,,,,,osm,42.0850403,-4.2079017,2026-05-18
Carmen Anido,Santiago de Compostela,Galicia,,,,,osm,42.8814573,-8.5371942,2026-05-18
Macavi,Maliaño,Cantabria,,,,,osm,43.4276652,-3.8380413,2026-05-18
María Troya,Madrid,Madrid,,,,,osm,40.4215134,-3.6788233,2026-05-18
Sonia Martín,Madrid,Madrid,,,,,osm,40.4219769,-3.6803401,2026-05-18
Ynnova,Madrid,Madrid,,,,,osm,40.4403941,-3.7891832,2026-05-18
Éclat,Ferrol,Galicia,+34881953230,info@eclatpeluqueria.com,eclatpeluqueria,https://eclatpeluqueria.com/,osm,43.4824856,-8.2368704,2026-05-18
Pilar,Astudillo,Castilla y León,,,,,osm,42.1932294,-4.292951,2026-05-18
Amar,Bilbao,Euskadi,,,,,osm,43.2821775,-2.8633328,2026-05-18
Ana belen,Bilbao,Euskadi,,,,,osm,43.2835409,-2.862624,2026-05-18
Magna,Madrid,Madrid,,,,,osm,40.4831776,-3.7028727,2026-05-18
La Txitxarrería,Madrid,Madrid,,,,,osm,40.4330135,-3.80582,2026-05-18
El y Ella,Madrid,Madrid,,,,,osm,40.4323085,-3.8076306,2026-05-18
Carré Peluqueros,Madrid,Madrid,,,,,osm,40.4333105,-3.8056474,2026-05-18
Rafa,Baltanás,Castilla y León,,,,,osm,41.9378009,-4.2471512,2026-05-18
Peluquería Karma,,,,,,,osm,40.483686,-3.3481415,2026-05-18
9 Colors,Palma,Illes Balears,,,,,osm,39.6014092,2.6893819,2026-05-18
Peluquería de Caballeros Aurel,Alcalá de Henares,Madrid,,,,,osm,40.483013,-3.356485,2026-05-18
Peluqueros Basalo,Alcalá de Henares,Madrid,,,,,osm,40.4823962,-3.3561701,2026-05-18
Peluquería Blanco y Negro,Alcalá de Henares,Madrid,,,,,osm,40.4834816,-3.3560519,2026-05-18
Centro de Estética V&A,Alcalá de Henares,Madrid,,,,,osm,40.4829529,-3.3559644,2026-05-18
Ámbar,Madrid,Madrid,,,,,osm,40.3550497,-3.6982577,2026-05-18
Trocadero,Madrid,Madrid,,,,,osm,40.3543113,-3.6982791,2026-05-18
Trazzos,Madrid,Madrid,,,,,osm,40.3561141,-3.696478,2026-05-18
Stilís,Madrid,Madrid,,,,,osm,40.3553339,-3.697302,2026-05-18
Jalid,Madrid,Madrid,,,,,osm,40.4008991,-3.6933071,2026-05-18
Aires,Madrid,Madrid,,,,https://www.aires.es/,osm,40.3985649,-3.6944154,2026-05-18
Decisión,Oviedo,Asturias / Asturies,,,,,osm,43.3581506,-5.8486283,2026-05-18
Peluquería Milagros Lourdes,Alcalá de Henares,Madrid,,,,,osm,40.487709,-3.3534482,2026-05-18
Puri Iglesias,Cangas de Morrazo,Galicia,,,,,osm,42.3274031,-8.7829348,2026-05-18
Bruno Rdguez,Cangas de Morrazo,Galicia,,,,,osm,42.2638784,-8.7818339,2026-05-18
Gemma,Madrid,Madrid,+34917985582,,,,osm,40.3526977,-3.6999355,2026-05-18
Peluquería Gaspar Sánchez,Alcalá de Henares,Madrid,,,,,osm,40.4965254,-3.3738672,2026-05-18
Peluquería Diana,Alcalá de Henares,Madrid,,,,,osm,40.4880736,-3.3533081,2026-05-18
Mon & Pei,Villamuriel de Cerrato,Castilla y León,,,,,osm,41.9492229,-4.5140145,2026-05-18
Laura,Palencia,Castilla y León,,,,,osm,41.9512297,-4.5143947,2026-05-18
Peluquería Novopelo,Alcalá de Henares,Madrid,,,,,osm,40.4884074,-3.3546056,2026-05-18
Peluquería Aires,Alcalá de Henares,Madrid,,,,,osm,40.4879795,-3.3536535,2026-05-18
Peluquería Elena Palancar,Alcalá de Henares,Madrid,,,,,osm,40.4872772,-3.3554311,2026-05-18
Diseño,Santiago de Compostela,Galicia,,,,,osm,42.8832083,-8.5269048,2026-05-18
BeVa,Santiago de Compostela,Galicia,,,,,osm,42.8834068,-8.5274375,2026-05-18
Súkel,Santiago de Compostela,Galicia,,,,,osm,42.8834752,-8.5283624,2026-05-18
Robin,Vitoria-Gasteiz,Euskadi,,,,,osm,42.8455626,-2.6859683,2026-05-18
Zarza Peluqueros,Los Silos,Canarias,,,,,osm,28.3654777,-16.8150752,2026-05-18
Malandrino,Palma,Illes Balears,,,,,osm,39.5718585,2.6382069,2026-05-18
Tuco Peluqueros,Madrid,Madrid,,,,,osm,40.3979897,-3.7838891,2026-05-18
ToPeluqueros,Madrid,Madrid,,,,,osm,40.4380017,-3.7944659,2026-05-18
Atelier Perruqueria,Sant Boi de Llobregat,Catalunya,+34936308292,,,,osm,41.3349102,2.0433837,2026-05-18
Athina Estilistas,Guadarrama,Madrid,,,,,osm,40.6717704,-4.0906077,2026-05-18
Denia Temple,Dénia,Comunitat Valenciana,,,,,osm,38.8372622,0.1041392,2026-05-18
Allure,Guardamar del Segura,Comunitat Valenciana,,,,,osm,38.0934778,-0.656003,2026-05-18
La Luna,Guardamar del Segura,Comunitat Valenciana,,,,,osm,38.0899272,-0.6556098,2026-05-18
Juan Bisquert,Dénia,Comunitat Valenciana,,,,,osm,38.8362872,0.1046587,2026-05-18
Denia Hair,Dénia,Comunitat Valenciana,,,,,osm,38.8534763,0.0859205,2026-05-18
Sgabo,Dénia,Comunitat Valenciana,,,,,osm,38.8409134,0.1123301,2026-05-18
Peluquería Venual,Alcalá de Henares,Madrid,,,,,osm,40.4842545,-3.3510453,2026-05-18
Z&B,Dénia,Comunitat Valenciana,,,,,osm,38.8373615,0.1063264,2026-05-18
Daniel Matallán,Gandia,Comunitat Valenciana,,,,,osm,38.969812,-0.1802268,2026-05-18
Krasi,Gandia,Comunitat Valenciana,,,,,osm,38.9697476,-0.180189,2026-05-18
Divas Peluquería,Gandia,Comunitat Valenciana,,,,,osm,38.9694708,-0.1795697,2026-05-18
Bea Baessa,Dénia,Comunitat Valenciana,,,,,osm,38.8409953,0.1094519,2026-05-18
Julio Martín,El Escorial,Madrid,,,,,osm,40.5915359,-4.1480905,2026-05-18
Mi Habana perruquers,Barcelona,Catalunya,+34933831424,,,,osm,41.4414864,2.2218715,2026-05-18
Petit Salón estilistas,Barcelona,Catalunya,+34933992428,,,,osm,41.4404226,2.2227525,2026-05-18
Dani Perruqueria,Barcelona,Catalunya,,,,,osm,41.4386383,2.2199249,2026-05-18
K.K. perruqueria,Barcelona,Catalunya,,,,,osm,41.4393958,2.2207254,2026-05-18
Español Perruqueria,Barcelona,Catalunya,,,,,osm,41.4398008,2.221124,2026-05-18
Pels Pèls,Barcelona,Catalunya,+34933971643,,,,osm,41.439325,2.2213411,2026-05-18
M. Mallik,Barcelona,Catalunya,,,,,osm,41.4422266,2.2224615,2026-05-18
Perruqueria Shu Ya,Barcelona,Catalunya,,,,,osm,41.4418099,2.2227848,2026-05-18
Nirvana,Barcelona,Catalunya,,,,,osm,41.4394387,2.2222074,2026-05-18
Rayan's Barber,Barcelona,Catalunya,,,,,osm,41.440464,2.2228437,2026-05-18
Innova perruquers i ungles,Barcelona,Catalunya,,,,,osm,41.4388504,2.2208331,2026-05-18
Arc,Xàbia / Jávea,Comunitat Valenciana,,,,,osm,38.7957288,0.1816759,2026-05-18
Charlie & O,Xàbia / Jávea,Comunitat Valenciana,,,,,osm,38.7937742,0.1793824,2026-05-18
más belleza,Santa Cruz de Tenerife,Canarias,,,,https://www.masbelleza.es,osm,28.4887379,-16.3154679,2026-05-18
Peluquería Low Cost,Zaragoza,Zaragoza,,,,,osm,41.639444,-0.8959544,2026-05-18
Pelquería Ana Valero,Zaragoza,Aragón,,,,,osm,41.6391022,-0.8944885,2026-05-18
Pelquería Imán,Zaragoza,Aragón,,,,,osm,41.6390861,-0.8945194,2026-05-18
Centro de Análisis Genéticos CAGT,Zaragoza,Aragón,,,,,osm,41.6389599,-0.8946159,2026-05-18
Pelquería Silvia,Zaragoza,Aragón,,,,,osm,41.6388967,-0.8948909,2026-05-18
Peluquería Rey,Zaragoza,Aragón,,,,,osm,41.6383856,-0.8956272,2026-05-18
Pelquería Pelocorto,Zaragoza,Aragón,,,,,osm,41.642129,-0.8925882,2026-05-18
Estilistas Epsilon,Zaragoza,Aragón,,,,,osm,41.6431362,-0.8918586,2026-05-18
Larisa Studio,Zaragoza,Aragón,,,,,osm,41.6425038,-0.8919673,2026-05-18
Peluqueria Cambios visibles,València,Comunitat Valenciana,,,,,osm,39.4619554,-0.3398351,2026-05-18
Peluquería Machado,Alcalá de Henares,Madrid,,,,,osm,40.47754,-3.3722605,2026-05-18
Taronja estilistas,València,Comunitat Valenciana,,,,,osm,39.4638191,-0.3460574,2026-05-18
La Escuela del Tío Jorge - Academia de Barbería,Zaragoza,Zaragoza,,,,,osm,41.6552674,-0.8967813,2026-05-18
Trizes,A Coruña,Galicia,,,,,osm,43.3648729,-8.4239464,2026-05-18
Peluquería El Barrio,Cartagena,Murcia,,,,,osm,37.6029112,-0.9803637,2026-05-18
Zamunda Peluqueras,Noia,Galicia,,,,,osm,42.7838449,-8.8889506,2026-05-18
Claudia di Paolo,Toledo,Toledo,,,,,osm,39.8784657,-4.0364263,2026-05-18
Don Peine,Madrid,Madrid,,,,,osm,40.4743974,-3.7052916,2026-05-18
Kibo,Madrid,Madrid,,,,,osm,40.474052,-3.70628,2026-05-18
Franck Provost,Madrid,Madrid,,,,,osm,40.4472876,-3.7839664,2026-05-18
Essencial Víctor Guillermo,Cartagena,Murcia,,,,,osm,37.6016414,-0.9831451,2026-05-18
Jagu,Barcelona,Catalunya,,,,,osm,41.3776008,2.1722595,2026-05-18
Dolores Cortes,Moncofa,Comunitat Valenciana,,,,,osm,39.8003635,-0.1305516,2026-05-18
Lamodette,Figueres,Catalunya,,,,,osm,42.2660815,2.9597565,2026-05-18
Llopart J&T,Figueres,Catalunya,,,,,osm,42.2658137,2.9591328,2026-05-18
Amor García Peluqueria,Huelva,Huelva,,,,,osm,37.2640621,-6.9347566,2026-05-18
Loren & Estefania,Almendralejo,Extremadura,+34669983332,,,,osm,38.6811819,-6.4172079,2026-05-18
Peluquería de caballeros Alberto,Almendralejo,Extremadura,,,,,osm,38.6809205,-6.4171727,2026-05-18
Cristina Cué,Llanes,Asturias / Asturies,,,,,osm,43.4180535,-4.7534688,2026-05-18
Alvarez Quevedo,Llanes,Asturias / Asturies,,,,,osm,43.4168709,-4.7535551,2026-05-18
La bien peiná,Almendralejo,Extremadura,,,,,osm,38.6835568,-6.4085826,2026-05-18
Gabriel Espinosa,Almendralejo,Extremadura,+34679894036,,,,osm,38.683382,-6.4092068,2026-05-18
Peluquería Ana Barahona,Almendralejo,Extremadura,+34924953553,,,,osm,38.6841792,-6.4080166,2026-05-18
Peluqueros Joaquín y David,Almendralejo,Extremadura,,,,,osm,38.6813411,-6.4022613,2026-05-18
Peluquería Innova,Almendralejo,Extremadura,,,,,osm,38.6816227,-6.4022063,2026-05-18
Salón nuevo estilo,Navacerrada,Madrid,+34676981178,,,,osm,40.728283,-4.0155167,2026-05-18
Peluquerías Low Cost,Almendralejo,Extremadura,,,,,osm,38.6842208,-6.4042151,2026-05-18
Peluquería Karmele Ugarte,Irun,Euskadi,+34943635690,,,,osm,43.3292127,-1.8174689,2026-05-18
Arantxa Alcalá,Zaragoza,Aragón,,,,,osm,41.6765961,-0.8713612,2026-05-18
Pasa y Corta,Zaragoza,Aragón,,,,,osm,41.6521723,-0.9115075,2026-05-18
De Color,Zaragoza,Aragón,,,,,osm,41.6626812,-0.8632463,2026-05-18
Peluquería y Estética Pretty Women,Zaragoza,Aragón,,,,,osm,41.6570521,-0.8940166,2026-05-18
El racó,Castellterçol,Catalunya,,,,,osm,41.7513489,2.1189648,2026-05-18
T'he rfrnc,Dénia,Comunitat Valenciana,,,,,osm,38.840848,0.1064705,2026-05-18
Cani,Dénia,Comunitat Valenciana,,,,,osm,38.8408473,0.1070118,2026-05-18
Peluqueria Roxo,Arteixo,Galicia,,,,,osm,43.2996601,-8.5075103,2026-05-18
Alexandre,Dénia,Comunitat Valenciana,,,,,osm,38.8434515,0.1092755,2026-05-18
Stilo,Almendralejo,Extremadura,,,,,osm,38.6779042,-6.406043,2026-05-18
Vicky Costa,Dénia,Comunitat Valenciana,,,,,osm,38.8406263,0.1107867,2026-05-18
La Mode,Dénia,Comunitat Valenciana,,,,,osm,38.8397113,0.108281,2026-05-18
Diagonal,Gijón / Xixón,Asturias / Asturies,,,,,osm,43.5427094,-5.66403,2026-05-18
Movanity,O Porriño,Galicia,,,,,osm,42.1718648,-8.6283671,2026-05-18
Simply Zen,Málaga,Málaga,,,,,osm,36.7195335,-4.4100726,2026-05-18
Bulgaru Paris,Figueres,Catalunya,,,,,osm,42.2655901,2.9596145,2026-05-18
9 Look,Figueres,Catalunya,,,,,osm,42.2639227,2.9591924,2026-05-18
Vilagran,Figueres,Catalunya,,,,,osm,42.2646545,2.9594426,2026-05-18
Inspirations Hair,Mijas,Andalucía,,,,,osm,36.4898708,-4.7114617,2026-05-18
Despentinats,Figueres,Catalunya,,,,,osm,42.2643864,2.9611072,2026-05-18
David's Barber Shop,Almendralejo,Extremadura,+34674236487,,,,osm,38.6816107,-6.4058961,2026-05-18
Urban 52,Figueres,Catalunya,,,,,osm,42.2631811,2.9620505,2026-05-18
Salitre,Las Palmas de Gran Canaria,Canarias,,,,,osm,28.1283954,-15.4447935,2026-05-18
Styls,Figueres,Catalunya,,,,,osm,42.2639935,2.9604717,2026-05-18
Peluquería Antonono,Las Palmas de Gran Canaria,Canarias,,,,,osm,28.1003909,-15.4124507,2026-05-18
Le Moustache,Las Palmas de Gran Canaria,Canarias,,,,,osm,28.1112372,-15.4206872,2026-05-18
José Miguel,València,Comunitat Valenciana,,,,,osm,39.4712553,-0.3769762,2026-05-18
Vicen Buhigues,Dénia,Comunitat Valenciana,,,,,osm,38.8409371,0.1085779,2026-05-18
Cristina Alexandre,Dénia,Comunitat Valenciana,,,,,osm,38.8389155,0.1072735,2026-05-18
Silvia Puchol,Dénia,Comunitat Valenciana,,,,,osm,38.8390462,0.1072978,2026-05-18
Xelus,Dénia,Comunitat Valenciana,,,,,osm,38.8390096,0.1063825,2026-05-18
Mirall,Dénia,Comunitat Valenciana,,,,,osm,38.8396015,0.1071049,2026-05-18
,Dénia,Comunitat Valenciana,,,,,osm,38.8402731,0.1035743,2026-05-18
Juan Carlos,Dénia,Comunitat Valenciana,,,,,osm,38.8405895,0.1050815,2026-05-18
Colors en Negre,Dénia,Comunitat Valenciana,,,,,osm,38.8442247,0.1082375,2026-05-18
Peines y Tijeras,Bilbao,Vizcaya,+34944452793,,,,osm,43.2624348,-2.9159958,2026-05-18
Sonia García,Bilbao,Vizcaya,,,,,osm,43.2664612,-2.9257377,2026-05-18
Angelo Flow,Zaragoza,Aragón,,,,,osm,41.6518257,-0.904752,2026-05-18
Dya Mar,San Fernando de Henares,Madrid,,,,,osm,40.4299647,-3.532741,2026-05-18
Marisol Perruqueria i Bellesa,Alcanar,Catalunya,,,,,osm,40.5533629,0.5298162,2026-05-18
Peluquería de Julio,Azuaga,Extremadura,,,,,osm,38.2581209,-5.6747401,2026-05-18
De nueve a nueve,Villaviciosa de Odón,Madrid,,,,,osm,40.4101769,-3.8945853,2026-05-18
La Kuky,Calvià,Illes Balears,,,,,osm,39.51833,2.4878139,2026-05-18
María Yus,Zaragoza,Aragón,,,,,osm,41.6455205,-0.8876995,2026-05-18
Estilistas Mónica Barón,Zaragoza,Aragón,,,,,osm,41.6455727,-0.8876733,2026-05-18
Perruquería Mónica,Horta de Sant Joan,Catalunya,,,,,osm,40.9544933,0.3154716,2026-05-18
Tolga Iscan,Zaragoza,Aragón,,,,,osm,41.650021,-0.886057,2026-05-18
Peluquería Cores,Ames,Galicia,,,,,osm,42.8584869,-8.6580695,2026-05-18
Jani Peluquería,Badalona,Barcelona,,,,,osm,41.4378876,2.2219768,2026-05-18
Aros & Mar,Barcelona,Catalunya,,,,,osm,41.4395804,2.2235019,2026-05-18
Perruqueria Colors,Barcelona,Catalunya,+34931062601,,,,osm,41.4383741,2.2229403,2026-05-18
Tate's perruqueria,Barcelona,Catalunya,+34930123490,,,,osm,41.4396161,2.2229467,2026-05-18
Peluquería Carson,Malpica,Galicia,,,,,osm,43.3234116,-8.8101483,2026-05-18
Peluqueria Dune,Madrid,Madrid,,,,,osm,40.3534645,-3.6916342,2026-05-18
Fran Otero,Campelo,Galicia,,,,,osm,42.3927693,-8.700939,2026-05-18
Peluquería Claudio-Luis,Las Palmas de Gran Canaria,Canarias,,,,,osm,28.1024521,-15.413731,2026-05-18
Ramón Toledo,Las Palmas de Gran Canaria,Canarias,,,,,osm,28.0989147,-15.4154796,2026-05-18
Fantasys Peluqueros,Las Palmas de Gran Canaria,Canarias,,,,,osm,28.0974498,-15.4126488,2026-05-18
H2O Peluquería Unisex,Las Palmas de Gran Canaria,Canarias,,,,,osm,28.0976618,-15.4134703,2026-05-18
M&C Peluquerías,Las Palmas de Gran Canaria,Canarias,,,,,osm,28.0976144,-15.4157988,2026-05-18
Peluquería Elïdï,Las Palmas de Gran Canaria,Canarias,,,,,osm,28.097762,-15.4142805,2026-05-18
Peluquería El Rápido,Las Palmas de Gran Canaria,Canarias,,,,,osm,28.096849,-15.4164887,2026-05-18
Peluquería Vic Lau,Las Palmas de Gran Canaria,Canarias,,,,,osm,28.0966408,-15.4176086,2026-05-18
Crazy Hairs,Zaragoza,Aragón,,,,,osm,41.6503767,-0.8935404,2026-05-18
A tu estilo,Zaragoza,Aragón,,,,,osm,41.6483915,-0.8756514,2026-05-18
MV Estilistas,Zaragoza,Aragón,,,,,osm,41.6416136,-0.8834282,2026-05-18
Mercedes Albero,Zaragoza,Aragón,,,,,osm,41.6409543,-0.8667424,2026-05-18
Frizerie,Zaragoza,Aragón,,,,,osm,41.6461578,-0.8686227,2026-05-18
Cabello Básico,Zaragoza,Zaragoza,,,,,osm,41.6609359,-0.9008937,2026-05-18
Peluqueria Vicky Lorenzo,O Pazo do Río,Galicia,,,,,osm,43.3317077,-8.3315004,2026-05-18
Rosa Escobar Estilistas,,,,,,,osm,40.4854054,-3.3479301,2026-05-18
Norma,Cornellà de Llobregat,Catalunya,,,,,osm,41.3613987,2.0826135,2026-05-18
Luis Hurtado,Portugalete,Euskadi,,,,,osm,43.3230178,-3.0205173,2026-05-18
Duo,Portugalete,Euskadi,,,,,osm,43.3151177,-3.0135969,2026-05-18
Arantza,Sestao,Euskadi,,,,,osm,43.3151656,-3.0132322,2026-05-18
Eguzkiza,Portugalete,Euskadi,,,,,osm,43.3233464,-3.021516,2026-05-18
Vazquez,Sestao,Euskadi,,,,,osm,43.3193474,-3.0186433,2026-05-18
Maryana,San Leonardo de Yagüe,Castilla y León,,,,,osm,41.8296192,-3.0676386,2026-05-18
Peluquería Cárdenes,Las Palmas de Gran Canaria,Canarias,,,,,osm,28.0967655,-15.4182698,2026-05-18
Perruqueria Melquizo,Cerdanyola del Vallès,Catalunya,,,,,osm,41.4960385,2.1314998,2026-05-18
Peluquería Chuan Xin,Zaragoza,Aragón,,,,,osm,41.6550017,-0.8882274,2026-05-18
Ortega Peluqueros,Zaragoza,Aragón,,,,,osm,41.6355282,-0.87487,2026-05-18
Peluquería Marta,Ávila,Castilla y León,+34920212512,,,,osm,40.6561242,-4.7008484,2026-05-18
María Esteban,Zaragoza,Aragón,,,,,osm,41.6446104,-0.8846462,2026-05-18
Pelquería masculina Mari Luz,Zaragoza,Aragón,+34876169996,,,,osm,41.6443789,-0.8821839,2026-05-18
Bellmix,Zaragoza,Aragón,,,,,osm,41.644894,-0.8811834,2026-05-18
Haairs,Madrid,Madrid,,,,,osm,40.4530435,-3.6151717,2026-05-18
hot towel shaves,Barcelona,Catalunya,,,,,osm,41.4036638,2.1555714,2026-05-18
Peluquería Psr,Algeciras,Andalucía,,,,,osm,36.1345447,-5.4561037,2026-05-18
Goraya,Cornellà de Llobregat,Catalunya,,,,,osm,41.3603602,2.0778176,2026-05-18
Stilo's,Torrelodones,Madrid,,,,,osm,40.6228781,-3.9062851,2026-05-18
Perruqueria Sunny,Barcelona,Catalunya,+34931856739,,,,osm,41.4429146,2.2162191,2026-05-18
Mónica Gala Perruquers,Barcelona,Catalunya,+34933830736,,,,osm,41.4348559,2.2151099,2026-05-18
Leticia Estilista,Avilés,Asturias / Asturies,,,,,osm,43.5460293,-5.9081169,2026-05-18
Sens Salon,Gijón / Xixón,Asturias / Asturies,,,,,osm,43.5378883,-5.6707793,2026-05-18
!emp¡ Basicamente,Gijón / Xixón,Asturias / Asturies,,,,,osm,43.5256591,-5.6765868,2026-05-18
Maria Damorin,Gijón / Xixón,Asturias / Asturies,,,,,osm,43.5259502,-5.6770139,2026-05-18
Diego Le Barbier,Oviedo/Uviéu,Asturias / Asturies,,,,,osm,43.3681556,-5.8695085,2026-05-18
Barbería Chester,Madrid,Madrid,+34914388105,,,http://www.barberiachester.com,osm,40.4729049,-3.7191932,2026-05-18
No se corte un pelo,Algeciras,Andalucía,,,,,osm,36.1340552,-5.4527176,2026-05-18
Kbellos,San Roque,Galicia,,,,,osm,43.1807634,-8.7484553,2026-05-18
E&H,Vitoria-Gasteiz,Euskadi,,,,,osm,42.8564916,-2.6779996,2026-05-18
Perruquería Marisol,Coristanco,Galicia,,,,,osm,43.1900699,-8.7595168,2026-05-18
Valdeluz,Yebes,Castilla-La Mancha,,,,,osm,40.5918742,-3.1065485,2026-05-18
Goyo,Melgar de Fernamental,Castilla y León,+34947373723,,,,osm,42.4029653,-4.2447209,2026-05-18
Lubián,Lubián,Castilla y León,,,,,osm,42.0346346,-6.9059592,2026-05-18
Pels Pêls Perruqueres,Corbera d'Ebre,Catalunya,,,,,osm,41.076994,0.4761761,2026-05-18
Peluquería Fini,Siero,Asturias / Asturies,,,,,osm,43.3837124,-5.7069313,2026-05-18
Yolanda Berasturi,Sestao,Euskadi,,,,https://www.yolandaaberasturi.com/,osm,43.3244524,-3.0157521,2026-05-18
Andoni,Sestao,Euskadi,,,,,osm,43.3240052,-3.0144107,2026-05-18
Aloe,Sestao,Euskadi,,,,,osm,43.3259406,-3.0115715,2026-05-18
Rock Barber,Granada,Granada,,,,,osm,37.1709363,-3.6067721,2026-05-18
Peluquería Gema Urquizu Foz,Beceite,Aragón,+34978850233;+34648816676,,,,osm,40.8315457,0.1813061,2026-05-18
Peluquería Cristina,Beceite,Aragón,+34978850258;+34636476799,,,,osm,40.8315105,0.1828988,2026-05-18
Eva Estilistak,Basauri,Euskadi,,,,,osm,43.2378706,-2.888842,2026-05-18
Carol Corujo,Siero,Asturias / Asturies,,,,,osm,43.3845903,-5.705762,2026-05-18
Verónica Menéndez,Gijón / Xixón,Asturias / Asturies,,,,,osm,43.5234491,-5.6668962,2026-05-18
Loral,Gijón / Xixón,Asturias / Asturies,,,,,osm,43.5208246,-5.6642658,2026-05-18
Marset Peluqueros,Gijón / Xixón,Asturias / Asturies,,,,,osm,43.5213881,-5.6648139,2026-05-18
Peluquería Vintage,Málaga,Málaga,,,,,osm,36.7276183,-4.4143599,2026-05-18
Juxing,Las Palmas de Gran Canaria,Canarias,,,,,osm,28.1403331,-15.4335732,2026-05-18
Salón Eva García,Las Palmas de Gran Canaria,Canarias,,,,,osm,28.1394487,-15.4344071,2026-05-18
Salón 224,Albacete,Albacete,,,,,osm,38.9933191,-1.8597847,2026-05-18
Adil,Las Palmas de Gran Canaria,Canarias,,,,,osm,28.1398309,-15.4347199,2026-05-18
Aloe Hair,Las Palmas de Gran Canaria,Canarias,,,,,osm,28.1398733,-15.4337005,2026-05-18
Peluquería Vanitas,Las Palmas de Gran Canaria,Canarias,,,,,osm,28.1386169,-15.4346181,2026-05-18
Barber Shopiz Plaza,Salamanca,Castilla y León,,,,,osm,40.9652979,-5.6634094,2026-05-18
Academia de Peluquería Juan Twin's,Las Palmas de Gran Canaria,Canarias,,,,,osm,28.1362707,-15.4320067,2026-05-18
Accento Peluqueros,Las Palmas de Gran Canaria,Canarias,,,,,osm,28.1376547,-15.4322282,2026-05-18
Carina Ncogo Okomo Peluquería,Las Palmas de Gran Canaria,Canarias,,,,,osm,28.1361762,-15.4336374,2026-05-18
La La La Peluqueros,Las Palmas de Gran Canaria,Canarias,,,,,osm,28.1360586,-15.4322656,2026-05-18
Acquas,Las Palmas de Gran Canaria,Canarias,,,,,osm,28.1358969,-15.4317217,2026-05-18
"SOS Piojitos, Piojos y Liendres",Las Palmas de Gran Canaria,Canarias,,,,,osm,28.1363286,-15.4321566,2026-05-18
Salón Yolanda,Las Palmas de Gran Canaria,Canarias,,,,,osm,28.1355112,-15.4322947,2026-05-18
Sólo Extensiones,Las Palmas de Gran Canaria,Canarias,,,,,osm,28.1359572,-15.4294995,2026-05-18
Pelu Alicia,Las Palmas de Gran Canaria,Canarias,,,,,osm,28.1373833,-15.4345163,2026-05-18
ToPel10,Las Palmas de Gran Canaria,Canarias,,,,,osm,28.1363848,-15.4333146,2026-05-18
yellow infinity,Las Palmas de Gran Canaria,Canarias,,,,,osm,28.1371294,-15.4333719,2026-05-18
Pretty Woman,Conil de la Frontera,Andalucía,,,,,osm,36.278477,-6.0883453,2026-05-18
Lourdes Ruiz,Conil de la Frontera,Andalucía,,,,,osm,36.2779908,-6.0882892,2026-05-18
Inma ALemán Peluquería,Las Palmas de Gran Canaria,Canarias,,,,,osm,28.1350468,-15.4304039,2026-05-18
Peluquería Unisex Sunao,Las Palmas de Gran Canaria,Canarias,,,,,osm,28.1348906,-15.4346021,2026-05-18
Piluca Valerón,Las Palmas de Gran Canaria,Canarias,,,,,osm,28.1343293,-15.4331477,2026-05-18
Salón Alhambra,Las Palmas de Gran Canaria,Canarias,,,,,osm,28.1339428,-15.4305185,2026-05-18
Zen By Mijin,Las Palmas de Gran Canaria,Canarias,,,,,osm,28.1339736,-15.4317754,2026-05-18
Ballesteros,Getafe,Madrid,,,,,osm,40.3380283,-3.7405646,2026-05-18
Peluquería MH,Las Palmas de Gran Canaria,Canarias,,,,,osm,28.1338965,-15.4346231,2026-05-18
Peluquería Mijin Jung,Las Palmas de Gran Canaria,Canarias,,,,,osm,28.1331951,-15.4317313,2026-05-18
Peluquería Shenmei,Las Palmas de Gran Canaria,Canarias,,,,,osm,28.1331505,-15.4320915,2026-05-18
Peluquería Victor Santana,Las Palmas de Gran Canaria,Canarias,,,,,osm,28.1333623,-15.4318044,2026-05-18
Beauty Shop S A U,Las Palmas de Gran Canaria,Canarias,,,,,osm,28.1329809,-15.4316054,2026-05-18
Biondi Elite Peluquería,Las Palmas de Gran Canaria,Canarias,,,,,osm,28.1338953,-15.4355063,2026-05-18
Vitacool peluqueros,Las Palmas de Gran Canaria,Canarias,,,,,osm,28.132594,-15.4340446,2026-05-18
Entaban Belleza Integral,Las Palmas de Gran Canaria,Canarias,,,,,osm,28.1333356,-15.4341065,2026-05-18
Monyui Heras,Las Palmas de Gran Canaria,Canarias,,,,,osm,28.1324471,-15.4327663,2026-05-18
Peluquería y Estética Grissel Santana,Las Palmas de Gran Canaria,Canarias,,,,,osm,28.1324441,-15.432712,2026-05-18
Peluquería y Estética Ruiz,Las Palmas de Gran Canaria,Canarias,,,,,osm,28.1321645,-15.432969,2026-05-18
Salón Fátima,Las Palmas de Gran Canaria,Canarias,,,,,osm,28.1309178,-15.4306483,2026-05-18
María Del Carmen Hernández Galván,Las Palmas de Gran Canaria,Canarias,,,,,osm,28.1305835,-15.4323849,2026-05-18
My dream,Las Palmas de Gran Canaria,Canarias,,,,,osm,28.1309233,-15.4335422,2026-05-18
Salón Peluquería Mercy,Las Palmas de Gran Canaria,Canarias,,,,,osm,28.1305944,-15.4336776,2026-05-18
Xerach Peluquería,Las Palmas de Gran Canaria,Canarias,,,,,osm,28.1307451,-15.4345186,2026-05-18
KukitHair by 13Scissors,Barcelona,Catalunya,,,,,osm,41.3792511,2.1598447,2026-05-18
Perruqueria Nasir,Barcelona,Catalunya,,,,,osm,41.3774194,2.1702181,2026-05-18
Anaís,Alcalá de Henares,Madrid,,,,,osm,40.4782306,-3.3621923,2026-05-18
New Elise,Las Palmas de Gran Canaria,Canarias,,,,,osm,28.1280207,-15.4300868,2026-05-18
Milvia,Torrejón de Ardoz,Madrid,,,,,osm,40.4602256,-3.4625524,2026-05-18
Onix,Montcada i Reixac,Catalunya,,,,,osm,41.4634859,2.1683595,2026-05-18
Millenium,Montcada i Reixac,Catalunya,,,,,osm,41.4638195,2.1688638,2026-05-18
Cristina Castaño,Torrejón de Ardoz,Madrid,,,,,osm,40.452936,-3.4725712,2026-05-18
Entre Tijeras,Torrejón de Ardoz,Madrid,,,,,osm,40.4518385,-3.4720817,2026-05-18
Jaouad,Torrejón de Ardoz,Madrid,,,,,osm,40.4517001,-3.4712758,2026-05-18
Dania Peluquerías,Las Palmas de Gran Canaria,Canarias,,,,,osm,28.1178051,-15.4226165,2026-05-18
"Exterior Salvador Guerrero, Estilistas",Las Palmas de Gran Canaria,Canarias,,,,,osm,28.1168566,-15.4259606,2026-05-18
Peluquería Marcus Barber,Las Palmas de Gran Canaria,Canarias,,,,,osm,28.1178239,-15.4237523,2026-05-18
Rosmen,Las Palmas de Gran Canaria,Canarias,,,,,osm,28.1174231,-15.4221883,2026-05-18
Style & Class,Las Palmas de Gran Canaria,Canarias,,,,,osm,28.1175544,-15.4215132,2026-05-18
Conthrastex Perruquería,Santiago de Compostela,Galicia,,,,,osm,42.879506,-8.5434754,2026-05-18
Perruquería Novo Século,Santiago de Compostela,Galicia,,,,,osm,42.8782279,-8.5431633,2026-05-18
Perruquería Imaxe,Santiago de Compostela,Galicia,,,,,osm,42.8780967,-8.5427848,2026-05-18
Fadek,Soraluze-Placencia de las Armas,Euskadi,,,,,osm,43.2153087,-2.4159988,2026-05-18
Daniel Lanao,Pamplona / Iruña,Navarra,,,,,osm,42.8181366,-1.6486426,2026-05-18
Street Fade Barbershop,Madrid,Madrid,,,,,osm,40.4137374,-3.7068024,2026-05-18
Supreme Cutz Barbershop & nails,Majadahonda,Madrid,+34910127182,,,,osm,40.4714403,-3.8702242,2026-05-18
Peluqueria Julio caballeros,Majadahonda,Madrid,+34640662434,,,,osm,40.4711389,-3.8708752,2026-05-18
Barberia Basagaña,Prats de Lluçanès,Catalunya,,,,,osm,42.008595,2.029583,2026-05-18
Dania Peluquería,Las Palmas de Gran Canaria,Canarias,,,,,osm,28.134764,-15.4358273,2026-05-18
Dúo Estilismo Peluquería,Las Palmas de Gran Canaria,Canarias,,,,,osm,28.1369016,-15.4370622,2026-05-18
Enzo,Las Palmas de Gran Canaria,Canarias,,,,,osm,28.1349984,-15.4357467,2026-05-18
Full Team Peluquería,Las Palmas de Gran Canaria,Canarias,,,,,osm,28.1377142,-15.4355224,2026-05-18
Peluquería Platino,Las Palmas de Gran Canaria,Canarias,,,,,osm,28.1365127,-15.4363848,2026-05-18
Peluquería Raúl Andreu,Las Palmas de Gran Canaria,Canarias,,,,,osm,28.1356363,-15.4363691,2026-05-18
Peluquería Sandra,Las Palmas de Gran Canaria,Canarias,,,,,osm,28.1368179,-15.4351334,2026-05-18
Ángel Custodio,Las Palmas de Gran Canaria,Canarias,,,,,osm,28.1352129,-15.4347367,2026-05-18
Peluqueria Isabela,Fuengirola,Andalucía,,,,,osm,36.5453048,-4.6446087,2026-05-18
Blue Eyes,Castelló de la Plana / Castellón de la Plana,Comunitat Valenciana,,,,,osm,39.9936526,-0.036694,2026-05-18
Facelook,Montcada i Reixac,Catalunya,,,,,osm,41.5043262,2.1558802,2026-05-18
Alhambra,Salamanca,Castilla y León,,,,,osm,40.9743329,-5.656182,2026-05-18
Peluquería Pompaela,Pamplona / Iruña,Navarra,,,,,osm,42.8189607,-1.6424285,2026-05-18
Mascorto,Zaragoza,Aragón,,,,,osm,41.6487112,-0.9002399,2026-05-18
Salon de peluqueria M. Rivas,Sestao,Euskadi,,,,,osm,43.3200423,-2.9890398,2026-05-18
Peluquería Arantxa Meler,Barbastro,Aragón,,,,,osm,42.0388166,0.1287223,2026-05-18
Jessica Style,Ademuz,Comunitat Valenciana,,,,,osm,40.0950564,-1.2588343,2026-05-18
Peluquería Roberto,Las Palmas de Gran Canaria,Canarias,,,,,osm,28.135718,-15.4386973,2026-05-18
Sebastià,Campos,Illes Balears,,,,,osm,39.4316625,3.0188742,2026-05-18
Peluquería Merces,Martos,Andalucía,,,,,osm,37.7197115,-3.9698586,2026-05-18
Peluquería Mayka's,Burriana,Comunitat Valenciana,,,,,osm,39.890131,-0.0891802,2026-05-18
Eli Marcos,Aldeadávila de la Ribera,Castilla y León,,,,,osm,41.2179233,-6.6187242,2026-05-18
Azzero Peluqueros,Pinto,Madrid,,,,,osm,40.2496231,-3.6972866,2026-05-18
Barber Shop Ziyad,Briviesca,Castilla y León,,,,,osm,42.5508906,-3.3245119,2026-05-18
Peluqueria Vallcanera,Alzira,Comunitat Valenciana,,,,,osm,39.1487011,-0.4402962,2026-05-18
Gloria Sala Peluquería,Alzira,Comunitat Valenciana,,,,,osm,39.1482254,-0.4402792,2026-05-18
Nip Nap,Valladolid,Castilla y León,,,,,osm,41.6558208,-4.7258696,2026-05-18
Maor,Valladolid,Castilla y León,,,,,osm,41.655772,-4.725705,2026-05-18
Perruquería Melgar,Montcada i Reixac,Catalunya,,,,,osm,41.5109577,2.1921738,2026-05-18
Carlos Conde,Valladolid,Castilla y León,,,,,osm,41.6482506,-4.7216324,2026-05-18
Perruquers Sar-Sua,Barcelona,Catalunya,,,,,osm,41.4344671,2.1841377,2026-05-18
FlasH,Valladolid,Valladolid,+34983355227,,,,osm,41.6499354,-4.7471561,2026-05-18
Escuder,Montcada i Reixac,Catalunya,,,,,osm,41.4967739,2.1620525,2026-05-18
Sussy,Montcada i Reixac,Catalunya,,,,,osm,41.499066,2.1605772,2026-05-18
Genoveva Chicano,Málaga,Málaga,,,,,osm,36.7280083,-4.4142669,2026-05-18
Salón Seensay,Santander,Cantabria,,,,,osm,43.4602093,-3.8070368,2026-05-18
Peluquería Mónica,Saldaña,Castilla y León,,,,,osm,42.5228049,-4.7375592,2026-05-18
Peluquería Natalia,Saldaña,Castilla y León,,,,,osm,42.5217188,-4.7389022,2026-05-18
Peluqueria y estetica Chus Onis,Saldaña,Castilla y León,,,,,osm,42.5232389,-4.7383509,2026-05-18
Centro de Belleza Alicia,Ricla,Aragón,+34976606256,,,,osm,41.5047855,-1.4058336,2026-05-18
Rossano Ferretti,Madrid,Madrid,,,,,osm,40.4321706,-3.8035745,2026-05-18
Lilium Estilistas Unisex,Arroyo de la Encomienda,Castilla y León,,,,,osm,41.6359109,-4.7606769,2026-05-18
Peluquería Reyes,Aldeadávila de la Ribera,Castilla y León,,,,,osm,41.2163864,-6.6193579,2026-05-18
Peluquería Caballeros José,Alzira,Comunitat Valenciana,,,,,osm,39.1503414,-0.4376627,2026-05-18
Barbudo,Leganés,Madrid,,,,,osm,40.3267808,-3.7597538,2026-05-18
Yacran's,Madrid,Madrid,,,,,osm,40.3568388,-3.7765759,2026-05-18
Cuore Estilistas,Zaragoza,Aragón,,,,,osm,41.6462961,-0.868793,2026-05-18
Inunu,Zaragoza,Aragón,,,,,osm,41.6415587,-0.8935632,2026-05-18
Isabel Peluquería,Salamanca,Castilla y León,,,,,osm,40.973776,-5.6565117,2026-05-18
Marta Gris - Peluquería Ecológica,Tres Cantos,Madrid,+34918321668;+34658121677,,,,osm,40.5519881,-3.6603576,2026-05-18
Colet,Barcelona,Catalunya,,,,,osm,41.4383275,2.2242446,2026-05-18
Peluquería Yuderka,Barcelona,Catalunya,,,,,osm,41.4429419,2.2232066,2026-05-18
Magic,Barcelona,Catalunya,+34933974379,,,,osm,41.4385752,2.2240002,2026-05-18
Barba Man,València,Comunitat Valenciana,,,,,osm,39.4880423,-0.3905297,2026-05-18
Brooklyn Barber Shop,València,Comunitat Valenciana,,,,,osm,39.4879429,-0.3902347,2026-05-18
Stylo 13,València,Comunitat Valenciana,,,,,osm,39.4859375,-0.3953881,2026-05-18
Perruqueria Barbershop,Barcelona,Catalunya,,,,,osm,41.4365797,2.2226778,2026-05-18
Susi Cervera perruqueria,Barcelona,Catalunya,,,,,osm,41.4344096,2.2194218,2026-05-18
Maria Peluquería,Barcelona,Catalunya,+34935329632,,,,osm,41.4376668,2.2247079,2026-05-18
Peluquería Wei Shang,Barcelona,Catalunya,,,,,osm,41.4378337,2.2250215,2026-05-18
Xin Xing Xiang,Barcelona,Catalunya,,,,,osm,41.4342842,2.2188675,2026-05-18
CJ,Madrid,Madrid,,,,,osm,40.4336503,-3.8142484,2026-05-18
Aduho,Montcada i Reixac,Catalunya,+34935705527,,,https://www.aduho.com/,osm,41.5391979,2.2141773,2026-05-18
Charo Lavín,Valladolid,Castilla y León,,,,,osm,41.6495444,-4.7190815,2026-05-18
Oscar perruquers,Castellar del Vallès,Catalunya,,,,,osm,41.5614349,2.0956596,2026-05-18
Peluquería-Belleza-Solarium,Valladolid,Castilla y León,,,,,osm,41.6498625,-4.7376085,2026-05-18
Peluquería Grupo Studio II,Sevilla,Sevilla,+34954954424,,,,osm,37.4128195,-5.9745197,2026-05-18
Razza,Granada,Andalucía,,,,,osm,37.1767657,-3.6051901,2026-05-18
Peluquería Gema Calderón,Esparragosa de Lares,Extremadura,+34645042105,,,,osm,38.9759467,-5.2680549,2026-05-18
Peluquería Juani,Esparragosa de Lares,Extremadura,,,,,osm,38.9752366,-5.2691838,2026-05-18
Malcortado,Granada,Andalucía,,,,,osm,37.1758896,-3.6020628,2026-05-18
Peluquería Jovi,Riaño,Castilla y León,,,,,osm,42.9763795,-5.0063441,2026-05-18
Laura Martín,Valladolid,Valladolid,,,,,osm,41.6489293,-4.7301503,2026-05-18
carol bruguera,la Garriga,Catalunya,,,,,osm,41.6832361,2.2858937,2026-05-18
Siloé,Valladolid,Castilla y León,,,,,osm,41.6491316,-4.7233808,2026-05-18
Luz,Madrid,Madrid,+34910259571,,,,osm,40.4361405,-3.8143381,2026-05-18
Manuela Pareja,Madrid,Madrid,+34913524346,,,,osm,40.4359276,-3.8138378,2026-05-18
Caballero,Madrid,Madrid,,,,,osm,40.4359502,-3.8139509,2026-05-18
Ana Moreno,Calvià,Illes Balears,,,,,osm,39.4979801,2.5047611,2026-05-18
Sense Hores,Cerdanyola del Vallès,Catalunya,,,,,osm,41.5287853,2.1158683,2026-05-18
Barberia Josep,Manresa,Catalunya,,,,,osm,41.7237,1.8273685,2026-05-18
Paul Barber,Barcelona,Catalunya,,,,,osm,41.3975961,2.1655479,2026-05-18
Aspasia Formación,Madrid,Madrid,,,,,osm,40.3792534,-3.7925472,2026-05-18
Show,Inca,Illes Balears,,,,,osm,39.7176248,2.9117956,2026-05-18
Barbershop,Granadilla de Abona,Canarias,,,,,osm,28.0794519,-16.558478,2026-05-18
Chamorro Barber Shop,Oviedo,Asturias / Asturies,,,,,osm,43.3675984,-5.8738067,2026-05-18
Leemos,Burgos,Castilla y León,,,,,osm,42.342861,-3.6977913,2026-05-18
Esperanza Martín Estilistas,Salamanca,Castilla y León,,,,,osm,40.9772343,-5.6497943,2026-05-18
Salón de Belleza Amparo Lozal,València,Comunitat Valenciana,,,,,osm,39.4686812,-0.4161329,2026-05-18
Ana Cagigal,Burgos,Castilla y León,,,,,osm,42.3356878,-3.698029,2026-05-18
Perruqueria-Esteticien Merche,Barcelona,Catalunya,,,,,osm,41.4368229,2.2169534,2026-05-18
Actual,Burgos,Castilla y León,,,,,osm,42.3430862,-3.7141698,2026-05-18
Peluquería de Caballeros,Mairena del Aljarafe,Andalucía,,,,,osm,37.3450989,-6.0646547,2026-05-18
Xálide,Lugo,Galicia,,,,,osm,42.994171,-7.5536599,2026-05-18
DOM Barberías,Lugo,Galicia,,,,,osm,43.0366256,-7.5691947,2026-05-18
Lobal,Madrid,Madrid,,,,,osm,40.4354339,-3.8101929,2026-05-18
Peluquería Salón Bello Horizonte,Las Palmas de Gran Canaria,Canarias,,,,,osm,28.1358476,-15.4389486,2026-05-18
Natalia Betancor Peluqueros,Las Palmas de Gran Canaria,Canarias,,,,,osm,28.1359294,-15.4376146,2026-05-18
Peluquería Billy,Las Palmas de Gran Canaria,Canarias,,,,,osm,28.13511,-15.438647,2026-05-18
Rita Guerra,Las Palmas de Gran Canaria,Canarias,,,,,osm,28.1352469,-15.4386211,2026-05-18
TS,Las Palmas de Gran Canaria,Canarias,,,,,osm,28.1349697,-15.4389855,2026-05-18
Kepeloos,Madrid,Madrid,+34914764909,,,,osm,40.3855747,-3.7064034,2026-05-18
Roype,Burgos,Castilla y León,,,,,osm,42.3326957,-3.6994925,2026-05-18
Patricia Crespo,Burgos,Castilla y León,,,,,osm,42.3342673,-3.698895,2026-05-18
Roddos,Burgos,Castilla y León,,,,,osm,42.3367807,-3.6997854,2026-05-18
Escondidos,Sevilla,Andalucía,,,,,osm,37.3971388,-5.9878613,2026-05-18
Figuero,Solares,Cantabria,,,,,osm,43.3844643,-3.7370312,2026-05-18
Amaya's,Solares,Cantabria,,,,,osm,43.3844086,-3.7371335,2026-05-18
Attitude,Sestao,Euskadi,,,,,osm,43.2912025,-2.989673,2026-05-18
Tribu Estilistas,Salamanca,Castilla y León,+34923991495,,,https://www.tribuestilistas.es/,osm,40.967607,-5.6667642,2026-05-18
Dzero,Madrid,Madrid,+34910579448,,,,osm,40.4234854,-3.703416,2026-05-18
Imatge perruqueria i estetica,Premià de Mar,Catalunya,,,,,osm,41.4918302,2.3563992,2026-05-18
Look Nou,Reus,Catalunya,,,,,osm,41.2109919,1.1404826,2026-05-18
Peluqueria Unisex Bernardo,Bolaños de Calatrava,Castilla-La Mancha,,,,,osm,38.90849,-3.6595429,2026-05-18
Escovi,Bolaños de Calatrava,Castilla-La Mancha,,,,,osm,38.9051983,-3.6620052,2026-05-18
Perruquería e estética El Tocador de Lola,Carral,Galicia,,,,,osm,43.2293227,-8.356418,2026-05-18
Perruquería Alberto,Carral,Galicia,,,,,osm,43.2290227,-8.3551962,2026-05-18
Perruquería Liliana,Carral,Galicia,,,,,osm,43.22878,-8.357715,2026-05-18
Perruquería Dafer Unisex,Carral,Galicia,,,,,osm,43.2288739,-8.3598888,2026-05-18
Tissores,Madrid,Madrid,,,,,osm,40.3722309,-3.6219648,2026-05-18
Fely's,Burgos,Castilla y León,,,,,osm,42.3478563,-3.6911247,2026-05-18
BarberCap,Sevilla,Andalucía,,,,,osm,37.3963984,-5.9939738,2026-05-18
Meris,El Casar,Castilla-La Mancha,,,,,osm,40.6666179,-3.3919337,2026-05-18
Peluquería Laura,Málaga,Andalucía,,,,,osm,36.7314489,-4.4498106,2026-05-18
Peluqueria Dioni,Málaga,Andalucía,,,,,osm,36.7313297,-4.4491009,2026-05-18
Corte y Cambio,Burgos,Castilla y León,,,,,osm,42.343866,-3.7147294,2026-05-18
Alex,Burgos,Burgos,+34947076045,,,,osm,42.3420455,-3.7147386,2026-05-18
Cosmos,Burgos,Castilla y León,,,,,osm,42.3419665,-3.7132203,2026-05-18
Coni,Burgos,Castilla y León,,,,,osm,42.3426986,-3.7122515,2026-05-18
Adis,Burgos,Castilla y León,,,,,osm,42.3415351,-3.7175275,2026-05-18
Peluquería Vicfatu,Las Palmas de Gran Canaria,Canarias,,,,,osm,28.1357381,-15.4374893,2026-05-18
Peluquería Sonia Jiménez,Las Palmas de Gran Canaria,Canarias,,,,,osm,28.133342,-15.4397717,2026-05-18
R&S Estilistas,Las Palmas de Gran Canaria,Canarias,,,,,osm,28.1340456,-15.4387526,2026-05-18
Cien cortes y mil peinados,Burgos,Castilla y León,,,,,osm,42.3446617,-3.7189829,2026-05-18
Flash,Madrid,Madrid,,,,,osm,40.483227,-3.7097311,2026-05-18
Eclipse,Burgos,Castilla y León,,,,,osm,42.3373467,-3.7267065,2026-05-18
Margot,Siero,Asturias / Asturies,,,,,osm,43.3947523,-5.7066403,2026-05-18
Gustavo,Siero,Asturias / Asturies,,,,,osm,43.3942336,-5.7069964,2026-05-18
Fombona,Siero,Asturias / Asturies,,,,,osm,43.3932235,-5.705831,2026-05-18
Noemi Peluqueros,Las Palmas de Gran Canaria,Canarias,,,,,osm,28.1323013,-15.4390269,2026-05-18
Estilistas LSG,Las Palmas de Gran Canaria,Canarias,,,,,osm,28.1321784,-15.4383016,2026-05-18
Anros,Zaragoza,Aragón,,,,,osm,41.6675998,-0.8253497,2026-05-18
Salon 44,Madrid,Madrid,+34915227179,,,http://salon44.es/,osm,40.42337,-3.7014905,2026-05-18
La Vulpeja,Madrid,Madrid,+34910400231,,,,osm,40.4256173,-3.6947455,2026-05-18
Perruqueria Xarau con X,Barcelona,Catalunya,+34722388115,,,,osm,41.4416274,2.2195223,2026-05-18
La Bruné,A Coruña,Galicia,,,,,osm,43.3549038,-8.4146605,2026-05-18
DobleR,A Coruña,Galicia,,,,,osm,43.3542902,-8.4104129,2026-05-18
Angoba,Burgos,Castilla y León,,,,,osm,42.3420664,-3.7165445,2026-05-18
Salón 23,Burgos,Castilla y León,,,,,osm,42.3414091,-3.7325756,2026-05-18
Madrid Old School,Madrid,Madrid,+34912452635,,,http://www.madridoldschool.es/,osm,40.4078004,-3.711256,2026-05-18
Triuno,Madrid,Madrid,,,,,osm,40.4083936,-3.7109193,2026-05-18
Fussion Peluquería,Las Palmas de Gran Canaria,Canarias,,,,,osm,28.1387167,-15.4326782,2026-05-18
Brunette,Atarfe,Andalucía,+34633284380,,,,osm,37.2213557,-3.6906167,2026-05-18
Kenia Anjos,Madrid,Madrid,+34913664367,,,http://www.keniaanjos.com/,osm,40.4125445,-3.7177728,2026-05-18
Carré,Madrid,Madrid,+34913516077,,,http://sebherlaz.wixsite.com/prueba2,osm,40.4114545,-3.7194029,2026-05-18
Escacs perruqueria,Barcelona,Catalunya,,,,,osm,41.446053,2.2486349,2026-05-18
Ámate Estilista,Almería,Andalucía,,,,,osm,36.8775657,-2.4437526,2026-05-18
Peluquería de Señoras Arauz,Cádiz,Andalucía,,,,,osm,36.5190525,-6.2815224,2026-05-18
Mercedes Rubio,A Coruña,Galicia,,,,,osm,43.3564257,-8.4018294,2026-05-18
Barbería Elo,Las Palmas de Gran Canaria,Canarias,,,,,osm,28.1322557,-15.4374258,2026-05-18
Peluquería Song,Las Palmas de Gran Canaria,Canarias,,,,,osm,28.1314827,-15.4395219,2026-05-18
Peluquería Dao,Las Palmas de Gran Canaria,Canarias,,,,,osm,28.1324788,-15.4400511,2026-05-18
Zeben Santana Peluqueros,Las Palmas de Gran Canaria,Canarias,,,,,osm,28.1314796,-15.4391141,2026-05-18
Cataleya,Las Palmas de Gran Canaria,Canarias,,,,,osm,28.1327992,-15.4404057,2026-05-18
Peluqueros Pérez,Las Palmas de Gran Canaria,Canarias,,,,,osm,28.1325177,-15.4407163,2026-05-18
D. Christian 2,Ávila,Castilla y León,+34920093921,,@dcristianbatbershop2,,osm,40.6480914,-4.6825485,2026-05-18
Barbería Albaicín,Granada,Granada,+34689475463,nidame91@hotmail.com,,,osm,37.1819793,-3.5938804,2026-05-18
Perruqueria Maria Rosa,Bordils,Catalunya,,,,,osm,42.037504,2.9144353,2026-05-18
peluqueria Mahclau,Mostoles,Madrid,,,,,osm,40.3078446,-3.86699,2026-05-18
Onlove Estilistes,Santa Coloma de Gramenet,Catalunya,+34933915827,,,,osm,41.460183,2.2061217,2026-05-18
Peluqueria Laura,Santa Coloma de Gramenet,Catalunya,+34934660610,,,,osm,41.4489441,2.2083168,2026-05-18
Salón Zakaria,Santa Coloma de Gramenet,Catalunya,,,,,osm,41.4586775,2.2032294,2026-05-18
Tika,Burgos,Castilla y León,,,,,osm,42.3528064,-3.676183,2026-05-18
Peluquería y Estética Soraya Godoy,Las Palmas de Gran Canaria,Canarias,,,,,osm,28.131601,-15.4427032,2026-05-18
Peluquería Esaúl,Las Palmas de Gran Canaria,Canarias,,,,,osm,28.1315047,-15.4413922,2026-05-18
Bearbero,Madrid,Madrid,,,,https://bearbero.com/,osm,40.4102127,-3.7066158,2026-05-18
Mariana,La Oliva,Canarias,,,,,osm,28.6785295,-13.9390104,2026-05-18
Mª Carmen & Juan Jose,Santa Eulària des Riu,Illes Balears,,,,,osm,38.98425,1.5337634,2026-05-18
Noves idees,Felanitx,Illes Balears,,,,,osm,39.467461,3.1445492,2026-05-18
Peluquería Ruben's,Salamanca,Salamanca,,,,,osm,40.9707618,-5.6564863,2026-05-18
Peluquería Ramón,València,Comunitat Valenciana,,,,,osm,39.4609075,-0.3937331,2026-05-18
Peluquería Imagen Latina,Las Palmas de Gran Canaria,Canarias,,,,,osm,28.1295386,-15.4419149,2026-05-18
Naty Dreams,Las Palmas de Gran Canaria,Canarias,,,,,osm,28.1300709,-15.4424818,2026-05-18
Peluquería Raquel Camacho,Las Palmas de Gran Canaria,Canarias,,,,,osm,28.1313557,-15.4431919,2026-05-18
Cebado,Lleida,Catalunya,,,,,osm,41.6208666,0.6181455,2026-05-18
Sara Ruesgo,Gijón / Xixón,Asturias / Asturies,,,,,osm,43.5300864,-5.6604802,2026-05-18
Montse Falcon,Lleida,Catalunya,,,,,osm,41.6200981,0.6213538,2026-05-18
Taboada's,Gijón / Xixón,Asturias / Asturies,,,,,osm,43.5301512,-5.6686603,2026-05-18
Bermejo,Madrid,Madrid,,,,https://peluqueriabarberiabermejo.es/,osm,40.4672689,-3.718688,2026-05-18
Hermanos Pérez,Madrid,Madrid,,,,,osm,40.4519669,-3.6567437,2026-05-18
El Charro,Villafranca de los Barros,Extremadura,,,,,osm,38.5610419,-6.3362441,2026-05-18
naiara,Mogán,Canarias,,,,,osm,27.7924645,-15.7075775,2026-05-18
Salón de Peluquería Rocío Hermoso,Atarfe,Andalucía,+34958148167,,,,osm,37.2239325,-3.6879015,2026-05-18
Ego,A Coruña,Galicia,,,,,osm,43.3558625,-8.3995004,2026-05-18
Balcar,Santa Eulària des Riu,Illes Balears,,,,,osm,38.9844287,1.5353481,2026-05-18
Barberia Planells,Santa Eulària des Riu,Illes Balears,,,,,osm,38.9849853,1.5353688,2026-05-18
Peluquería - Centro de Belleza Anjana,Las Palmas de Gran Canaria,Canarias,,,,,osm,28.1285355,-15.4454642,2026-05-18
Blanco's,Gijón / Xixón,Asturias / Asturies,,,,,osm,43.5360756,-5.6483868,2026-05-18
Ideas,Mont-roig del Camp,Catalunya,+34977170402,,,,osm,41.0031194,0.9323759,2026-05-18
Peluqueria Miami,Mont-roig del Camp,Catalunya,,,,,osm,41.0081311,0.9377351,2026-05-18
Styl 2,Miami Platja,Catalunya,,,,,osm,41.0125903,0.9437908,2026-05-18
Peluqueria Noelia,Gijón / Xixón,Asturias / Asturies,,,,,osm,43.5365401,-5.6677176,2026-05-18
Laura Corral,Gijón / Xixón,Asturias / Asturies,,,,,osm,43.5366094,-5.6674075,2026-05-18
Angel Peluquero,Gijón / Xixón,Asturias / Asturies,,,,,osm,43.536733,-5.6675139,2026-05-18
ohm,Villafranca de los Barros,Extremadura,,,,,osm,38.5597792,-6.3292457,2026-05-18
Dolors Morato,Vilassar de Mar,Catalunya,,,,,osm,41.5075584,2.3883773,2026-05-18
Elizabeth Pardo (estètica),Vilassar de Mar,Catalunya,,,,,osm,41.5089362,2.3875579,2026-05-18
Daniela Tizado,Vilassar de Mar,Catalunya,,,,,osm,41.5089011,2.3886767,2026-05-18
Bella Loris,Jerez de la Frontera,Andalucía,,,,,osm,36.6809788,-6.1313937,2026-05-18
Men Peluqueros,Gines,Andalucía,,,,,osm,37.3883458,-6.0724625,2026-05-18
Payca Peluqueros,Gines,Andalucía,,,,,osm,37.388877,-6.0785535,2026-05-18
Peluquería Allure,Güímar,Canarias,,,,,osm,28.3396301,-16.4192142,2026-05-18
Arafo Barber,Güímar,Canarias,,,,,osm,28.3387318,-16.4195716,2026-05-18
Salón de peluquería Víctor,Gines,Andalucía,,,,,osm,37.3867082,-6.0762252,2026-05-18
Peluquería Juan Roldán,Gines,Andalucía,,,,,osm,37.3858153,-6.0770668,2026-05-18
Juan Escobar,Gines,Andalucía,,,,,osm,37.3845442,-6.0766257,2026-05-18
Kentia,Arnuero,Cantabria,,,,,osm,43.4541364,-3.5726227,2026-05-18
Good Style by John,Santa Lucía de Tirajana,Canarias,,,,,osm,27.842973,-15.442728,2026-05-18
Peluquería Kimo,Getafe,Madrid,,,,,osm,40.3424742,-3.7122435,2026-05-18
Triunfo,Getafe,Madrid,,,,,osm,40.3452901,-3.7066431,2026-05-18
Peluquería España,Getafe,Madrid,,,,,osm,40.3455336,-3.7065302,2026-05-18
Sebas & CO,Granollers,Catalunya,,,,,osm,41.6293936,2.2965788,2026-05-18
Xappeil,Granollers,Catalunya,,,,,osm,41.6292998,2.2973965,2026-05-18
Arineus,Granollers,Catalunya,,,,,osm,41.63653,2.2978499,2026-05-18
Mirakle Perruquers,Granollers,Catalunya,,,,,osm,41.6349247,2.2967374,2026-05-18
Paranoia,Granollers,Catalunya,,,,,osm,41.6334428,2.2986007,2026-05-18
Nuria Vilaró,Granollers,Catalunya,,,,,osm,41.6336737,2.295633,2026-05-18
Anna Orozco Perruquers,Granollers,Catalunya,,,,,osm,41.6324528,2.2976232,2026-05-18
Eku imatges,Granollers,Catalunya,,,,,osm,41.6310531,2.2976229,2026-05-18
Fátima,Burgos,Castilla y León,,,,,osm,42.349761,-3.6724355,2026-05-18
Llongueras Centro de Formación,Santiago de Compostela,Galicia,,,,,osm,42.8690364,-8.5535423,2026-05-18
Menta beauty Place | Peluquería retiro,Madrid,Madrid,,,,https://mentabeauty.es/cita-online-peluqueria-ibiza-4,osm,40.4181915,-3.6779683,2026-05-18
Peluqueria Destellos,San Tirso de Abres,Asturias / Asturies,,,,,osm,43.4104166,-7.1427281,2026-05-18
Desamie's,Madrid,Madrid,,,,,osm,40.425362,-3.5551016,2026-05-18
Javi Luisa,Madrid,Madrid,,,,,osm,40.4255169,-3.5554355,2026-05-18
Miriam Lozano,Ciudad Real,Castilla-La Mancha,,,,,osm,38.9808006,-3.9240317,2026-05-18
Javi Camacho,La Puebla de los Infantes,Andalucía,,,,,osm,37.780261,-5.3883786,2026-05-18
E&E,Getafe,Madrid,,,,,osm,40.323759,-3.6547905,2026-05-18
Peluquería Pilar Modroño,Valladolid,Castilla y León,,,,,osm,41.66001,-4.7195586,2026-05-18
Peluquería Sta. Ana,Sacramenia,Castilla y León,,,,,osm,41.493837,-3.9627912,2026-05-18
Peluquería Marta Soto,Medio Cudeyo,Cantabria,,,,,osm,43.3779376,-3.6818398,2026-05-18
Esencia,Valladolid,Castilla y León,,,,,osm,41.6519878,-4.7240963,2026-05-18
Maria José,Valladolid,Castilla y León,,,,,osm,41.6556499,-4.7262471,2026-05-18
D Blanco,Valladolid,Castilla y León,,,,,osm,41.65328,-4.7279071,2026-05-18
Cristina Minayo,Valladolid,Castilla y León,,,,,osm,41.6555813,-4.7267312,2026-05-18
Ke_Korte Estilistas,Torrevieja,Comunitat Valenciana,+34966932066,,,,osm,37.9887377,-0.6907403,2026-05-18
Peluquería Es Cos,es Castell,Illes Balears,,,,,osm,39.8513044,4.2578556,2026-05-18
Los pelos de Kike,Móstoles,Madrid,,,,,osm,40.3287913,-3.8601016,2026-05-18
Pepi,Llucmajor,Illes Balears,,,,,osm,39.5017621,2.7565164,2026-05-18
Llop,el Masnou,Catalunya,,,,,osm,41.4813573,2.2683581,2026-05-18
Polit Swing,el Masnou,Catalunya,,,,,osm,41.4826824,2.2684677,2026-05-18
Ultreria,València,Comunitat Valenciana,+34963256276,,,http://www.ultreriapeluqueria.com,osm,39.4656297,-0.3669364,2026-05-18
Monet Salon,es Castell,Illes Balears,+34971156956,,,,osm,39.8502573,4.2597664,2026-05-18
Ivan & Aitor,Tolox,Andalucía,,,,,osm,36.6863849,-4.9048633,2026-05-18
Marcos,Sevilla,Andalucía,,,,,osm,37.3437341,-5.9769641,2026-05-18
Estil Masculí Eva,Benaguasil,Comunitat Valenciana,,,,,osm,39.599691,-0.5863382,2026-05-18
Black,Santa Lucía de Tirajana,Canarias,,,,,osm,27.8243386,-15.4240442,2026-05-18
Peluqueria Flor de Mayo,Playa de Canet d'en Berenguer,Comunitat Valenciana,,,,,osm,39.6811232,-0.2070865,2026-05-18
Lucy perruqueria unisex,Barcelona,Catalunya,+34610875136,,,,osm,41.4404881,2.2247225,2026-05-18
Salón de peluquería Ma Ángeles,Barcelona,Catalunya,,,,,osm,41.4401418,2.2239126,2026-05-18
Mashaallah Peluquería,Barcelona,Catalunya,+34662297042,,,,osm,41.439978,2.225602,2026-05-18
Carlos's,Torrelavega,Cantabria,,,,,osm,43.3499084,-4.0522224,2026-05-18
VAN Estilistas,A Coruña,Galicia,,,,,osm,43.3158633,-8.365702,2026-05-18
Peluquería La Luz,Xirivella,Comunitat Valenciana,,,,,osm,39.4663335,-0.4145385,2026-05-18
Femina,Benidorm,Comunitat Valenciana,+34965852971,,,,osm,38.5367678,-0.1221947,2026-05-18
Miguel Ángel Santos,Sevilla,Andalucía,,,,,osm,37.3458749,-5.9774259,2026-05-18
Barber Alexis,Burgos,Castilla y León,,,,,osm,42.3496444,-3.6986078,2026-05-18
Peluquería Noemí,Torrelavega,Cantabria,,,,,osm,43.3490801,-4.051766,2026-05-18
Hilario y Vanessa,Torrelavega,Cantabria,,,,,osm,43.3484686,-4.0508082,2026-05-18
Retro,Torrelavega,Cantabria,,,,,osm,43.3500316,-4.0501389,2026-05-18
Peluquería Eva Andrada,Mérida,Extremadura,,,,,osm,38.9209928,-6.3332286,2026-05-18
Shiva,Ferrol,Galicia,,,,,osm,43.4847089,-8.2302037,2026-05-18
Antonia,Campos,Illes Balears,,,,,osm,39.4353366,3.0147675,2026-05-18
Víctor,Nava,Asturias / Asturies,,,,,osm,43.3586834,-5.5094418,2026-05-18
Kriss,Nava,Asturias / Asturies,,,,,osm,43.3591674,-5.5084964,2026-05-18
Núria Picas,Barcelona,Catalunya,,,,,osm,41.3833062,2.155106,2026-05-18
Salón 156,Barcelona,Catalunya,+34931713469,,,,osm,41.3833203,2.1549355,2026-05-18
Peluquería Salim,Málaga,Andalucía,,,,,osm,36.7133975,-4.4348962,2026-05-18
Agustín e Hijos Peluqueros,Málaga,Andalucía,+34952229989,,,https://www.agustinehijospeluqueros.com/,osm,36.7175072,-4.4242856,2026-05-18
Peluquería Bukless,Málaga,Andalucía,+34952222689,,,,osm,36.7176213,-4.4252268,2026-05-18
Lola,Isaba / Izaba,Navarra,,,,,osm,42.8621415,-0.9224775,2026-05-18
Jean Louis David,Madrid,Madrid,+34915939100,,,https://www.jeanlouisdavid.com.es/salon-peluqueria/peluqueria-madrid_s3789,osm,40.4291308,-3.7039246,2026-05-18
Ángel Sánchez,Madrid,Madrid,+34670701788,,,http://angel-sanchez-peluqueria-de-autor.business.site/,osm,40.4291528,-3.7040571,2026-05-18
La Barbería de San Bernardo,Madrid,Madrid,+34914468500,,,,osm,40.4292323,-3.7045213,2026-05-18
La Barberia Nº14,Santiago de Compostela,Galicia,,,,,osm,42.875011,-8.5502582,2026-05-18
Olalla Ferreiro,Ferrol,Galicia,,,,,osm,43.4882756,-8.2279311,2026-05-18
Yomara,Santa Cruz de Tenerife,Canarias,+34922204558,,,,osm,28.4605493,-16.260585,2026-05-18
Tendencias,Santa Cruz de Tenerife,Canarias,+34922595015;+34653600271,,,,osm,28.4600894,-16.2613562,2026-05-18
Barber Life,Santa Cruz de Tenerife,Canarias,,,,,osm,28.4609867,-16.26213,2026-05-18
Soho Estilistas,Las Palmas de Gran Canaria,Canarias,,,,,osm,28.1035984,-15.418586,2026-05-18
Ángel Franco Peluqueros,Torrelavega,Cantabria,+34942890150,,,,osm,43.3471569,-4.0549269,2026-05-18
Xing Fa Yuan,Cádiz,Andalucía,,,,,osm,36.5101087,-6.2784732,2026-05-18
Alto Estilo,Calp,Comunitat Valenciana,,,,,osm,38.6425616,0.0686933,2026-05-18
Marta Ugarte,Torrelavega,Cantabria,,,,,osm,43.3488248,-4.0488293,2026-05-18
Yolan,Calp,Comunitat Valenciana,,,,,osm,38.6413185,0.0720984,2026-05-18
Peluqueria Ana,Oyón-Oion,La Rioja,,,,,osm,42.5052456,-2.4365586,2026-05-18
Peluqueria sodevilla,Oyón-Oion,La Rioja,,,,,osm,42.5053839,-2.4364595,2026-05-18
Thelma,Oyón-Oion,La Rioja,,,,,osm,42.5036892,-2.4358688,2026-05-18
Peluquería Lorena,Torrelavega,Cantabria,+34942084086,,,,osm,43.3493219,-4.0545125,2026-05-18
Nuria Herrera,Torrelavega,Cantabria,,,,,osm,43.3496082,-4.0491231,2026-05-18
Peluquería Sara,Madrid,Madrid,,,,,osm,40.403249,-3.6760882,2026-05-18
Aina peluquería y estética,Santiago de Compostela,Galicia,,,,,osm,42.8870596,-8.5394649,2026-05-18
Peluquería Rafa,Badajoz,Extremadura,,,,,osm,38.8807652,-6.9558878,2026-05-18
Peliquria Moreno,Mijas,Andalucía,+34952493081,,,,osm,36.5048158,-4.6783142,2026-05-18
Sergio Martin,Mijas,Andalucía,,,,,osm,36.5044529,-4.6779573,2026-05-18
Seris,Santa Cruz de Tenerife,Canarias,,,,,osm,28.4665657,-16.2515205,2026-05-18
RH,Santa Cruz de Tenerife,Canarias,,,,,osm,28.4640898,-16.2520824,2026-05-18
Kreco,Santa Cruz de Tenerife,Canarias,,,,,osm,28.4637897,-16.2529095,2026-05-18
Nando Portas,O Porriño,Galicia,,,,,osm,42.1550487,-8.6332156,2026-05-18
Cimay,Torrelavega,Cantabria,,,,,osm,43.3519804,-4.0491953,2026-05-18
Ingelmo,Torrelavega,Cantabria,,,,,osm,43.3510779,-4.0493929,2026-05-18
Peluquería Lourdes,Torrelavega,Cantabria,+34942880272,,,,osm,43.349632,-4.0553918,2026-05-18
Peluquerías Obregon,Torrelavega,Cantabria,+34942083276,,,,osm,43.3494314,-4.0549591,2026-05-18
Michelangelo,Valladolid,Castilla y León,,,,,osm,41.6559421,-4.725314,2026-05-18
Rafael Muñoz,Valladolid,Castilla y León,,,,,osm,41.6548163,-4.7271521,2026-05-18
Paulino,Gijón / Xixón,Asturias / Asturies,,,,,osm,43.535859,-5.6749242,2026-05-18
db,Santa Cruz de Tenerife,Canarias,,,,,osm,28.4704597,-16.2511866,2026-05-18
Velazquez,Santa Cruz de Tenerife,Canarias,,,,,osm,28.4702074,-16.2508231,2026-05-18
Despeinados,Santa Cruz de Tenerife,Canarias,,,,,osm,28.4697441,-16.2506112,2026-05-18
Peluquería Dominicana D´Griss,Torrelavega,Cantabria,+34942891749,,,,osm,43.3488302,-4.0548345,2026-05-18
Peluquería Luis Delage,Almería,Almería,+34650356820,,,,osm,36.8279997,-2.4493906,2026-05-18
Crisel,Torrelavega,Cantabria,+34942897494,,,,osm,43.3458946,-4.051909,2026-05-18
Mercedes Bermejo,Torrelavega,Cantabria,,,,,osm,43.3508723,-4.0487043,2026-05-18
Adrián,San Fernando de Henares,Madrid,,,,,osm,40.4494608,-3.468767,2026-05-18
Estilismo Fortuna,Barcelona,Catalunya,,,,,osm,41.4444665,2.2186922,2026-05-18
Jesús,Zaragoza,Aragón,,,,,osm,41.6527643,-0.8797353,2026-05-18
Peluquería Caballeros Pablo,Atarfe,Andalucía,+34615712882,,,,osm,37.2220266,-3.6917509,2026-05-18
Scorpion,Gines,Andalucía,,,,,osm,37.3845897,-6.0670347,2026-05-18
Salon de Peluqueria R&C,Samartín del Rei Aurelio,Asturias / Asturies,,,,,osm,43.2897193,-5.6379673,2026-05-18
Puerto,Burgos,Castilla y León,,,,,osm,42.3495648,-3.7340267,2026-05-18
Peluquería Bienve,Gómara,Castilla y León,,,,,osm,41.6221589,-2.2241129,2026-05-18
D'Cris,A Coruña,Galicia,,,,,osm,43.3608042,-8.4079112,2026-05-18
Luisa Castro,A Coruña,Galicia,,,,,osm,43.3616383,-8.4065285,2026-05-18
De lo Spelos!,Zaragoza,Aragón,,,,,osm,41.6414742,-0.8924774,2026-05-18
Carla,Zaragoza,Aragón,,,,,osm,41.6419047,-0.8920639,2026-05-18
Peluquería Inglán,Sabiñánigo,Aragón,,,,,osm,42.5196595,-0.3639985,2026-05-18
Art & hair,León,Castilla y León,,,,,osm,42.5808514,-5.5523987,2026-05-18
Peluquería Pequeñita,Cedeira,Galicia,,,,,osm,43.6611714,-8.0559563,2026-05-18
Piojitos Fuera,Fuenlabrada,Madrid,+34910411424,fuenlabrada@piojitosfuera.es,,https://piojitosfuera.es/,osm,40.2876886,-3.7873196,2026-05-18
Peluquería Luís Alejandro,Ordes,Galicia,,,,,osm,43.0799067,-8.4061511,2026-05-18
Chausal,Torrelavega,Cantabria,+34942882159,,,,osm,43.3471562,-4.0498238,2026-05-18
Noha,Burgos,Castilla y León,,,,,osm,42.3489045,-3.6940294,2026-05-18
Tomás Hairdresser,Dénia,Comunitat Valenciana,+34965786216,,,,osm,38.8395104,0.1077086,2026-05-18
Peluqería Silvia,Torrelavega,Cantabria,,,,,osm,43.3474578,-4.0494435,2026-05-18
Peluquería Manuel,Torrelavega,Cantabria,+34942807040,,,,osm,43.3503449,-4.054088,2026-05-18
Bárbara Feijoó,Torrelavega,Cantabria,+34618313512,,,,osm,43.3499466,-4.0544031,2026-05-18
Lourdes Laso,Torrelavega,Cantabria,,,,,osm,43.3504757,-4.0519384,2026-05-18
El Corte Henares,San Fernando de Henares,Madrid,,,,,osm,40.4240798,-3.533056,2026-05-18
MADX,San Fernando de Henares,Madrid,+34912312900,,,,osm,40.4272288,-3.5345464,2026-05-18
Concepción Jurado,Vitoria-Gasteiz,Euskadi,,,,,osm,42.8512646,-2.6876693,2026-05-18
Ondare,Vitoria-Gasteiz,Euskadi,,,,,osm,42.8520607,-2.6874012,2026-05-18
Alberto N.,Zaragoza,Aragón,,,,,osm,41.6463738,-0.8746461,2026-05-18
Isabel Bernal,Zaragoza,Aragón,,,,,osm,41.6460712,-0.8754746,2026-05-18
Errebé,Vitoria-Gasteiz,Euskadi,,,,,osm,42.8508199,-2.6770292,2026-05-18
Ileki,Vitoria-Gasteiz,Euskadi,,,,,osm,42.8513884,-2.6763104,2026-05-18
Selket Estilistas,Vitoria-Gasteiz,Euskadi,,,,,osm,42.8502418,-2.6780315,2026-05-18
El Rincón del Estilista,Vitoria-Gasteiz,Euskadi,,,,,osm,42.850712,-2.6796632,2026-05-18
Lamiak,Vitoria-Gasteiz,Euskadi,,,,,osm,42.8506868,-2.6796675,2026-05-18
Peluquería Salón del Caño,Sestao,Euskadi,,,,,osm,43.2909511,-2.9950176,2026-05-18
Difusión,Torrelavega,Cantabria,,,,,osm,43.3496966,-4.0480563,2026-05-18
Duo,Torrelavega,Cantabria,,,,,osm,43.3495204,-4.0473613,2026-05-18
Maido,Manlleu,Catalunya,,,,,osm,42.0470154,2.2626437,2026-05-18
Peluquería Roylos,Sevilla,Sevilla,+34954333077,,,,osm,37.3794294,-6.0071816,2026-05-18
El Rincón de Ro,Sevilla,Sevilla,+34954003520,,,,osm,37.3800009,-6.0061985,2026-05-18
Beauty Moments,Tarragona,Catalunya,,,,,osm,41.1229921,1.274134,2026-05-18
Peluquería Barbería Víctor Romero,Sevilla,Sevilla,+34681061196,,,,osm,37.3818317,-6.0040748,2026-05-18
Uni.co,València,Comunitat Valenciana,,,,,osm,39.4852054,-0.3617575,2026-05-18
Gloria Martín,Sant Vicenç dels Horts,Catalunya,,,,,osm,41.385749,2.0467027,2026-05-18
Peluquería Box,Vitoria-Gasteiz,Euskadi,,,,,osm,42.8536041,-2.6784913,2026-05-18
Peluquería Proyectos,Vitoria-Gasteiz,Euskadi,,,,,osm,42.8526729,-2.6747142,2026-05-18
Ceballos,Torrelavega,Cantabria,,,,,osm,43.3489222,-4.0463848,2026-05-18
San Miguel,Torrelavega,Cantabria,,,,,osm,43.3486682,-4.0464329,2026-05-18
Bar Castilla,Torrelavega,Cantabria,+34942883032,,,,osm,43.3480576,-4.0472537,2026-05-18
El Salón Vintage,Torrelavega,Cantabria,+34942086142,,,,osm,43.3479385,-4.0461789,2026-05-18
Mogué,Torrelavega,Cantabria,,,,,osm,43.3509393,-4.0475874,2026-05-18
Julia Rodríguez Estilista,Jarandilla de la Vera,Extremadura,,,,,osm,40.1259588,-5.7012483,2026-05-18
GCH,Cerdanyola del Vallès,Catalunya,,,,,osm,41.5320766,2.0884386,2026-05-18
Peluquería Sofía Roy,Zaragoza,Aragón,,,,,osm,41.6400294,-0.9320989,2026-05-18
Peluquería Merche,Zaragoza,Zaragoza,,,,,osm,41.6494817,-0.9069272,2026-05-18
Peluquería Antonio,Torrelavega,Cantabria,+34686718482,,,,osm,43.3483051,-4.0472724,2026-05-18
Mom Salon,Vitoria-Gasteiz,Euskadi,,,,,osm,42.8468855,-2.6761284,2026-05-18
Formas,A Coruña,Galicia,+34981225614,,,,osm,43.3722319,-8.4013362,2026-05-18
Eva Anxana,Torrelavega,Cantabria,,,,,osm,43.351848,-4.0477162,2026-05-18
Colours,Torrelavega,Cantabria,,,,,osm,43.3521055,-4.0482773,2026-05-18
Manuel,Torrelavega,Cantabria,,,,,osm,43.3523524,-4.0476857,2026-05-18
Nava peluqueros,Torrelavega,Cantabria,,,,,osm,43.3530197,-4.0471782,2026-05-18
MAGA Estilistas,Torrelavega,Cantabria,+34942947824,,,,osm,43.3472575,-4.0481524,2026-05-18
Peluquería Perfil,Torrelavega,Cantabria,,,,,osm,43.3462987,-4.0466944,2026-05-18
Peluquería BelloCapello,Galapagar,Madrid,,,,,osm,40.576499,-4.0023315,2026-05-18
Reychel,Torrelavega,Cantabria,+34942086163,,,,osm,43.346862,-4.0460063,2026-05-18
Vergelina Peluqueros,Zamora,Castilla y León,+34980514934,,,https://www.facebook.com/vergelina-peluqueros-235339299859889/,osm,41.509709,-5.7386421,2026-05-18
S&R,Vitoria-Gasteiz,Euskadi,,,,,osm,42.8473556,-2.6787691,2026-05-18
Varemont by Santiago Varela,Sevilla,Andalucía,,,,,osm,37.3791701,-6.0009204,2026-05-18
Chirel,Vitoria-Gasteiz,Euskadi,,,,,osm,42.8469573,-2.6791339,2026-05-18
Seniors,Vitoria-Gasteiz,Euskadi,,,,,osm,42.8481968,-2.6796478,2026-05-18
Chemot,Vitoria-Gasteiz,Euskadi,,,,,osm,42.8474716,-2.6795134,2026-05-18
Aldama,Vitoria-Gasteiz,Euskadi,,,,,osm,42.8476073,-2.6795818,2026-05-18
Peluquería Rasel,Vitoria-Gasteiz,Euskadi,,,,,osm,42.8495039,-2.6805219,2026-05-18
Elena Ansótegui,Vitoria-Gasteiz,Euskadi,,,,,osm,42.8491465,-2.679901,2026-05-18
Verona,Vitoria-Gasteiz,Euskadi,,,,,osm,42.8482665,-2.6791386,2026-05-18
Anyus,Guadalajara,Castilla-La Mancha,,,,,osm,40.6692912,-3.203463,2026-05-18
Miguel angel,Guadalajara,Castilla-La Mancha,,,,,osm,40.6697323,-3.2014147,2026-05-18
Dori del Olmo,Vitoria-Gasteiz,Euskadi,,,,,osm,42.8506125,-2.6856717,2026-05-18
Suzanne,Vitoria-Gasteiz,Euskadi,,,,,osm,42.8506656,-2.6853432,2026-05-18
Naycos,Collado Mediano,Madrid,,,,,osm,40.6916057,-4.0275102,2026-05-18
D. Idigoras,Atarfe,Andalucía,,,,https://didigoras.negocio.site,osm,37.222874,-3.6880889,2026-05-18
Peluquería Ana Hispán,Atarfe,Andalucía,+34958437457,anat_2808@hotmail.com,,,osm,37.2233655,-3.6875231,2026-05-18
Peluquería Silvia Álvarez,Atarfe,Andalucía,+34958439976,,,,osm,37.2240361,-3.6863334,2026-05-18
Peluquería Anna Rodríguez,Atarfe,Andalucía,+34639440363,,,,osm,37.2240897,-3.6857865,2026-05-18
Salón de Peluquería Yolanda,Atarfe,Andalucía,+34958437245,,,,osm,37.2216464,-3.6855115,2026-05-18
Perruqueria Liotric,el Masnou,Catalunya,+34935402774,,,,osm,41.4941058,2.2943005,2026-05-18
Peluquería Emalú,Vitoria-Gasteiz,Euskadi,,,,,osm,42.8535834,-2.667182,2026-05-18
Loqum,Vitoria-Gasteiz,Euskadi,,,,,osm,42.8529321,-2.6667945,2026-05-18
Blahnik,Santa Cruz de Tenerife,Canarias,,,,,osm,28.4328804,-16.3108691,2026-05-18
C&A,Torrelavega,Cantabria,+34942881762,,,,osm,43.3468445,-4.0446682,2026-05-18
Peluquería Olga Rojo,Torrelavega,Cantabria,+34942081660,,,,osm,43.34733,-4.0446939,2026-05-18
Twenty,Madrid,Madrid,,,,,osm,40.4374682,-3.8179556,2026-05-18
Peluquería Noive,Torrelavega,Cantabria,+34942882825,,,,osm,43.346398,-4.0446496,2026-05-18
Miio estilistas,Sevilla,Sevilla,,,,,osm,37.4256139,-5.9846112,2026-05-18
Peluquería Móber,Solana de los Barros,Extremadura,,,,,osm,38.7243746,-6.5377097,2026-05-18
Pedro's Peluquero,Solana de los Barros,Extremadura,,,,,osm,38.7231709,-6.5378906,2026-05-18
David Quiñones,Cádiz,Andalucía,,,,,osm,36.5049336,-6.2711071,2026-05-18
Peluquería Román,Torrelavega,Cantabria,+34942883763,,,,osm,43.347083,-4.0437447,2026-05-18
Susana Sanchez,Torrelavega,Cantabria,,,,,osm,43.3527581,-4.048409,2026-05-18
Rodolfo del Barrio,Torrelavega,Cantabria,,,,,osm,43.3526997,-4.0487142,2026-05-18
Peluquería Hugo Pascual,Atarfe,Andalucía,+34685036288,,,,osm,37.220314,-3.6973243,2026-05-18
Peluquería Cristina Chinchilla,Atarfe,Andalucía,+34958436956,,,,osm,37.2251226,-3.6856383,2026-05-18
Vero Mora Estilista,Atarfe,Andalucía,,,,,osm,37.2231386,-3.6843585,2026-05-18
Salón de Barbería Daniel Idigoras,Atarfe,Andalucía,+34617336676,,,,osm,37.2239018,-3.6830914,2026-05-18
Marina's Colors,Madrid,Madrid,,,,,osm,40.4363158,-3.8094095,2026-05-18
Peinados María Esther,Torrelavega,Cantabria,,,,,osm,43.3515122,-4.0458983,2026-05-18
Pablo Peluqueros,Torrelavega,Cantabria,,,,,osm,43.3517221,-4.0467631,2026-05-18
Peluquería Loli,O Porriño,Galicia,,,,,osm,42.1444963,-8.6180422,2026-05-18
Las Anas,Torrelavega,Cantabria,,,,,osm,43.3526988,-4.0464462,2026-05-18
Kiska,Felanitx,Illes Balears,,,,,osm,39.4731427,3.1488923,2026-05-18
D'Elsa,Torrelavega,Cantabria,,,,,osm,43.3531974,-4.0470535,2026-05-18
Academia de peluquería Ana,Torrelavega,Cantabria,,,,,osm,43.3530332,-4.046514,2026-05-18
Perruqueria Yoli,Barcelona,Catalunya,,,,,osm,41.4413861,2.2214975,2026-05-18
La pelu de Pepe,Alacant / Alicante,Comunitat Valenciana,,,,,osm,38.3953002,-0.4359653,2026-05-18
Date un capricho,Torrelavega,Cantabria,,,,,osm,43.3524774,-4.0444423,2026-05-18
Niky,Torrelavega,Cantabria,,,,,osm,43.3532304,-4.0442393,2026-05-18
3D,Bilbao,Vizcaya,,,,,osm,43.2562439,-2.9357821,2026-05-18
Doble K,Bilbao,Euskadi,,,,,osm,43.2676375,-2.9272736,2026-05-18
Estilista Colores,Galapagar,Madrid,,,,,osm,40.6292662,-4.0083436,2026-05-18
Barbería Adil,Galapagar,Madrid,,,,,osm,40.6290675,-4.0086907,2026-05-18
Peluquería Bel Air,Galapagar,Madrid,,,,,osm,40.6285537,-4.0085786,2026-05-18
Peluquería Cuenca,Galapagar,Madrid,,,,,osm,40.6279111,-4.0089713,2026-05-18
Alberto Lera,Bilbao,Euskadi,,,,,osm,43.2552805,-2.9417453,2026-05-18
Salón Charada,Bilbao,Euskadi,,,,,osm,43.2550696,-2.9391816,2026-05-18
Aidha,Bilbao,Euskadi,,,,,osm,43.2674815,-2.9252807,2026-05-18
Alai,Bilbao,Euskadi,,,,,osm,43.267388,-2.9266944,2026-05-18
Epalza peluqueros,Bilbao,Euskadi,,,,,osm,43.2675252,-2.9261152,2026-05-18
Duende's Estilistas,Galapagar,Madrid,+34918587052,,,,osm,40.5978186,-3.9825423,2026-05-18
Quico,Burguillos del Cerro,Extremadura,,,,,osm,38.3809733,-6.5896906,2026-05-18
Kiron Peluqueros,Lugo,Galicia,,,,,osm,43.0259306,-7.5716139,2026-05-18
Aqua,Burgos,Castilla y León,,,,,osm,42.3436891,-3.6919661,2026-05-18
Peluquería La Paz,Torrelavega,Cantabria,,,,,osm,43.3539649,-4.0460375,2026-05-18
Baeta,Sant Feliu de Codines,Catalunya,,,,,osm,41.6732699,2.2142057,2026-05-18
Cortar y peinar,Montejo de la Sierra,Madrid,,,,,osm,41.0602995,-3.5286372,2026-05-18
Estilo,Madrid,Madrid,,bocabocafelixboix@gmail.com,,,osm,40.4632291,-3.6881251,2026-05-18
Enzo,Reus,Catalunya,+34977117423,,,https://enzoperruquers.com/,osm,41.1519551,1.1033025,2026-05-18
Godino Peluqueros,Almàssera,Comunitat Valenciana,+34961851600,info@godinopeluqueros.com,,https://www.godinopeluqueros.com/,osm,39.5126364,-0.3545017,2026-05-18
Peluquería Úbeda,Santa Eulalia del Campo,Aragón,+34978860156,,,,osm,40.5685358,-1.3138941,2026-05-18
FPS Style,Madrid,Madrid,,,,,osm,40.4391153,-3.7921118,2026-05-18
Mercedes Laparra,Fuenlabrada de los Montes,Extremadura,,,,,osm,39.1313326,-4.9338222,2026-05-18
Guiller,Torrelavega,Cantabria,,,,,osm,43.3451814,-4.054105,2026-05-18
Olivia,Torrelavega,Cantabria,,,,,osm,43.3452196,-4.0552669,2026-05-18
Koke's Estilistas,Madrid,Madrid,,,,,osm,40.4854406,-3.7000695,2026-05-18
Marazza,Palma,Illes Balears,,,,,osm,39.6250828,2.7280296,2026-05-18
Àngel,Inca,Illes Balears,,,,,osm,39.7169713,2.9038113,2026-05-18
Xisca Pérez,Inca,Illes Balears,,,,,osm,39.7167258,2.9045623,2026-05-18
Miber,Las Gabias,Andalucía,,,,,osm,37.1359073,-3.667889,2026-05-18
J.M,Las Gabias,Andalucía,,,,,osm,37.1374643,-3.6616583,2026-05-18
Terry,Las Gabias,Andalucía,,,,,osm,37.1344548,-3.6689832,2026-05-18
Low Cost Las Gabias,Las Gabias,Andalucía,,,,,osm,37.1330907,-3.6719491,2026-05-18
Tere Romero,Las Gabias,Andalucía,,,,,osm,37.132441,-3.6735292,2026-05-18
David Fernández,Torrelavega,Cantabria,+34942805648,,,,osm,43.3451479,-4.0599872,2026-05-18
Peluquería Marisa,Torrelavega,Cantabria,+34942896619,,,,osm,43.3456266,-4.0612889,2026-05-18
Punto y Aparte,Sabiñánigo,Aragón,,,,,osm,42.5182912,-0.3666236,2026-05-18
Nines & Ninos,Zaragoza,Aragón,,,,,osm,41.6366486,-0.9460473,2026-05-18
Estilismo Scala,Zaragoza,Aragón,,,,,osm,41.6369633,-0.9460446,2026-05-18
Lhast,Zaragoza,Aragón,,,,,osm,41.6183399,-0.9227657,2026-05-18
Pelos.com,Zaragoza,Zaragoza,,,,,osm,41.6220744,-0.9188457,2026-05-18
Varon Stylo,Zaragoza,Aragón,,,,,osm,41.6218368,-0.923388,2026-05-18
Peopleshine,Zaragoza,Aragón,,,,,osm,41.6234088,-0.9187129,2026-05-18
Peluquería Vanesa,Torrelavega,Cantabria,,,,,osm,43.3447942,-4.0608523,2026-05-18
Peluquería Kinita,Torrelavega,Cantabria,+34942083787,,,,osm,43.3448699,-4.0606682,2026-05-18
Body Care,Torrelavega,Cantabria,+34942108070,,,,osm,43.3445067,-4.0611529,2026-05-18
Marijt Peluqueros Fashion Line,Santiago de Compostela,Galicia,,,,,osm,42.8833053,-8.5488372,2026-05-18
Cejas y Más,Zaragoza,Aragón,,,,,osm,41.6699666,-0.8840078,2026-05-18
Estilistas Moss,Zaragoza,Aragón,,,,,osm,41.6704094,-0.8841848,2026-05-18
Insa,Zaragoza,Aragón,,,,,osm,41.6705356,-0.8863387,2026-05-18
Peluquería María Zaragoza,Zaragoza,Aragón,,,,,osm,41.6710646,-0.8844799,2026-05-18
Gustavo Corral,Zaragoza,Aragón,,,,,osm,41.649575,-0.874887,2026-05-18
Jordi,Santa Cruz de La Palma,Canarias,,,,,osm,28.6829828,-17.7642212,2026-05-18
Los Indianos,Santa Cruz de La Palma,Canarias,,,,,osm,28.6861975,-17.7620505,2026-05-18
La Coquette,Santa Cruz de Tenerife,Canarias,,,,,osm,28.4899968,-16.3183873,2026-05-18
Inés y Mari,Icod de los Vinos,Canarias,,,,,osm,28.3685702,-16.7142586,2026-05-18
Sbal,Adeje,Canarias,,,,,osm,28.0505966,-16.7205961,2026-05-18
Energie,Puerto de la Cruz,Canarias,,,,,osm,28.4141267,-16.5426836,2026-05-18
Sánchez Olucha,Onda,Comunitat Valenciana,,,,,osm,39.9639194,-0.2631524,2026-05-18
Ana Clavería,Zaragoza,Aragón,,,,,osm,41.6513096,-0.9247854,2026-05-18
Peluquería Brillo y Color,Zaragoza,Aragón,,,,,osm,41.651478,-0.9258758,2026-05-18
Ova Estilistas,Zaragoza,Zaragoza,,,,,osm,41.6509755,-0.9157944,2026-05-18
Montse Navarro,Zaragoza,Aragón,,,,,osm,41.6516033,-0.9159663,2026-05-18
Lidia Fortea,Zaragoza,Aragón,,,,,osm,41.6513828,-0.9168729,2026-05-18
Andrés Ferrando,Zaragoza,Aragón,,,,,osm,41.6515612,-0.9205556,2026-05-18
Corto y Cambio,Zaragoza,Aragón,,,,,osm,41.6523257,-0.9214877,2026-05-18
Perfum,Zaragoza,Aragón,,,,,osm,41.6381861,-0.9069689,2026-05-18
Voga,Zaragoza,Aragón,,,,,osm,41.6402117,-0.9081195,2026-05-18
Estilistas D'Luxa,Zaragoza,Aragón,,,,,osm,41.6393469,-0.8973916,2026-05-18
Estética Natalia Petrik,Zaragoza,Aragón,,,,,osm,41.6391662,-0.8972037,2026-05-18
Eva Domínguez,Zaragoza,Aragón,,,,,osm,41.6427057,-0.8936038,2026-05-18
Emilio Ballesteros,Zaragoza,Aragón,,,,,osm,41.6385767,-0.8974228,2026-05-18
Henry Vargas,Zaragoza,Aragón,,,,,osm,41.6385018,-0.8974893,2026-05-18
Perruqueria Ges,Castellserà,Catalunya,,,,,osm,41.7468988,0.987566,2026-05-18
Peluquería Árabe,Málaga,Andalucía,,,,,osm,36.7236354,-4.4231167,2026-05-18
Dévora Capilla,Magacela,Extremadura,,,,,osm,38.894888,-5.7287085,2026-05-18
Escola F.P. Nuria Vilella,Cerdanyola del Vallès,Catalunya,,,,,osm,41.5323373,2.1181343,2026-05-18
Mario Duart,Zaragoza,Aragón,,,,,osm,41.6424026,-0.8733849,2026-05-18
Stratus,Zaragoza,Aragón,,,,,osm,41.6421871,-0.8736706,2026-05-18
Savicente,Zaragoza,Aragón,,,,,osm,41.6424517,-0.8743116,2026-05-18
Vanesa,Zaragoza,Aragón,,,,,osm,41.6428816,-0.8748212,2026-05-18
Erika,Zaragoza,Aragón,,,,,osm,41.6438938,-0.8754462,2026-05-18
Free Hair,Zaragoza,Aragón,,,,,osm,41.6448572,-0.876681,2026-05-18
Selkis,Zaragoza,Aragón,,,,,osm,41.644421,-0.8709106,2026-05-18
Deep Dye,Zaragoza,Aragón,,,,,osm,41.6437199,-0.8710428,2026-05-18
Heder,Zaragoza,Aragón,,,,,osm,41.6432895,-0.8703996,2026-05-18
Tauro,Zaragoza,Aragón,,,,,osm,41.6415356,-0.8688091,2026-05-18
Esther Calvo,Zaragoza,Aragón,,,,,osm,41.6421199,-0.8720304,2026-05-18
Peluquerías Due,Zaragoza,Aragón,,,,,osm,41.6422357,-0.87299,2026-05-18
Arco Iris,Sant Vicenç dels Horts,Catalunya,,,,,osm,41.3869498,2.0464596,2026-05-18
Mª Carme Garcia,Sant Vicenç dels Horts,Catalunya,,,,,osm,41.3817859,2.0453144,2026-05-18
Peluquería Miral,Zaragoza,Aragón,,,,,osm,41.6412227,-0.8672107,2026-05-18
Estilistas Isabel Lobera,Zaragoza,Aragón,,,,,osm,41.6418664,-0.8677902,2026-05-18
Pelo a Pelo,Zaragoza,Aragón,,,,,osm,41.641974,-0.8682416,2026-05-18
Peluquerías Bajo Precio,Zaragoza,Aragón,,,,,osm,41.6420913,-0.8683441,2026-05-18
Peluquería Número 1,Zaragoza,Aragón,,,,,osm,41.6435808,-0.8696969,2026-05-18
Peluquería Nuevos Aires,Zaragoza,Aragón,,,,,osm,41.6440031,-0.8700635,2026-05-18
Pinzas,Valladolid,Castilla y León,,,,,osm,41.6538024,-4.7261462,2026-05-18
Pelocorto,Zaragoza,Aragón,,,,,osm,41.6441704,-0.873958,2026-05-18
Peluquería Yolanda Rebeca,Zaragoza,Aragón,,,,,osm,41.6400722,-0.8693074,2026-05-18
Richard's Rondon Peluqueros,Zaragoza,Aragón,,,,,osm,41.6463673,-0.8807491,2026-05-18
La Petite Julie,Zaragoza,Aragón,,,,,osm,41.6459488,-0.8798122,2026-05-18
Evana,Burgos,Castilla y León,,,,,osm,42.3543394,-3.665398,2026-05-18
Black & White,Santa Cruz de Tenerife,Canarias,,,,,osm,28.4640757,-16.2543274,2026-05-18
Peluquería Estefanía,Sant Joan d'Alacant,Comunitat Valenciana,+34697545627,,,,osm,38.3981076,-0.4332653,2026-05-18
Subtil,Alacant / Alicante,Comunitat Valenciana,,,,,osm,38.3953272,-0.4346543,2026-05-18
Perruqueria Sant Crist,Montcada i Reixac,Catalunya,,,,,osm,41.4524379,2.2364876,2026-05-18
Rosa Mari,Montcada i Reixac,Catalunya,,,,,osm,41.4526365,2.2374898,2026-05-18
V&S,València,Comunitat Valenciana,,,,,osm,39.4802614,-0.3281398,2026-05-18
Azizi,Galapagar,Madrid,,,,,osm,40.5774254,-4.0044505,2026-05-18
LaMiniPelu,Barcelona,Catalunya,,,,,osm,41.4283442,2.190497,2026-05-18
MC,Torrelavega,Cantabria,,,,,osm,43.3418692,-4.0463238,2026-05-18
Rosa Garcia Forner,Alacant / Alicante,Comunitat Valenciana,+34965953297,,,,osm,38.4188598,-0.4459383,2026-05-18
Maxi & Patricia,Alacant / Alicante,Comunitat Valenciana,+34965951682,,,,osm,38.4180137,-0.443081,2026-05-18
Beatriz Guadaño Estilistas,Galapagar,Madrid,,,,,osm,40.5794685,-4.0053401,2026-05-18
SeduceT,Granada,Andalucía,,,,,osm,37.1877143,-3.6120233,2026-05-18
Rocío Rojas Estilistas,Granada,Andalucía,+34858714029,,,,osm,37.1880618,-3.6125846,2026-05-18
Peluquería Bidane,Galapagar,Madrid,+34631249506,,,,osm,40.5796429,-4.0028411,2026-05-18
Peluquería Déjate Mimar,Galapagar,Madrid,,,,,osm,40.5796607,-4.0030889,2026-05-18
C&L Style,Galapagar,Madrid,,,,,osm,40.5764152,-4.0044556,2026-05-18
lametro,Rubí,Catalunya,,,,,osm,41.4882497,2.031048,2026-05-18
Picasso,Majadahonda,Madrid,,,,,osm,40.4898796,-3.8774438,2026-05-18
Estybell,Majadahonda,Madrid,,,,,osm,40.491153,-3.8717531,2026-05-18
Duenn,Majadahonda,Madrid,,,,,osm,40.4906016,-3.8774135,2026-05-18
Kul,Majadahonda,Madrid,,,,,osm,40.4899378,-3.8773058,2026-05-18
Jofer,Majadahonda,Madrid,,,,,osm,40.4735963,-3.8686795,2026-05-18
Art Academy,Majadahonda,Madrid,,,,,osm,40.4899799,-3.8772095,2026-05-18
PelArte,Majadahonda,Madrid,,,,,osm,40.4895739,-3.8767332,2026-05-18
Look Cresta,Majadahonda,Madrid,,,,,osm,40.4928246,-3.8692483,2026-05-18
El Peluquero,Majadahonda,Madrid,,,,,osm,40.4892273,-3.8763057,2026-05-18
Peluqueira Taima unisex,La Zubia,Andalucía,,,,,osm,37.1401374,-3.6224437,2026-05-18
Peluquería D-Dos,Madrid,Madrid,,,,,osm,40.4110524,-3.7196123,2026-05-18
Wap@,Madrid,Madrid,,,,,osm,40.4815075,-3.6696757,2026-05-18
Suan,Madrid,Madrid,,,,,osm,40.4818477,-3.6695396,2026-05-18
Spejo’s,Madrid,Madrid,,,,,osm,40.481867,-3.6717102,2026-05-18
Hairkrone,Madrid,Madrid,+34911996416,hk.caleruega@hairkrone.com,,https://hairkrone.com/,osm,40.4827365,-3.6694492,2026-05-18
"Peluquería ""Steven""",Llanes,Asturias / Asturies,,,,,osm,43.4200903,-4.7570416,2026-05-18
José Ruiz,Talavera de la Reina,Castilla-La Mancha,,,,,osm,39.9660717,-4.8161309,2026-05-18
Gottlieb Hair,Fuengirola,Andalucía,,,,,osm,36.5434703,-4.6229734,2026-05-18
Yelko Chantal,Barcelona,Catalunya,,,,,osm,41.4361442,2.190679,2026-05-18
Yucall,Valladolid,Castilla y León,,,,,osm,41.6584945,-4.730438,2026-05-18
Peluquería R&G,Lozoyuela,Madrid,+34680445534,rg.peluqueria@gmail.com,,,osm,40.9266858,-3.6174611,2026-05-18
Fashion Katy,León,León,,,,,osm,42.5981971,-5.5617348,2026-05-18
Peluquería Mar,Torrelavega,Cantabria,+34942041092,,,,osm,43.3421831,-4.0537542,2026-05-18
Peluquería Jesús,Torrelavega,Cantabria,,,,,osm,43.3422582,-4.0533888,2026-05-18
A toda mecha,Cardeñadijo,Castilla y León,,,,,osm,42.3016984,-3.6690825,2026-05-18
Pérez,Madrid,Madrid,,,,,osm,40.3747121,-3.6920055,2026-05-18
Peluquería Magon,Madrid,Madrid,,,,,osm,40.4380301,-3.7112879,2026-05-18
Ibaiondo,Sestao,Euskadi,,,,,osm,43.32744,-3.0092936,2026-05-18
J. M. Prado,Sarria,Galicia,,,,,osm,42.7778776,-7.4123995,2026-05-18
Peluqueria Eva,Talavera de la Reina,Castilla-La Mancha,,,,,osm,39.9684275,-4.8267253,2026-05-18
New style,Barcelona,Catalunya,,,,,osm,41.4221862,2.1567337,2026-05-18
UB,Dénia,Comunitat Valenciana,,,,,osm,38.8419016,0.1093079,2026-05-18
Sara Estilistas,Dénia,Comunitat Valenciana,,,,,osm,38.8399718,0.1096302,2026-05-18
Lucero,Dénia,Comunitat Valenciana,,,,,osm,38.8388329,0.107933,2026-05-18
Art en All,Xàbia / Jávea,Comunitat Valenciana,,,,,osm,38.7707654,0.193654,2026-05-18
Entre Pelos,Dénia,Comunitat Valenciana,,,,,osm,38.8375352,0.1031642,2026-05-18
Peluquerias LowCost,Xàbia / Jávea,Comunitat Valenciana,,,,,osm,38.7895555,0.1695618,2026-05-18
Rizos,Dénia,Comunitat Valenciana,,,,,osm,38.8401221,0.1066329,2026-05-18
Gamerin 004,Zaragoza,Aragón,,,,,osm,41.6467372,-0.8737962,2026-05-18
Criss Peluquería,Torrelavega,Cantabria,+34942804464,,,,osm,43.3418099,-4.0532052,2026-05-18
Casquero,Santa Cruz de Tenerife,Canarias,,,,,osm,28.4444614,-16.3007082,2026-05-18
Sansa,Santa Cruz de Tenerife,Canarias,+34627699866,,,,osm,28.4634826,-16.2617834,2026-05-18
Adelina Reus,Inca,Illes Balears,,,,,osm,39.7156823,2.9059962,2026-05-18
Salón de Peluquería,Ribadesella/Ribeseya,Asturias / Asturies,,,,,osm,43.4623239,-5.057846,2026-05-18
Estilistas Elena,Ribadesella/Ribeseya,Asturias / Asturies,,,,,osm,43.4619928,-5.058865,2026-05-18
Nou Look,Crevillent,Comunitat Valenciana,,,,,osm,38.2455324,-0.8102152,2026-05-18
Javier Mas Peluqueros,Crevillent,Comunitat Valenciana,,,,,osm,38.244547,-0.812441,2026-05-18
Anaraf styl,El Masnou,Catalunya,+34654512662,,,,osm,41.4819603,2.3291074,2026-05-18
Peluqueria EMES,Guntín de Pallares,Galicia,,,,,osm,42.8874478,-7.7008947,2026-05-18
Peluquería Mariluz,Ribadesella/Ribeseya,Asturias / Asturies,,,,,osm,43.4614334,-5.0594469,2026-05-18
La barberia Nagra,L'Hospitalet de Llobregat,Catalunya,,,,,osm,41.3518497,2.1082015,2026-05-18
Óscar Martín,Madrid,Madrid,,,,,osm,40.4521511,-3.6964174,2026-05-18
Basabe,Bermeo,Euskadi,,,,,osm,43.4191279,-2.7239301,2026-05-18
Barbería Fran,Sarria,Galicia,,,,,osm,42.7797399,-7.4110431,2026-05-18
Zentral,Bermeo,Euskadi,,,,,osm,43.4192367,-2.7245397,2026-05-18
Enfeite,Noia,Galicia,,,,,osm,42.7838627,-8.888874,2026-05-18
Saraí,Hontoria del Pinar,Castilla y León,+34676213685,,,,osm,41.8480526,-3.1614235,2026-05-18
Salón de Belleza María Ríos,Somahoz,Cantabria,+34942832947,,,,osm,43.2487365,-4.0639019,2026-05-18
Peluquería Platino,Atarfe,Andalucía,+34958437288,,,,osm,37.2260587,-3.6851327,2026-05-18
Peluquería Moni,Torrelavega,Cantabria,+34942801030,,,,osm,43.3415403,-4.0466822,2026-05-18
Barberia Abdelah,Eibar,Euskadi,,,,,osm,43.1831695,-2.4730914,2026-05-18
Jota's Peluqueros,Las Palmas de Gran Canaria,Canarias,,,,,osm,28.1487401,-15.427732,2026-05-18
Peluquería Xuan Yu,Las Palmas de Gran Canaria,Canarias,,,,,osm,28.1486947,-15.4288363,2026-05-18
La Movida,Llucmajor,Illes Balears,,,,,osm,39.5006529,2.7583634,2026-05-18
Dalila,Salas de los Infantes,Castilla y León,,,,,osm,42.0219079,-3.286542,2026-05-18
Peluquería Unisex GEA,Granada,Andalucía,,,,,osm,37.1735293,-3.6045666,2026-05-18
Barber Mechanics,València,Comunitat Valenciana,,,,,osm,39.4998295,-0.4093845,2026-05-18
9estil,Barcelona,Catalunya,,,,,osm,41.4403009,2.2164568,2026-05-18
Kabellos y Kabellitos,O Pazo do Río,Galicia,,,,,osm,43.3480229,-8.3445917,2026-05-18
Peluquería Nanetti,Bertamiráns,Galicia,+34881939818,,,,osm,42.8585542,-8.656842,2026-05-18
Peluquería Manuel Pato Magariños,Bertamiráns,Galicia,+34981883998,,,,osm,42.8570107,-8.6598906,2026-05-18
Susana Portillo,Inca,Illes Balears,,,,,osm,39.7198802,2.9057288,2026-05-18
Peluquería Geno,Bertamiráns,Galicia,+34981890944,,,,osm,42.8571248,-8.6585358,2026-05-18
La Nova Perruqueria,l'Ametlla de Mar,Catalunya,,,,,osm,40.8842382,0.8017779,2026-05-18
Barbers 9-97,Figueres,Catalunya,,,,,osm,42.2632768,2.9648005,2026-05-18
Barberidxe,Bermeo,Euskadi,,,,,osm,43.4194764,-2.7253605,2026-05-18
Maison Eduardo Sánchez,Madrid,Madrid,+34915776722,,,https://maisoneduardosanchez.com/,osm,40.4276551,-3.6863471,2026-05-18
Michael Estilistes,Barcelona,Catalunya,,,,,osm,41.4408217,2.2161579,2026-05-18
Jorge PH Peluqueros,Villaviciosa de Odón,Madrid,,,,,osm,40.3564228,-3.9080069,2026-05-18
Drica,Molina de Aragón,Castilla-La Mancha,,,,,osm,40.8425288,-1.8882957,2026-05-18
Londres,Molina de Aragón,Castilla-La Mancha,,,,,osm,40.842791,-1.8863958,2026-05-18
Pepe El Torero,Sigüenza,Castilla-La Mancha,,,,,osm,41.0683814,-2.6440148,2026-05-18
Peluquerías Loroño,Bedia,Euskadi,,,,,osm,43.2306114,-2.8424155,2026-05-18
Berta,Eibar,Euskadi,,,,,osm,43.1842288,-2.4820066,2026-05-18
Extensión Manía,La Zubia,Andalucía,+34958178473,,,https://www.extensionmania.com,osm,37.1455911,-3.6138493,2026-05-18
Hairsuite,La Zubia,Andalucía,+34958179553,,,,osm,37.1453497,-3.6136702,2026-05-18
Peluquería Sebas,Crevillent,Comunitat Valenciana,,,,,osm,38.2451071,-0.8080587,2026-05-18
Peluquería Carina,la Vall d'Uixó,Comunitat Valenciana,,,,,osm,39.8273882,-0.2377039,2026-05-18
Gemelas Estilistas,la Vall d'Uixó,Comunitat Valenciana,+34964690104,,,,osm,39.8188811,-0.2266591,2026-05-18
Nélida Santos,Salamanca,Salamanca,,,,,osm,40.9758649,-5.6608513,2026-05-18
Carpier Peluqueros,Barakaldo,Euskadi,+34944373068,,,,osm,43.2925465,-2.9868931,2026-05-18
La Casa del Barbero,Santa Cruz de Tenerife,Canarias,,,,,osm,28.4385119,-16.3080963,2026-05-18
Peluquería Estelle,Sant Joan d'Alacant,Comunitat Valenciana,+34966371607,,,,osm,38.4007898,-0.4375219,2026-05-18
Donde Jhony,Santa Cruz de Tenerife,Canarias,,,,,osm,28.4358484,-16.3077406,2026-05-18
Perruquería Julia,Carral,Galicia,,,,,osm,43.2261319,-8.356574,2026-05-18
Mar Vázquez,Carral,Galicia,,,,,osm,43.2244655,-8.3558126,2026-05-18
Perruqueria Morales,Sant Vicenç dels Horts,Catalunya,,,,,osm,41.3826752,2.042938,2026-05-18
Aurora Perruqueria,Sant Vicenç dels Horts,Catalunya,,,,,osm,41.3832255,2.0417771,2026-05-18
Marmara,Bermeo,Euskadi,,,,,osm,43.4072174,-2.699537,2026-05-18
Mo.Da,San Bartolomé de Tirajana,Canarias,,,,,osm,27.7387267,-15.6015943,2026-05-18
Peluquería Larraz,Zaragoza,Aragón,,,,,osm,41.6700965,-0.8324811,2026-05-18
Vanessa 2,Burgos,Castilla y León,,,,,osm,42.3473863,-3.6790678,2026-05-18
Miguel Guerrero,San Fernando de Henares,Madrid,+34916779503,,,https://www.miguelguerreropeluqueria.com/,osm,40.4440294,-3.4611683,2026-05-18
Pilar peluqueros,Galapagar,Madrid,,,,,osm,40.5788621,-3.9541893,2026-05-18
Passaró,Lleida,Catalunya,,,,,osm,41.612089,0.630003,2026-05-18
Nuduka,Girona,Catalunya,,,,,osm,41.96805,2.8238905,2026-05-18
Pericot Perruquers,Girona,Catalunya,,,,,osm,41.9687419,2.8240983,2026-05-18
Verxel,Narón,Galicia,,,,,osm,43.5157573,-8.1583639,2026-05-18
PelsPels,Barcelona,Barcelona,+34934273666,,,,osm,41.4381915,2.1649123,2026-05-18
Homemade,Girona,Catalunya,,,,,osm,41.9677507,2.8241443,2026-05-18
Saló de perruqueria Gama,Barcelona,Catalunya,,,,,osm,41.4351493,2.2192841,2026-05-18
Lorena Jiménez,Barcelona,Catalunya,+34933971587,,,,osm,41.4416272,2.2257275,2026-05-18
Moon perruqueria,Barcelona,Catalunya,+34931892624,,,,osm,41.435193,2.2192353,2026-05-18
Mr. Bean perruqueria,Barcelona,Catalunya,,,,,osm,41.4350662,2.2193567,2026-05-18
Bravoure,Santa Cruz de Tenerife,Canarias,,,,,osm,28.4373853,-16.3058413,2026-05-18
Anna Àngel,Vallfogona de Balaguer,Catalunya,,,,,osm,41.7523789,0.8133012,2026-05-18
Iroco,Madrid,Madrid,,,,,osm,40.4365251,-3.6927251,2026-05-18
Antoñanzas,Burgos,Castilla y León,,,,,osm,42.3541653,-3.6659705,2026-05-18
M. González,Burgos,Castilla y León,,,,,osm,42.3536371,-3.665497,2026-05-18
Adonis,Burgos,Castilla y León,,,,,osm,42.3530948,-3.664605,2026-05-18
Cosmopolitan Style,Santa Cruz de Tenerife,Canarias,,,,,osm,28.4417675,-16.3151519,2026-05-18
Peluquería Anna&Danielle Dolce Style,Madrid,Madrid,,,,,osm,40.4694034,-3.5808882,2026-05-18
Barajas,Madrid,Madrid,,,,,osm,40.4729914,-3.578143,2026-05-18
People,Madrid,Madrid,,,,,osm,40.4730966,-3.5782619,2026-05-18
Serrells perruqueria,Benifallet,Catalunya,,,,,osm,40.9745196,0.5172904,2026-05-18
Belén Freire,Ares,Galicia,,,,,osm,43.4287463,-8.2429903,2026-05-18
Paula Freire Estilistas,Ares,Galicia,,,,,osm,43.4277358,-8.2441486,2026-05-18
Peluqueria Pili,Arenas de Iguña,Cantabria,,,,,osm,43.1933402,-4.0579566,2026-05-18
Olyan,Barcelona,Barcelona,,,,,osm,41.4082761,2.189036,2026-05-18
Peluquería Tino,Ames,Galicia,,,,,osm,42.8591377,-8.6539096,2026-05-18
Pascual,València,Comunitat Valenciana,,,,,osm,39.4598324,-0.3526181,2026-05-18
The Barber Shop Ismael,Badajoz,Extremadura,,,,,osm,38.9280843,-6.6890196,2026-05-18
The Barber Shop Manuel,Badajoz,Extremadura,,,,,osm,38.9281444,-6.6929445,2026-05-18
Saloon Beauty & Barber Shop,Dosrius,Catalunya,,,,,osm,41.6391868,2.4020165,2026-05-18
Estil,Alcúdia,Illes Balears,,,,,osm,39.8534882,3.1210407,2026-05-18
Alfa Style,Burgos,Castilla y León,,,,,osm,42.3477921,-3.6698946,2026-05-18
Iman,Burgos,Castilla y León,,,,,osm,42.3519073,-3.66789,2026-05-18
Lalemana,Barcelona,Catalunya,,,,,osm,41.3830755,2.1782557,2026-05-18
R Hair,Barcelona,Catalunya,,,,,osm,41.383049,2.1772558,2026-05-18
Peluquería J. Quevedo,Sierrapando,Cantabria,+34942804293,,,,osm,43.3433765,-4.0358703,2026-05-18
A Barbería,Teo,Galicia,+34658407284,iks@hotmail.com,,https://www.abarberia.es,osm,42.8344341,-8.5464059,2026-05-18
Lola Peluqueros,Almería,Andalucía,,,,,osm,36.85339,-2.35611,2026-05-18
Ricard Perruquers,Vic,Catalunya,,,,,osm,41.9342599,2.2552479,2026-05-18
Lourdes Crego,Salamanca,Castilla y León,,,,,osm,40.9685505,-5.6623411,2026-05-18
Jesus Barber Shop,Castelló de la Plana / Castellón de la Plana,Comunitat Valenciana,,,,,osm,39.9800762,-0.0306245,2026-05-18
Milano cosmetics,Sevilla,Andalucía,,,,,osm,37.3927083,-5.9825831,2026-05-18
Peluqueria 52,Sevilla,Andalucía,,,,,osm,37.3923666,-5.9822556,2026-05-18
Kaser Chadhi,Barcelona,Catalunya,,,,,osm,41.4472131,2.220981,2026-05-18
Algar,Castellar del Vallès,Catalunya,,,,,osm,41.611279,2.0917912,2026-05-18
Perruquería Laly 2,Agolada,Galicia,,,,,osm,42.7632175,-8.020017,2026-05-18
MR perruqueria i estètica,Barcelona,Catalunya,,,,,osm,41.4369752,2.2190277,2026-05-18
Perruquería Riziños,Agolada,Galicia,,,,,osm,42.7633819,-8.0185273,2026-05-18
Perruquería Loli,Agolada,Galicia,,,,,osm,42.7629757,-8.0187669,2026-05-18
Peluquería Estética,Los Hueros,Madrid,,,,,osm,40.407696,-3.3650887,2026-05-18
La Hair Boutique,Barcelona,Catalunya,,,,,osm,41.3816486,2.1785099,2026-05-18
Anabel Rueda,Madrid,Madrid,,,,,osm,40.4362585,-3.8155598,2026-05-18
Mercè Font,Castellar del Vallès,Catalunya,,,,,osm,41.6157439,2.085948,2026-05-18
Original Vega,Almería,Andalucía,,,,,osm,36.8528229,-2.3592768,2026-05-18
Peluquería de caballeros Simón,Getafe,Madrid,+34666916591,,,,osm,40.3077055,-3.7271171,2026-05-18
De Pablos,Castellar del Vallès,Catalunya,,,,,osm,41.6171481,2.0917376,2026-05-18
Mara,A Coruña,Galicia,,,,,osm,43.3277628,-8.3929384,2026-05-18
Colors,Pradoluengo,Castilla y León,,,,,osm,42.3240332,-3.2001882,2026-05-18
Colleen,Castellar del Vallès,Catalunya,,,,,osm,41.607948,2.0870571,2026-05-18
Montse Granados,Castellar del Vallès,Catalunya,,,,,osm,41.6074036,2.0872697,2026-05-18
Daniel Moreno,Castellar del Vallès,Catalunya,,,,,osm,41.6076539,2.0880598,2026-05-18
Laura Camacho,Castellar del Vallès,Catalunya,,,,,osm,41.6071154,2.088702,2026-05-18
Alazne,Castellar del Vallès,Catalunya,,,,,osm,41.6085553,2.0888375,2026-05-18
Montbel,Castellar del Vallès,Catalunya,,,,,osm,41.6131687,2.0867728,2026-05-18
Anabel,Castellar del Vallès,Catalunya,,,,,osm,41.6121419,2.0866687,2026-05-18
Formes,Castellar del Vallès,Catalunya,,,,,osm,41.6120915,2.0866868,2026-05-18
Anna perruquers,Castellar del Vallès,Catalunya,,,,,osm,41.6152191,2.0902449,2026-05-18
Rafael García,Castellar del Vallès,Catalunya,,,,,osm,41.616295,2.0892478,2026-05-18
Lecarlos Salon,Málaga,Andalucía,+34952042080,,,,osm,36.7065096,-4.4373518,2026-05-18
Peluquería Pin up,Talavera de la Reina,Castilla-La Mancha,,,,,osm,39.9634718,-4.8245275,2026-05-18
Kokó peluqueros,Cáceres,Extremadura,,,,,osm,39.4579028,-6.3817215,2026-05-18
Teva Imatge,Castellar del Vallès,Catalunya,,,,,osm,41.6136566,2.0898845,2026-05-18
Carreras,Castellar del Vallès,Catalunya,,,,,osm,41.6126225,2.0880938,2026-05-18
Grupo Feygon,Burgos,Castilla y León,+34947276726,,,,osm,42.3371428,-3.6976348,2026-05-18
¡Qué corte!,Burgos,Castilla y León,,,,,osm,42.3373207,-3.6979152,2026-05-18
Alicia Pin-Up,Ares,Galicia,+34981448421,,,,osm,43.4296134,-8.2411122,2026-05-18
Skull Barber Shop,Barcelona,Catalunya,,,,,osm,41.3965798,2.166703,2026-05-18
Marta Gamundi,Castellar del Vallès,Catalunya,,,,,osm,41.6139069,2.0889685,2026-05-18
Urban,Castellar del Vallès,Catalunya,,,,,osm,41.6143895,2.0891575,2026-05-18
Ewa Beata's Perruquers,Barcelona,Catalunya,+34930101649,info@ewabeatasperruquersbcn.com,,,osm,41.3979197,2.1661254,2026-05-18
Perruqueria Ester,Barcelona,Barcelona,,,,,osm,41.4001061,2.1727442,2026-05-18
Castela,Plasencia,Extremadura,,,,,osm,40.0299475,-6.0886717,2026-05-18
Sheyma,Barcelona,Catalunya,,,,,osm,41.3988279,2.1780962,2026-05-18
Perruquería Marisa,Agolada,Galicia,,,,,osm,42.7629211,-8.0182853,2026-05-18
Barber Shop,Xirivella,Comunitat Valenciana,,,,,osm,39.4637182,-0.4231822,2026-05-18
Peluquería Muñiz,Castroverde,Galicia,,,,,osm,43.0299663,-7.3256928,2026-05-18
Piscis,Ares,Galicia,,,,,osm,43.4290825,-8.2437494,2026-05-18
María Roel,Ares,Galicia,,,,,osm,43.4313582,-8.242696,2026-05-18
Lali,Castellar del Vallès,Catalunya,,,,,osm,41.6154749,2.0864939,2026-05-18
Tere Álvarez,Castellar del Vallès,Catalunya,,,,,osm,41.6142732,2.0855156,2026-05-18
Adriel's Barber Shop,Castellar del Vallès,Catalunya,,,,,osm,41.6142162,2.0857238,2026-05-18
Color's,Sestao,Euskadi,,,,,osm,43.2953714,-2.9955773,2026-05-18
Barber 23,Castellar del Vallès,Catalunya,,,,,osm,41.6141898,2.0858216,2026-05-18
Ely García,Ferrol,Galicia,+34881309330,ely@salonelygarcia.es,,https://www.salonelygarcia.es/,osm,43.4930024,-8.2130027,2026-05-18
Peluqueria Nieves,Almería,Andalucía,,,,,osm,36.8521456,-2.355116,2026-05-18
Paco Escudero Estilista de Caballero,Almería,Andalucía,,,,,osm,36.853748,-2.3558801,2026-05-18
Xuca,A Coruña,Galicia,,,,,osm,43.3288133,-8.3937811,2026-05-18
Peluquería Lorena,Xirivella,Comunitat Valenciana,,,,,osm,39.4630284,-0.4246592,2026-05-18
Caché,San Fernando de Henares,Madrid,+34914992186,,,,osm,40.3542461,-3.5305322,2026-05-18
Ventura,Castellar del Vallès,Catalunya,,,,,osm,41.6130757,2.0862823,2026-05-18
ioio's,Castellar del Vallès,Catalunya,,,,,osm,41.6132339,2.0861868,2026-05-18
Maca Perruquers,Castellar del Vallès,Catalunya,,,,,osm,41.6120347,2.0832326,2026-05-18
Scissors N Razors,Barcelona,Barcelona,+34935149968,,,,osm,41.4020181,2.1795792,2026-05-18
Fany - Perruquería e Estética,Carral,Galicia,,,,,osm,43.2307559,-8.3562739,2026-05-18
Somos2,Carral,Galicia,,,,,osm,43.2300722,-8.3554363,2026-05-18
Peluquería A. Balsa,O Milladoiro,Galicia,,,,,osm,42.8420026,-8.5806621,2026-05-18
Cati Serra,sa Pobla,Illes Balears,,,,,osm,39.7697726,3.0288194,2026-05-18
Peluquería Núcleo,Arrasate / Mondragón,Euskadi,+34946582996,,,,osm,43.1315724,-2.5382018,2026-05-18
Zuzeu,Abadiño,Euskadi,+34695470157,,,,osm,43.1695118,-2.5742272,2026-05-18
Peluquería Orrasi,Arrasate / Mondragón,Euskadi,+34946820439,,,,osm,43.1305911,-2.5400836,2026-05-18
Peluquería Lucy,Arrasate / Mondragón,Euskadi,+34946820503,,,,osm,43.1300467,-2.5395498,2026-05-18
Niurka,Ca'n Picafort,Illes Balears,,,,,osm,39.7593108,3.165871,2026-05-18
Neskutz,Bermeo,Euskadi,,,,,osm,43.4179851,-2.7257986,2026-05-18
Yenia,Bermeo,Euskadi,,,,,osm,43.41732,-2.7285242,2026-05-18
Sasi,Bermeo,Euskadi,,,,,osm,43.4174612,-2.7288034,2026-05-18
Perruquería Isabel,Cerceda,Galicia,,,,,osm,43.1579827,-8.5643906,2026-05-18
Ibone Castro,Bermeo,Euskadi,,,,,osm,43.4186372,-2.7262285,2026-05-18
Karmele,Bermeo,Euskadi,,,,,osm,43.4202358,-2.728702,2026-05-18
Juan Jose,Bermeo,Euskadi,,,,,osm,43.4196997,-2.7272794,2026-05-18
PON POX,Bermeo,Euskadi,,,,,osm,43.420049,-2.7266261,2026-05-18
GeorGina,Plasencia,Extremadura,,,,,osm,40.038534,-6.0900881,2026-05-18
Gaizka,Bermeo,Euskadi,,,,,osm,43.420248,-2.7251144,2026-05-18
Peluquería Merche Galiano,Vitoria-Gasteiz,Euskadi,,,,,osm,42.84982,-2.6609925,2026-05-18
Salón 2000,Vitoria-Gasteiz,Euskadi,,,,,osm,42.8493251,-2.6602344,2026-05-18
Cut-Men,Vitoria-Gasteiz,Euskadi,,,,,osm,42.8494002,-2.6599303,2026-05-18
Bidxek,Bermeo,Euskadi,,,,,osm,43.4189395,-2.7260475,2026-05-18
Pablo,Mugardos,Galicia,,,,,osm,43.4598899,-8.2558137,2026-05-18
Bambino,Bermeo,Euskadi,,,,,osm,43.4205696,-2.7228918,2026-05-18
Legan’s Peluqueros,Ponferrada,Castilla y León,,,,,osm,42.5535905,-6.6042653,2026-05-18
La Pelu de Covi,Siero,Asturias / Asturies,,,,,osm,43.3852327,-5.6997702,2026-05-18
Leon's,Madrid,Madrid,,,,,osm,40.4782462,-3.7126544,2026-05-18
La Única,Madroñera,Extremadura,,,,,osm,39.4277206,-5.7620858,2026-05-18
Peluqueria D-2,Cobisa,Castilla-La Mancha,+34925378508,,,https://www.peluqueriadecaballerosd-2.es/,osm,39.8050239,-4.0249396,2026-05-18
Eva San José,Valladolid,Castilla y León,,,,,osm,41.653394,-4.7191888,2026-05-18
Laura Pardo,Valladolid,Castilla y León,,,,,osm,41.652731,-4.7206673,2026-05-18
Maiklook,Matapozuelos,Castilla y León,,,,,osm,41.4137912,-4.789255,2026-05-18
Barbería Cartelle,Ares,Galicia,,,,,osm,43.4275175,-8.2429857,2026-05-18
Riera Sayol,Castellar del Vallès,Catalunya,,,,,osm,41.6166501,2.0851293,2026-05-18
Conti,Barcelona,Catalunya,,,,,osm,41.3932617,2.1476982,2026-05-18
Claras perruqueria,Barcelona,Barcelona,+34616654085;+34934191644,,,,osm,41.3898555,2.1405922,2026-05-18
G&F,Barcelona,Barcelona,,,,,osm,41.389612,2.1401075,2026-05-18
Faustí,Sant Feliu de Guíxols,Catalunya,,,,,osm,41.7821924,3.0294074,2026-05-18
El Portalet,Sant Feliu de Guíxols,Catalunya,,,,,osm,41.7819491,3.030562,2026-05-18
Merino,Montijo,Extremadura,,,,,osm,38.9092212,-6.6172617,2026-05-18
Marilén,A Coruña,Galicia,,,,,osm,43.3502568,-8.4066739,2026-05-18
La barbería de Luis,A Coruña,Galicia,,,,,osm,43.3484614,-8.4066948,2026-05-18
Llabot Perruquers,Barcelona,Catalunya,,,,,osm,41.4079727,2.1887483,2026-05-18
David y Esme,Plasencia,Extremadura,,,,,osm,40.0404799,-6.0851775,2026-05-18
Peluquería Nordin,Galapagar,Madrid,,,,,osm,40.5762439,-4.0059353,2026-05-18
Azul de Rizos,Madrid,Madrid,+34914333613,,,,osm,40.4032707,-3.6818258,2026-05-18
Planas,Inca,Illes Balears,,,,,osm,39.7226628,2.9138327,2026-05-18
Zaib,Barcelona,Barcelona,,,,,osm,41.4088588,2.1806217,2026-05-18
Low Cost,Talavera de la Reina,Castilla-La Mancha,,,,,osm,39.9632903,-4.823183,2026-05-18
Peluqueria de caballeros,Talavera de la Reina,Castilla-La Mancha,,,,,osm,39.9629792,-4.8233099,2026-05-18
Estilo,Talavera de la Reina,Castilla-La Mancha,,,,,osm,39.9629564,-4.8187323,2026-05-18
Ebaki,Bermeo,Euskadi,,,,,osm,43.4209711,-2.7242301,2026-05-18
Él y ella,Talavera de la Reina,Castilla-La Mancha,,,,,osm,39.9628497,-4.8243729,2026-05-18
Pueblo de tierra,Talavera de la Reina,Castilla-La Mancha,,,,,osm,39.9628436,-4.8227819,2026-05-18
J.V. García,Talavera de la Reina,Castilla-La Mancha,,,,,osm,39.9625292,-4.8221873,2026-05-18
Rizado's,Talavera de la Reina,Castilla-La Mancha,,,,,osm,39.9628308,-4.820109,2026-05-18
Buenos aires,Talavera de la Reina,Castilla-La Mancha,,,,,osm,39.9627111,-4.8196224,2026-05-18
Hair spa,Talavera de la Reina,Castilla-La Mancha,,,,,osm,39.9625766,-4.8185093,2026-05-18
Bauti,Talavera de la Reina,Castilla-La Mancha,,,,,osm,39.962503,-4.8193032,2026-05-18
Juan,Talavera de la Reina,Castilla-La Mancha,,,,,osm,39.9623583,-4.8198876,2026-05-18
Kocos,Talavera de la Reina,Castilla-La Mancha,,,,,osm,39.9625351,-4.8237375,2026-05-18
New style,Talavera de la Reina,Castilla-La Mancha,,,,,osm,39.962623,-4.8248812,2026-05-18
Elle&Lui,Barcelona,Catalunya,,,,,osm,41.3920648,2.1690793,2026-05-18
Mario's,Madrid,Madrid,,,,,osm,40.5468707,-3.6562229,2026-05-18
Raquel Escudero,Barcelona,Catalunya,,,,,osm,41.3740727,2.105277,2026-05-18
MG Portal Estilistes,Vic,Catalunya,,,,,osm,41.9317481,2.2538019,2026-05-18
Peluquería J.G.,Madrid,Madrid,,,,,osm,40.4685207,-3.6855158,2026-05-18
Ma Ignacia,Alacant / Alicante,Comunitat Valenciana,+34640636399,,,,osm,38.395547,-0.4348667,2026-05-18
A&R,Madrid,Madrid,,,,,osm,40.4759483,-3.7113666,2026-05-18
José María,Madrid,Madrid,,,,,osm,40.4752807,-3.711744,2026-05-18
Tetuán,Madrid,Madrid,,,,,osm,40.4748927,-3.7127583,2026-05-18
Peluquería Miguel Ángel,Guadix,Andalucía,,,,,osm,37.3036082,-3.1368378,2026-05-18
El salon,Barcelona,Catalunya,,,,,osm,41.4219875,2.1583485,2026-05-18
Gaudi Styles,Barcelona,Barcelona,,,,,osm,41.4037975,2.1800454,2026-05-18
Peluquería Vanesa,Galapagar,Madrid,,,,,osm,40.5776815,-4.002361,2026-05-18
Peluquería Pablo's,Guareña,Extremadura,,,,,osm,38.8591722,-6.1003598,2026-05-18
New Gloss,Portillo,Castilla y León,+34669468536,,,,osm,41.4725248,-4.5904515,2026-05-18
Lucía,Mugardos,Galicia,,,,,osm,43.459912,-8.2557521,2026-05-18
Avenida 15,Talavera de la Reina,Castilla-La Mancha,,,,,osm,39.9675806,-4.8233144,2026-05-18
Peluquería Meri,Talavera de la Reina,Castilla-La Mancha,,,,,osm,39.9677593,-4.8203309,2026-05-18
Extraordinari,Barcelona,Barcelona,,,,,osm,41.3908832,2.1566359,2026-05-18
Agustín estilistes,Barcelona,Catalunya,,,,,osm,41.3898121,2.1500939,2026-05-18
Acqua Perruquers,Barcelona,Catalunya,+34934103099,,,https://www.acquaperruquers.com,osm,41.3878182,2.1426781,2026-05-18
Peluquerías Scarlata,Barcelona,Catalunya,,,,,osm,41.3876669,2.1415102,2026-05-18
Nina Peluqueros,Talavera de la Reina,Castilla-La Mancha,,,,,osm,39.966304,-4.8227008,2026-05-18
Peluquería Ross Bell,Talavera de la Reina,Castilla-La Mancha,,,,,osm,39.966987,-4.8229295,2026-05-18
Conrado,Madrid,Madrid,,,,,osm,40.3801208,-3.6263149,2026-05-18
NatyBlanco,Barcelona,Barcelona,,,,,osm,41.3894469,2.1398641,2026-05-18
Nuria Olivella,Barcelona,Catalunya,,,,,osm,41.3920613,2.1486696,2026-05-18
Llongueras,Lleida,Catalunya,,,,,osm,41.6139329,0.6255488,2026-05-18
MG estilistas,A Coruña,Galicia,,,,,osm,43.3200136,-8.3582546,2026-05-18
Te Mar,Madrid,Madrid,,,,,osm,40.4035918,-3.6751318,2026-05-18
Peluquería Cubero,Portillo,Castilla y León,+34983556233,,,,osm,41.4723177,-4.592727,2026-05-18
Lucía Teruel,la Pobla de Farnals,Comunitat Valenciana,,,,,osm,39.5761323,-0.327924,2026-05-18
Al Teu Stil,la Pobla de Farnals,Comunitat Valenciana,,,,,osm,39.5777704,-0.3256434,2026-05-18
Peluquería María Teresa Moreta,Los Corrales de Buelna,Cantabria,+34942830326,,,,osm,43.2598973,-4.0629834,2026-05-18
Skull Barber Shop,Barcelona,Barcelona,,,,,osm,41.39654,2.1667734,2026-05-18
Santafé,Barcelona,Barcelona,+34934587894,,,,osm,41.396572,2.1667469,2026-05-18
Vittoria Bloom,Barcelona,Barcelona,+34931179851,ciao@vittoriabloom.com,,http://www.vittoriabloom.com/,osm,41.3853596,2.1374763,2026-05-18
9 estil perruqueria,Barcelona,Barcelona,+34934150506,,,,osm,41.3919365,2.1548718,2026-05-18
Peluquería Silvia,O Barco,Galicia,,,,,osm,42.4184266,-6.9916479,2026-05-18
Peluquería Alba Dobao,O Barco,Galicia,,,,,osm,42.4183352,-6.9919082,2026-05-18
Que Punto Estilistas,Almería,Andalucía,,,,,osm,36.8432724,-2.4430115,2026-05-18
Enxebre,Ferrol,Galicia,+34603594262,,enxebrebarbershop,,osm,43.4922809,-8.2138372,2026-05-18
Stilo 84,Ferrol,Galicia,+34981328117,pcl@stilo84peluqueros.com,,http://www.stilo84peluqueros.com/,osm,43.4916828,-8.2144558,2026-05-18
Raiola,Ferrol,Galicia,,,,,osm,43.492939,-8.2172486,2026-05-18
Glam Hairstylist,Vic,Catalunya,,,,,osm,41.928688,2.2521369,2026-05-18
Pinta i raspall,Vic,Catalunya,,,,,osm,41.9289474,2.2522415,2026-05-18
Joim Estil,Vic,Catalunya,,,,,osm,41.9319782,2.2529024,2026-05-18
Peluqueria El Prado,Marbella,Málaga,,,,,osm,36.5233265,-4.8920119,2026-05-18
Perruqueria Assumpció,Sant Feliu Sasserra,Catalunya,+34972260985,,,,osm,41.9428635,2.0218679,2026-05-18
La Pelu de la Pedra Dreta,Prats de Lluçanès,Catalunya,,,,,osm,42.0092434,2.0290656,2026-05-18
Peluquería Toke Personal,Tamames,Castilla y León,+34923449307;+34649874916,,,,osm,40.6579317,-6.1055389,2026-05-18
Candy Sánchez Peluquería,Almería,Andalucía,,,,,osm,36.8438586,-2.4440573,2026-05-18
reflexa't,Castellar del Vallès,Catalunya,,,,,osm,41.6174405,2.0885968,2026-05-18
Cano Perruquers,Castellar del Vallès,Catalunya,,,,,osm,41.6092499,2.0863259,2026-05-18
Peluqueria Carmen,Barcelona,Catalunya,,,,,osm,41.3801249,2.1798313,2026-05-18
Peluquería Dioly,Vegadeo,Asturias / Asturies,,,,,osm,43.4648875,-7.0535363,2026-05-18
Peluquería JEL,Madrid,Madrid,,,,,osm,40.4467889,-3.7115168,2026-05-18
Peluqueria Oliver,Madrid,Madrid,,,,,osm,40.4761958,-3.7152809,2026-05-18
Premiere,Madrid,Madrid,,,,,osm,40.4756546,-3.7143127,2026-05-18
Castro Peluqueros,Madrid,Madrid,,,,,osm,40.4762287,-3.714456,2026-05-18
Maygu,Cobeña,Madrid,,,,,osm,40.5673974,-3.5070414,2026-05-18
Musa & Elite,Madrid,Madrid,,,,,osm,40.4776235,-3.7115672,2026-05-18
Jean Claude Oliver,Madrid,Madrid,,,,,osm,40.4748754,-3.7128736,2026-05-18
Peluquería Emilio Alonso,Tamames,Castilla y León,+34923449019,,,,osm,40.6579108,-6.1061142,2026-05-18
Saray,Aller,Asturias / Asturies,,,,,osm,43.1676494,-5.7380411,2026-05-18
Peluquería Irisé,Burgos,Burgos,,,,,osm,42.3331416,-3.705812,2026-05-18
Peluquería Medea,Gijón/Xixón,Asturias / Asturies,,,,,osm,43.5290734,-5.6439636,2026-05-18
Kbyos Hair Studio,Sant Joan Despí,Catalunya,+34934773229,,,https://www.kbyos.es/,osm,41.3660788,2.0532275,2026-05-18
Maria Imagen,Aller,Asturias / Asturies,,,,,osm,43.1672425,-5.7374744,2026-05-18
Ana Secades,Aller,Asturias / Asturies,,,,,osm,43.1707397,-5.741526,2026-05-18
Gemma Roca,Castellar del Vallès,Catalunya,,,,,osm,41.6151844,2.0855388,2026-05-18
Kbyos Hair Studio,Barcelona,Catalunya,+34936590487,,,https://www.kbyos.es/,osm,41.3653308,2.0539269,2026-05-18
Bgos,A Coruña,Galicia,,,,,osm,43.3292253,-8.3881596,2026-05-18
Delio's,Oza,Galicia,,,,,osm,43.215436,-8.1881342,2026-05-18
Barbería Santa Paula,Granada,Granada,,maguerreroramos@gmail.com,,,osm,37.1798686,-3.6004096,2026-05-18
Fernando Cara,Granada,Granada,+34958251751,info@fernandocara.com,,,osm,37.1708584,-3.6043734,2026-05-18
Valiño Estilistas,Oza,Galicia,,,,,osm,43.2142927,-8.18656,2026-05-18
Peluquería San Antón,Granada,Granada,+34958372727,sanantonpeb@gmail.com,,,osm,37.1684142,-3.5986864,2026-05-18
Duo Peluqueros,Granada,Granada,+34958266810,info@duopeluqueros.com,,http://duopeluqueros.com,osm,37.1720253,-3.6018795,2026-05-18
La Barbería,Madrid,Madrid,+34619232800,,,,osm,40.4348336,-3.7154388,2026-05-18
Sabi Perruqueria,Barcelona,Barcelona,+34632199433,,,,osm,41.3800853,2.1329155,2026-05-18
Ballester Perruquers,Barcelona,Catalunya,,,,,osm,41.3648882,2.1388815,2026-05-18
Amparo García,Barcelona,Barcelona,,,,,osm,41.3601172,2.1393753,2026-05-18
Perruquería Azul,Abegondo,Galicia,,,,,osm,43.228462,-8.2882277,2026-05-18
Baaby,Barcelona,Catalunya,,,,,osm,41.3737466,2.1334065,2026-05-18
Higueras,Alcobendas,Madrid,,,,,osm,40.5488806,-3.6463847,2026-05-18
Rubios,Madrid,Madrid,,,,,osm,40.4772802,-3.7131349,2026-05-18
Peluquería Mari Carmen,Palencia,Castilla y León,+34979752848,,,https://peluqueriamaricarmen.com/,osm,42.0128731,-4.5315365,2026-05-18
The Pink Salon,Rivas Vaciamadrid,Madrid,+34633537094,,,,osm,40.3794369,-3.5335849,2026-05-18
Addiction,Zaragoza,Aragón,,,,,osm,41.6707779,-0.8269816,2026-05-18
Ramiro Barber Shop,Barcelona,Catalunya,,,,,osm,41.3871972,2.1359649,2026-05-18
Barbers,Castropol,Asturias / Asturies,,,,,osm,43.4645512,-7.0485694,2026-05-18
Txos,Eibar,Euskadi,,,,,osm,43.1823885,-2.4731633,2026-05-18
Loli,A Coruña,Galicia,,,,,osm,43.3465402,-8.4012094,2026-05-18
Antonio,A Coruña,Galicia,,,,,osm,43.346534,-8.4011423,2026-05-18
Peluquería mixta Elena,Castropol,Asturias / Asturies,,,,,osm,43.464661,-7.0484347,2026-05-18
LYP,Ares,Galicia,,,,,osm,43.4292721,-8.2415993,2026-05-18
La Peluquería de Amaya,Ares,Galicia,,,,,osm,43.4282865,-8.2425689,2026-05-18
Tamara,Ares,Galicia,,,,,osm,43.42514,-8.2445001,2026-05-18
Jesús & Dominguez Asesores de Imágen,Puerto de Sagunto,Comunitat Valenciana,,,,,osm,39.662957,-0.219536,2026-05-18
Peluqueria YURY,San Isidro,Canarias,+34922071936,,,,osm,28.0806035,-16.558915,2026-05-18
Saez,Vitoria-Gasteiz,Euskadi,,,,,osm,42.8475465,-2.6657192,2026-05-18
Salón VAS Montouto,Montouto teo,Galicia,,,,,osm,42.8322723,-8.54587,2026-05-18
Atelier,Madrid,Madrid,,,,,osm,40.4593855,-3.711136,2026-05-18
Claivan,Madrid,Madrid,,,,,osm,40.4617248,-3.7090445,2026-05-18
Palacio de Arena,Cartagena,Murcia,+34631007339,,,,osm,37.6164259,-0.990056,2026-05-18
Joema,Osor,Catalunya,,,,,osm,41.9457572,2.5558797,2026-05-18
Perruqueria i estètica Ricci's Carme Horra,Osor,Catalunya,+34972446041,,,,osm,41.9458545,2.5554914,2026-05-18
JF Gómez,Madrid,Madrid,,,,,osm,40.4000577,-3.6954873,2026-05-18
Caballeros del Norte,Burgos,Castilla y León,,,,,osm,42.3617315,-3.6760345,2026-05-18
New System,Madrid,Madrid,,,,,osm,40.4503458,-3.7726696,2026-05-18
Häärnett,Majadahonda,Madrid,,,,,osm,40.4766626,-3.8535674,2026-05-18
Cristina Montero,Majadahonda,Madrid,,,,,osm,40.474229,-3.859436,2026-05-18
Nova,Majadahonda,Madrid,,,,,osm,40.4725884,-3.8694457,2026-05-18
T.R. caballeros,Majadahonda,Madrid,+34916344649,,,,osm,40.4724461,-3.8693732,2026-05-18
Saracho Le Salon,Majadahonda,Madrid,,,,,osm,40.4721591,-3.8687995,2026-05-18
Elegance,Majadahonda,Madrid,,,,,osm,40.472143,-3.8687141,2026-05-18
Mondial,Majadahonda,Madrid,,,,,osm,40.4742592,-3.8591693,2026-05-18
Ad peluqueros,Majadahonda,Madrid,,,,,osm,40.47028,-3.8708373,2026-05-18
La Riche,Majadahonda,Madrid,+34916345295,,,https://lariche.es/,osm,40.4700244,-3.8708015,2026-05-18
Lázaro,Madrid,Madrid,,,,,osm,40.4500355,-3.7730876,2026-05-18
You are,Majadahonda,Madrid,,,,,osm,40.4729547,-3.8684967,2026-05-18
JMR BarberShop,Toledo,Castilla-La Mancha,+34925096443,,,,osm,39.8690113,-3.946767,2026-05-18
The Urban Salón,Madrid,Madrid,,,,,osm,40.4762711,-3.707158,2026-05-18
Colelo's,Madrid,Madrid,,,,,osm,40.4436888,-3.714627,2026-05-18
Solé Perruquers,Barcelona,Barcelona,,,,,osm,41.4095075,2.1724535,2026-05-18
Giuseppe Galli,Barcelona,Barcelona,+34936638493,,,,osm,41.3756568,2.1283989,2026-05-18
Perruqueria Ideal Siglo 21,Barcelona,Barcelona,+34935666245,,,,osm,41.3600572,2.141216,2026-05-18
Peluquería Taymi,Logroño,La Rioja,+34941581618,,,,osm,42.4569046,-2.4348452,2026-05-18
Peluquería Israel Hurtado,Logroño,La Rioja,,,,,osm,42.4568873,-2.4350286,2026-05-18
Laura Peluqueria,Gavilanes,Castilla y León,,,,,osm,40.2771138,-4.8526972,2026-05-18
Mary & Silvia,Palma,Illes Balears,,,,,osm,39.5538296,2.6966995,2026-05-18
I.S. Look,Villaviciosa de Odón,Madrid,,,,,osm,40.4055593,-3.8889071,2026-05-18
J.L. Sisso,Villaviciosa de Odón,Madrid,,,,,osm,40.4036811,-3.8765964,2026-05-18
Ricci,Villaviciosa de Odón,Madrid,,,,,osm,40.4063224,-3.8780598,2026-05-18
Goyo López,Villaviciosa de Odón,Madrid,,,,,osm,40.4065802,-3.878225,2026-05-18
Edward Perruqueria,Barcelona,Barcelona,,,,http://edwardpelu.cat/,osm,41.3994958,2.1647098,2026-05-18
Leudi,Burgos,Castilla y León,,,,,osm,42.3488713,-3.6959833,2026-05-18
Ángeles Pita,Ferrol,Galicia,,,,,osm,43.4932122,-8.212818,2026-05-18
SH peluqueros,Madrid,Madrid,,,,,osm,40.4417898,-3.6701433,2026-05-18
Perruqueria Dolors,Manlleu,Catalunya,,,,,osm,42.0002278,2.2877774,2026-05-18
Peluquería EGO,Boiro,Galicia,,,,,osm,42.649421,-8.879546,2026-05-18
Scheref Peluqueros,Alacant / Alicante,Comunitat Valenciana,,,,,osm,38.4066168,-0.4246138,2026-05-18
Alarcón i Querol Perruquers,Barcelona,Barcelona,+34934585082,,,,osm,41.3998742,2.1642376,2026-05-18
Lissan Peluqueros,Ciudad Real,Castilla-La Mancha,,,,,osm,38.9801427,-3.9271188,2026-05-18
María Segura,Orihuela,Comunitat Valenciana,+34965311964,,,,osm,38.1228583,-0.8793886,2026-05-18
Miriam Cuesta,Alacant / Alicante,Comunitat Valenciana,,,,,osm,38.3476207,-0.4881287,2026-05-18
Adam,Torrejón de Ardoz,Madrid,,,,,osm,40.4549641,-3.4802936,2026-05-18
Salón Hermi,l'Alfàs del Pi,Comunitat Valenciana,,,,,osm,38.5777232,-0.1300946,2026-05-18
La Barbería de Patri,Aller,Asturias / Asturies,,,,,osm,43.1680658,-5.7371605,2026-05-18
Mónica González,Campo Real,Madrid,,,,,osm,40.3371212,-3.3847326,2026-05-18
Fani & Edurne,Huesca/Uesca,Aragón,,,,,osm,42.1401172,-0.4038797,2026-05-18
Nuevo Look,Huesca/Uesca,Aragón,,,,,osm,42.1403424,-0.4042681,2026-05-18
Peluquería Petty,Calvarrasa de Abajo,Castilla y León,,,,,osm,40.9456136,-5.551946,2026-05-18
Agustin,Marbella,Andalucía,,,,,osm,36.517518,-4.8892908,2026-05-18
Ares,A Coruña,Galicia,,,,,osm,43.3617069,-8.4185201,2026-05-18
Vía Verde,Burgos,Castilla y León,,,,,osm,42.3294946,-3.6994657,2026-05-18
Arte Bate,Huesca/Uesca,Aragón,,,,,osm,42.1370577,-0.4025485,2026-05-18
Alcoraz,Huesca/Uesca,Aragón,,,,,osm,42.1349,-0.41095,2026-05-18
Arte Miss,Huesca/Uesca,Aragón,,,,,osm,42.1348598,-0.4127545,2026-05-18
Vértice,Huesca/Uesca,Aragón,,,,,osm,42.1346881,-0.4126818,2026-05-18
María González,Huesca/Uesca,Aragón,,,,,osm,42.1328024,-0.4146657,2026-05-18
Naturalvi,Huesca/Uesca,Aragón,,,,,osm,42.1331568,-0.4161799,2026-05-18
Clemente Atienza,Madrid,Madrid,,,,,osm,40.4078677,-3.6980415,2026-05-18
Xiroi,Alcúdia,Illes Balears,,,,,osm,39.8534322,3.1262188,2026-05-18
Infinity,Alcúdia,Illes Balears,,,,,osm,39.8538008,3.1259103,2026-05-18
Itamora Peluqueras,València,Comunitat Valenciana,+34961145007,,,,osm,39.4850625,-0.3641798,2026-05-18
Peluquería Nueva Estética,Fuentes de Oñoro,Castilla y León,+34923487666,,,,osm,40.6019772,-6.8224579,2026-05-18
Eusebio Estilista Unisex,Benejúzar,Comunitat Valenciana,+34966845304,,,,osm,38.0770868,-0.8384642,2026-05-18
Badal Barbers,Barcelona,Barcelona,,,,,osm,41.3684776,2.1327821,2026-05-18
Peluquerias Low Cost,Agüimes,Canarias,,,,,osm,27.8595323,-15.4355256,2026-05-18
Peluquería Carmona,Sevilla,Andalucía,,,,,osm,37.4119569,-5.976356,2026-05-18
Peluqueria Luzma,Rosa de las Piedras,Canarias,,,,,osm,28.1796208,-17.2661082,2026-05-18
Salón Alcover 60,Palma,Illes Balears,,,,,osm,39.5656718,2.6591144,2026-05-18
Onda 10 Molinar,Palma,Illes Balears,,,,,osm,39.5560503,2.6869568,2026-05-18
Cande Alberto,Salamanca,Castilla y León,+34923016574,contacto@candealberto.com,,https://candealberto.com,osm,40.9678498,-5.6638076,2026-05-18
Tina Benito,Salamanca,Castilla y León,,,,,osm,40.9674088,-5.6605301,2026-05-18
Peluquería Begoña,Zaragoza,Aragón,,,,,osm,41.6322351,-0.8846719,2026-05-18
Salón Avenida,Zaragoza,Aragón,+34695360365,,,,osm,41.6351172,-0.8798273,2026-05-18
Alba Ferro Estilistas,Santiago de Compostela,Galicia,,,,,osm,42.8679699,-8.5550596,2026-05-18
Peluqueria Monica,Saldaña,Castilla y León,,,,,osm,42.523148,-4.7378554,2026-05-18
Varel-la,Logroño,La Rioja,,,,,osm,42.4629874,-2.4560454,2026-05-18
Víctor Pérez Peluquería Cabelleros,Alacant / Alicante,Comunitat Valenciana,,,,,osm,38.3425274,-0.4980649,2026-05-18
Both Image,Alacant / Alicante,Comunitat Valenciana,,,,,osm,38.3438324,-0.4860802,2026-05-18
Peluquería Tere,Marmolejo,Andalucía,,,,,osm,38.0471471,-4.1737259,2026-05-18
Paula Alcaraz,Guardamar del Segura,Comunitat Valenciana,,,,,osm,38.0841986,-0.7455423,2026-05-18
Moreno,Guardamar del Segura,Comunitat Valenciana,,,,,osm,38.0858445,-0.7480312,2026-05-18
Única-s,Narón,Galicia,+34881932023,unica-s@hotmail.com,,https://www.unica-s.com/,osm,43.4900373,-8.2013334,2026-05-18
Don Cabello,Almería,Andalucía,,,,,osm,36.8394844,-2.4601981,2026-05-18
Peluquería Teresa,Orihuela,Comunitat Valenciana,,,,,osm,38.0626493,-0.8980295,2026-05-18
Peluquería Salvador,Almería,Andalucía,,,,,osm,36.8340099,-2.453978,2026-05-18
Claver,Cáceres,Extremadura,,,,,osm,39.4790489,-6.3694938,2026-05-18
Tijeras Verdes,Sestao,Euskadi,,,,,osm,43.2911691,-2.9916271,2026-05-18
Noemí,Sestao,Euskadi,,,,,osm,43.2919621,-2.990822,2026-05-18
Maura,Lugo,Galicia,,,,,osm,42.9973585,-7.5491724,2026-05-18
Mónica,Almería,Andalucía,+34950651159,monica.alvarez64@gmail.com,,,osm,36.8299021,-2.4527274,2026-05-18
Yoeli,Lugo,Galicia,,,,,osm,43.0041646,-7.55534,2026-05-18
Angeles Clemente Estilista,Orihuela,Comunitat Valenciana,,,,,osm,38.1031558,-0.8524076,2026-05-18
Ràfols,Barcelona,Catalunya,,,,,osm,41.3748832,2.1338864,2026-05-18
Pretty Baby,Barcelona,Catalunya,,,,,osm,41.3795501,2.1331738,2026-05-18
Top Peluqueros,Madrid,Madrid,,,,,osm,40.4354551,-3.6987513,2026-05-18
Izcar,Madrid,Madrid,,,,,osm,40.436127,-3.6994944,2026-05-18
AJM,Madrid,Madrid,,,,,osm,40.4356145,-3.6988057,2026-05-18
Peluquería Osiris,San Fernando de Henares,Madrid,,,,,osm,40.4198173,-3.5247073,2026-05-18
Gurutzne,Lekeitio,Euskadi,,,,,osm,43.3656895,-2.5014775,2026-05-18
Pepa & Lourdes,Salamanca,Salamanca,,pepaylourdes@gmail.com,,,osm,40.9707837,-5.6594835,2026-05-18
Peluquería Fusión,Guardamar del Segura,Comunitat Valenciana,,,,,osm,38.0840253,-0.6515745,2026-05-18
So Nice,Valladolid,Castilla y León,,,,,osm,41.6506683,-4.7217953,2026-05-18
Bea Eades,Ciudad Rodrigo,Castilla y León,,,,,osm,40.6000569,-6.5312449,2026-05-18
Impacto,Ciudad Rodrigo,Castilla y León,,,,,osm,40.5988102,-6.5265823,2026-05-18
Florencia Prieto,Salamanca,Castilla y León,,,,,osm,40.9706277,-5.6543525,2026-05-18
Ana J.,Salamanca,Castilla y León,,,,,osm,40.9570448,-5.68275,2026-05-18
Peluqueria Oscar,Cangas de Onís,Asturias / Asturies,,,,,osm,43.3498209,-5.1287625,2026-05-18
Peluqueria Celorio,Cangas de Onís,Asturias / Asturies,,,,,osm,43.3498383,-5.1287191,2026-05-18
Peluquería Caryos,A Coruña,Galicia,,,,,osm,43.322251,-8.3838494,2026-05-18
Corveira,A Coruña,Galicia,,,,,osm,43.3220455,-8.3839097,2026-05-18
Caribbean Style,València,Comunitat Valenciana,,,,,osm,39.4703639,-0.3943948,2026-05-18
Laura Cabo,València,Comunitat Valenciana,,,,,osm,39.4606214,-0.3717302,2026-05-18
Salón de Peluquería Lazo's,Elx / Elche,Comunitat Valenciana,,,,,osm,38.2631459,-0.701612,2026-05-18
Alicia Tajadura,Elx / Elche,Comunitat Valenciana,,,,,osm,38.2632675,-0.7009447,2026-05-18
Caninos,Elx / Elche,Comunitat Valenciana,,,,,osm,38.259237,-0.7089305,2026-05-18
J. Colomina,Elx / Elche,Comunitat Valenciana,,,,,osm,38.2587422,-0.7047805,2026-05-18
Silvia Góngora Estilista,Elx / Elche,Comunitat Valenciana,,,,,osm,38.2582979,-0.7029663,2026-05-18
Peluquería Rubias debote,Salamanca,Salamanca,+34923492280,,,,osm,40.9671253,-5.6581295,2026-05-18
Peluquería Airun,Salamanca,Castilla y León,,,,,osm,40.9653604,-5.65778,2026-05-18
Lucky,Barcelona,Barcelona,,,,,osm,41.3699311,2.1338802,2026-05-18
Bellissim@,O Porriño,Galicia,,,,,osm,42.1617941,-8.6220685,2026-05-18
Israel Peluquero,Orihuela,Comunitat Valenciana,,,,,osm,38.083955,-0.9444077,2026-05-18
Nova,Barreda,Cantabria,+34942087767,,,,osm,43.3681456,-4.0434692,2026-05-18
Peluquería Canina Caballitos,Alacant / Alicante,Comunitat Valenciana,,,,,osm,38.3584086,-0.4828402,2026-05-18
Leo Style Barber Shop,Alacant / Alicante,Comunitat Valenciana,,,,,osm,38.3596426,-0.490715,2026-05-18
Almagro,Alacant / Alicante,Comunitat Valenciana,,,,,osm,38.360362,-0.4800036,2026-05-18
Valentina Unisex,Alacant / Alicante,Comunitat Valenciana,,,,,osm,38.3589291,-0.482779,2026-05-18
La Argentina Estilistas,Alacant / Alicante,Comunitat Valenciana,+34965504481,,@la_argentina_estilistas,https://laargentinaestilistas.negocio.site/,osm,38.3453161,-0.4875461,2026-05-18
Erika Estañ,Alacant / Alicante,Comunitat Valenciana,+34689735920,,,,osm,38.3397608,-0.4914506,2026-05-18
Farouk,Orihuela,Comunitat Valenciana,,,,,osm,38.0832776,-0.9431202,2026-05-18
Richard,Orihuela,Comunitat Valenciana,,,,,osm,38.0830884,-0.9436451,2026-05-18
Trini & Cristina,Orihuela,Comunitat Valenciana,,,,,osm,38.08223,-0.9425499,2026-05-18
Quilez,Barcelona,Barcelona,,,,,osm,41.3673199,2.1341964,2026-05-18
Barber Shop D2,Barcelona,Catalunya,,,,,osm,41.4382214,2.2222356,2026-05-18
Jani Perruqueria,Barcelona,Catalunya,+34632113416,,,,osm,41.4380827,2.2218668,2026-05-18
B.R.H. Barber Shop,Barcelona,Catalunya,,,,,osm,41.3843029,2.1313352,2026-05-18
José Alcaide,Antigua,Canarias,+34828789245,,,,osm,28.3993874,-13.8587761,2026-05-18
Baiz,Sestao,Euskadi,,,,,osm,43.3002658,-2.9878187,2026-05-18
Bikiak,Sestao,Euskadi,,,,,osm,43.3020273,-2.9826263,2026-05-18
Pell Arman,Barcelona,Catalunya,,,,,osm,41.380777,2.1796995,2026-05-18
Javier Peluqueros,Valladolid,Valladolid,+34610297991,,,,osm,41.6441454,-4.7224884,2026-05-18
Pedro y Jorge Peluqueros,Valladolid,Valladolid,+34983395159,info@pedroyjorgepeluqueros.com,,https://www.pedroyjorgepeluqueros.com/,osm,41.6449124,-4.7225319,2026-05-18
Salón de Peguera,Calvià,Illes Balears,,,,,osm,39.537367,2.4539235,2026-05-18
Daniel Fernandez Estilistes,Barcelona,Barcelona,+34934321590,,,,osm,41.3581717,2.1407676,2026-05-18
Peluquería Rocky,Galapagar,Madrid,+34697213230,,,,osm,40.5766574,-4.0026049,2026-05-18
Amis,Sestao,Euskadi,,,,,osm,43.3011627,-2.9826289,2026-05-18
Rodríguez,Sestao,Euskadi,,,,,osm,43.2986597,-2.9922123,2026-05-18
The Little barbero shop,Sestao,Euskadi,,,,,osm,43.2965738,-2.9874422,2026-05-18
Davisaac,Sestao,Euskadi,,,,,osm,43.2988039,-2.992068,2026-05-18
Jamper's,Sestao,Euskadi,,,,,osm,43.2988505,-2.9907083,2026-05-18
Peluquería y estética Asun,Salamanca,Castilla y León,,,,,osm,40.9716158,-5.6730785,2026-05-18
Peluquería Álvaro,Salamanca,Castilla y León,,,,,osm,40.9703079,-5.6672517,2026-05-18
Peluqueros Chic,Salamanca,Castilla y León,,,,,osm,40.9720838,-5.667713,2026-05-18
Nais,Sestao,Euskadi,,,,,osm,43.29786,-2.9835774,2026-05-18
Arrandi,Sestao,Euskadi,,,,,osm,43.2963605,-2.985455,2026-05-18
La Barbería de Peña,Sestao,Euskadi,,,,,osm,43.2945704,-2.9865944,2026-05-18
Oskar,Eibar,Euskadi,,,,,osm,43.1855802,-2.4644864,2026-05-18
Principe,Eibar,Euskadi,,,,,osm,43.1855055,-2.4647856,2026-05-18
Abdel Barber,Eibar,Euskadi,,,,,osm,43.1854936,-2.4648491,2026-05-18
Vicente,Eibar,Euskadi,,,,,osm,43.1854817,-2.4648994,2026-05-18
Dori Díez,Donostia / San Sebastián,Euskadi,+34943272359,,,http://www.doridiez.com/,osm,43.3123096,-1.954897,2026-05-18
Peluquería Susana,Sabiñánigo,Aragón,,,,,osm,42.5189242,-0.3675834,2026-05-18
Nofre,sa Pobla,Illes Balears,,,,,osm,39.7692466,3.0257164,2026-05-18
Jota,Barcelona,Catalunya,,,grupjota,,osm,41.3784664,2.1349409,2026-05-18
Ados,Barreda,Cantabria,+34617634352,,,,osm,43.3735748,-4.041005,2026-05-18
Peluquería Glamour,Almuñécar,Andalucía,,,,,osm,36.7315423,-3.6904453,2026-05-18
Sara Perruqueria,Sant Feliu de Codines,Catalunya,+34938661301,,,,osm,41.687436,2.164034,2026-05-18
Girbau,Sant Feliu de Codines,Catalunya,,,,,osm,41.6880637,2.1649039,2026-05-18
Peluquería Charo,Crespos,Castilla y León,,,,,osm,40.87066,-4.9704144,2026-05-18
Coca'a,Sestao,Euskadi,,,,,osm,43.2989605,-2.9903956,2026-05-18
Crisdannyt,Sestao,Euskadi,,,,,osm,43.2983472,-2.9886212,2026-05-18
Garay,Sestao,Euskadi,,,,,osm,43.298149,-2.9888258,2026-05-18
Ana Legarra,Donostia / San Sebastián,Euskadi,,,,,osm,43.3224127,-1.9760647,2026-05-18
D&B,Donostia / San Sebastián,Euskadi,,,,,osm,43.3095519,-1.9659625,2026-05-18
Peluquería y Estética Eissa,Sevilla,Andalucía,,,,,osm,37.3890287,-5.9210853,2026-05-18
Peluquería Mari Paz,Nieva,Castilla y León,,,,,osm,41.081895,-4.4223628,2026-05-18
Osama,Donostia / San Sebastián,Euskadi,,,,,osm,43.2940763,-1.9540872,2026-05-18
Perruqueria Alba Lopez,Barcelona,Catalunya,,,,,osm,41.4358492,2.2165237,2026-05-18
Labienpeiná,Barcelona,Catalunya,+34935303050,,,,osm,41.4379921,2.2212009,2026-05-18
Antonio Heredia,Barcelona,Catalunya,,,,,osm,41.4377035,2.2206697,2026-05-18
Harrrrison's Barber Shop,Puerto Banus Marbella,Andalucía,+34952905009,,,https://harrisonsbarbershop.com/,osm,36.4881635,-4.9541832,2026-05-18
THE LAB,Barcelona,Catalunya,,,,,osm,41.3894259,2.1501707,2026-05-18
Peluquería Crisan,Galapagar,Madrid,,,,,osm,40.5762833,-4.0050129,2026-05-18
Peluquería Araisa,Villaviciosa de Odón,Madrid,,,,,osm,40.3582956,-3.9025575,2026-05-18
Mounin,Villaviciosa de Odón,Madrid,,,,,osm,40.3577927,-3.9017843,2026-05-18
Mechas,Sestao,Euskadi,,,,,osm,43.2990951,-2.9883942,2026-05-18
Barbacana,San Fernando de Henares,Madrid,,,,,osm,40.4472029,-3.4612032,2026-05-18
Emilio,Barcelona,Barcelona,,,,,osm,41.3700044,2.1336974,2026-05-18
The Alvarado,Barcelona,Barcelona,,,,,osm,41.3672503,2.1342334,2026-05-18
Roda,Salamanca,Castilla y León,,,,,osm,40.9676875,-5.6584294,2026-05-18
Karla Alonso,Santander,Cantabria,+34942050793,,,,osm,43.4541969,-3.821474,2026-05-18
A Contrapelo,Móstoles,Madrid,,,,,osm,40.3143711,-3.8571426,2026-05-18
Shikimi,Puerto de la Cruz,Canarias,,,,,osm,28.4156987,-16.5528361,2026-05-18
Rosalía & Cristina,els Poblets,Comunitat Valenciana,,,,,osm,38.853815,0.0170394,2026-05-18
Blanco y Negro,O Milladoiro,Galicia,,,,,osm,42.8459387,-8.5769847,2026-05-18
Boselú,Madrid,Madrid,,,,,osm,40.4502763,-3.6849324,2026-05-18
Perruqueria Maria,Balsareny,Catalunya,,,,,osm,41.8632637,1.8736089,2026-05-18
J. Samuel Baber Shop,Torrevieja,Comunitat Valenciana,,,,,osm,37.9763973,-0.6808067,2026-05-18
Perruqueria Antonieta,Ripoll,Catalunya,,,,,osm,42.2216967,2.1677151,2026-05-18
Eklipse,O Milladoiro,Galicia,,,,,osm,42.8468499,-8.5764171,2026-05-18
Jesús Baeza,Torrevieja,Comunitat Valenciana,,,,,osm,37.9781747,-0.682092,2026-05-18
Clave,Salamanca,Castilla y León,,,,,osm,40.9661932,-5.651193,2026-05-18
Peluqueria Kriss,Ganzo,Cantabria,+34675961137,,,,osm,43.3596832,-4.067617,2026-05-18
Tantinya,Sant Feliu de Codines,Catalunya,,,,,osm,41.6897961,2.1617705,2026-05-18
Maria Teresa Permanyer,Sant Feliu de Codines,Catalunya,,,,,osm,41.688711,2.1630314,2026-05-18
Peluqueria Miriam,Sant Boi de Llobregat,Catalunya,,,,,osm,41.3478806,2.0333659,2026-05-18
La Peluquería Castilla,Sevilla,Andalucía,,,,,osm,37.3890579,-6.0091793,2026-05-18
Javier Mascareña,Sevilla,Sevilla,+34954336331,,,,osm,37.3866596,-6.0050621,2026-05-18
Blanco Peluqueros,Sevilla,Sevilla,+34954343573,,,,osm,37.3862483,-6.0046276,2026-05-18
Peluquería de Caballeros Antonio y Javi,Sevilla,Sevilla,+34954338068,,,,osm,37.381742,-6.0071817,2026-05-18
Capelli Peluqueros,El Barco de Ávila,Castilla y León,,,,,osm,40.3573498,-5.5247827,2026-05-18
Peluquería de Caballeros Javier,Sevilla,Sevilla,,,,,osm,37.378598,-6.0032972,2026-05-18
Fran Navarro Estilista,Alacant / Alicante,Comunitat Valenciana,,,,,osm,38.3400921,-0.5004174,2026-05-18
Aldo Carrá,Alacant / Alicante,Comunitat Valenciana,,,,,osm,38.3427006,-0.4976254,2026-05-18
Álvaro y Sara,Salamanca,Castilla y León,,,,,osm,40.971244,-5.6663346,2026-05-18
Peluquería Yolanda Pablos,Salamanca,Castilla y León,,,,,osm,40.9719169,-5.6631489,2026-05-18
Rosant,Salamanca,Castilla y León,,,,,osm,40.970081,-5.6711033,2026-05-18
La 2019,Sant Julià del Llor i Bonmatí,Catalunya,,,,,osm,41.9684085,2.6705197,2026-05-18
Peluquero Alberto Beltrán,Granja de Rocamora,Comunitat Valenciana,,,,,osm,38.1505479,-0.8904044,2026-05-18
Cram,Barcelona,Catalunya,,,,,osm,41.4027036,2.2008396,2026-05-18
Claudio Varas Peluqueros,Salamanca,Castilla y León,+34658825900,,,,osm,40.9687298,-5.651512,2026-05-18
Barber Sur,el Prat de Llobregat,Catalunya,,,,,osm,41.3496872,2.0738534,2026-05-18
Peluquería González,Villatorres,Andalucía,,,,,osm,37.9401263,-3.7300423,2026-05-18
Lunar,Madrid,Madrid,,,,,osm,40.4428395,-3.6691848,2026-05-18
Kimu,Donostia / San Sebastián,Euskadi,,,,,osm,43.2659346,-1.9764701,2026-05-18
AM Ainhoa-Mireia,Donostia / San Sebastián,Euskadi,,,,,osm,43.269263,-1.9739489,2026-05-18
Perruquería UMAR,Barcelona,Catalunya,,,,,osm,41.3509802,2.0717325,2026-05-18
Perruqueria Salsas,Barcelona,Catalunya,,,,,osm,41.3786784,2.1544963,2026-05-18
Pedro Perruquer,Barcelona,Catalunya,,,,,osm,41.3700185,2.142969,2026-05-18
Toñi Liñán,Huétor Tájar,Andalucía,,,,,osm,37.2001508,-4.0460336,2026-05-18
Garbiñe,Donostia / San Sebastián,Euskadi,,,,,osm,43.3131961,-1.982237,2026-05-18
El Corte,Bilbao,Euskadi,,,,,osm,43.2588227,-2.9318139,2026-05-18
Ene,Bilbao,Euskadi,,,,,osm,43.2584039,-2.9325332,2026-05-18
PeInes,Hernani,Euskadi,,,,,osm,43.2692694,-1.9750136,2026-05-18
Fanap's,Sant Julià del Llor i Bonmatí,Catalunya,,,,,osm,41.9683896,2.6710647,2026-05-18
Peluquería Charia Época 2000,Salamanca,Castilla y León,,,,,osm,40.9722106,-5.6690077,2026-05-18
Peluquería Gema Garrido,A Coruña,Galicia,,,,,osm,43.3154902,-8.3730751,2026-05-18
Carmina Romero,Alacant / Alicante,Comunitat Valenciana,,,,,osm,38.3607448,-0.4781959,2026-05-18
Love Hairdressers,Torrevieja,Comunitat Valenciana,,,,,osm,37.9785161,-0.6831866,2026-05-18
Luis,Gijón / Xixón,Asturias / Asturies,,,,,osm,43.5351336,-5.6600513,2026-05-18
Peluquería Anus,Ibarra,Euskadi,+34945445298,,,,osm,43.0514352,-2.5649608,2026-05-18
Alfonso,Albacete,Albacete,,,,,osm,38.9967413,-1.8629712,2026-05-18
Sols Cabell,Cullera,Comunitat Valenciana,,,,,osm,39.1653786,-0.2456629,2026-05-18
Paul Joe,Anglès,Catalunya,,,,,osm,41.9552859,2.6386493,2026-05-18
De Tr3s,Anglès,Catalunya,,,,,osm,41.9558454,2.6373658,2026-05-18
Alvi,Bescanó,Catalunya,,,,,osm,41.9666049,2.7365835,2026-05-18
Tot Homes,Bescanó,Catalunya,,,,,osm,41.9666898,2.7357861,2026-05-18
Perruqueria 2000,Bescanó,Catalunya,,,,,osm,41.9646578,2.7373891,2026-05-18
Styllus Hayr,Salamanca,Castilla y León,,,,,osm,40.9725078,-5.6512997,2026-05-18
Style Rose,Salamanca,Castilla y León,,,,,osm,40.9728051,-5.6601384,2026-05-18
Jota's,Cullera,Comunitat Valenciana,,,,,osm,39.1626283,-0.2495671,2026-05-18
Ana Otero,A Coruña,Galicia,,,,,osm,43.3703568,-8.4035646,2026-05-18
Enredo,A Coruña,Galicia,,,,,osm,43.370961,-8.4013989,2026-05-18
Salón,Sant Feliu de Guíxols,Catalunya,,,,,osm,41.7820857,3.0316979,2026-05-18
Peluqueria Xampú,Barcelona,Catalunya,,,,,osm,41.432202,2.2192073,2026-05-18
Miriam's,Velilla-Taramay,Andalucía,,,,,osm,36.7375169,-3.6703934,2026-05-18
In.nova,Cullera,Comunitat Valenciana,,,,,osm,39.1649603,-0.2436795,2026-05-18
Jose Font,Cullera,Comunitat Valenciana,,,,,osm,39.1646185,-0.2443648,2026-05-18
Sheila Estilistas,Cullera,Comunitat Valenciana,,,,,osm,39.1633475,-0.243485,2026-05-18
Nou Estil,Cullera,Comunitat Valenciana,,,,,osm,39.1635189,-0.2467005,2026-05-18
Barber Experience,Barcelona,Catalunya,+34938098624,,,,osm,41.3968352,2.1529521,2026-05-18
Pla Estilistes - Insula,Vilanova i la Geltrú,Catalunya,+34938930682,insula.barbershop@hotmail.com,,,osm,41.2245767,1.7261264,2026-05-18
Garrigós,Cullera,Comunitat Valenciana,,,,,osm,39.160045,-0.2505192,2026-05-18
Santiago's Peluqueros,Torrevieja,Comunitat Valenciana,,,,,osm,37.9780076,-0.6804749,2026-05-18
Ana Pelikeria,Sevilla,Andalucía,,,,,osm,37.3813896,-6.0074192,2026-05-18
Horacio Ramírez,Torrevieja,Comunitat Valenciana,,,,,osm,37.9760759,-0.6771359,2026-05-18
La Yami,Brunyola i Sant Martí Sapresa,Catalunya,,,,,osm,41.8625794,2.6631386,2026-05-18
Max Still,Ferrol,Galicia,,,,,osm,43.4918332,-8.2049352,2026-05-18
Karite,Torrevieja,Comunitat Valenciana,,,,,osm,37.9789114,-0.6811478,2026-05-18
Salón de Peluquería Sonia,Torrevieja,Comunitat Valenciana,+34965033896,,,,osm,37.9757406,-0.6736514,2026-05-18
Encinas Peluqueros Toledo,Toledo,Toledo,+34925252997,,,https://peluqueriasentoledo.mozello.es/,osm,39.8740509,-4.034521,2026-05-18
Pinedo Peluqueros,San Fernando,Andalucía,+34956899976,,,,osm,36.4562974,-6.1997068,2026-05-18
Retokes,Madrid,Madrid,,,,,osm,40.4095182,-3.6477196,2026-05-18
Estils,Bescanó,Catalunya,,,,,osm,41.9668762,2.7428901,2026-05-18
Assumta Moner,Bescanó,Catalunya,,,,,osm,41.965176,2.7427742,2026-05-18
Perruquers Boada,Cassà de la Selva,Catalunya,,,,,osm,41.8898651,2.8723834,2026-05-18
MAE Perruquers,Cassà de la Selva,Catalunya,,,,,osm,41.8897645,2.8718927,2026-05-18
RM Art i Estil,Cassà de la Selva,Catalunya,,,,,osm,41.8892245,2.8724235,2026-05-18
Elte,Cassà de la Selva,Catalunya,,,,,osm,41.8880614,2.8752079,2026-05-18
Salon de peluquería Suam,Salamanca,Castilla y León,,,,,osm,40.9728113,-5.6659248,2026-05-18
Areus Prieto,Salamanca,Castilla y León,,,,,osm,40.972831,-5.6665283,2026-05-18
Rastal,Salamanca,Castilla y León,,,,,osm,40.9719111,-5.6614143,2026-05-18
Noelia Yáñez Peluqueros,Salamanca,Castilla y León,,,,,osm,40.9717529,-5.659572,2026-05-18
Pepe,Salamanca,Castilla y León,,,,,osm,40.9715739,-5.6588394,2026-05-18
Peluquería monina,Sevilla,Andalucía,+34690810425,,,,osm,37.374582,-5.9964923,2026-05-18
Alfonso Delgado Peluqueros,Sevilla,Andalucía,+34954271270,,,,osm,37.3745667,-5.9970481,2026-05-18
Peluquería Kribu,Salamanca,Castilla y León,,,,,osm,40.9726283,-5.6645489,2026-05-18
Juan Delgado Peluquería y Estética,Sevilla,Andalucía,,,,,osm,37.3747685,-6.0013472,2026-05-18
Gabriel de Alba,Sevilla,Andalucía,,,,,osm,37.3749728,-6.0023783,2026-05-18
Formas Peluquería y Belleza,Sevilla,Andalucía,,,,,osm,37.3749529,-6.002421,2026-05-18
Peluquería de Caballeros Santa Lucía,Sevilla,Andalucía,,,,,osm,37.3745845,-6.0031504,2026-05-18
Albert Estilistes,Centelles,Catalunya,,,,,osm,41.7981938,2.2205628,2026-05-18
Bernardo,A Coruña,Galicia,,,,,osm,43.3620089,-8.4104293,2026-05-18
Aluma,Lugo,Galicia,,,,,osm,42.9953158,-7.5547117,2026-05-18
Época,Lugo,Galicia,,,,,osm,42.9938019,-7.5504096,2026-05-18
Barber Shop José María Miguel,Sevilla,Andalucía,+34638948153,,,,osm,37.3797202,-5.9988029,2026-05-18
Cabany,A Coruña,Galicia,,,,,osm,43.3539179,-8.4013617,2026-05-18
Peluquería de Caballeros Plaza de Cuba,Sevilla,Andalucía,+34954270851,,,,osm,37.3795135,-5.9974778,2026-05-18
Peina-2,A Coruña,Galicia,,,,,osm,43.3535869,-8.401835,2026-05-18
Roser,Sant Feliu de Guíxols,Catalunya,,,,,osm,41.7827362,3.0308648,2026-05-18
TyM,Sant Feliu de Guíxols,Catalunya,,,,,osm,41.7825437,3.0308529,2026-05-18
Lila,Sant Feliu de Guíxols,Catalunya,,,,,osm,41.7831916,3.035732,2026-05-18
Benjamín,Cacheiras,Galicia,,,,,osm,42.8239607,-8.5434471,2026-05-18
Luis Ramos y Equipo Peluqueros,Sevilla,Andalucía,,,,,osm,37.3755134,-5.9981086,2026-05-18
Multipeluquerías Muñoz,Sevilla,Andalucía,,,,,osm,37.3750762,-5.9980876,2026-05-18
Pelucas y Peluquería Trinidad-España,Sevilla,Andalucía,,,,,osm,37.3785437,-5.9982414,2026-05-18
F. Martínez Peluquería,Sevilla,Andalucía,+34954452315,,,,osm,37.3783035,-5.9996296,2026-05-18
Peluquería Loli y Marián,Sevilla,Andalucía,+34954272705,,,,osm,37.3773818,-6.001435,2026-05-18
Teresa Valle Peluquería,Sevilla,Sevilla,+34954089737,,,,osm,37.3775972,-6.0010024,2026-05-18
Perruqueria Adela,Girona,Catalunya,,,,,osm,41.9702251,2.8102561,2026-05-18
Rafael Serrano,Torrevieja,Comunitat Valenciana,,,,,osm,37.9770103,-0.6859918,2026-05-18
Sunsi,Sant Feliu de Pallerols,Catalunya,,,,,osm,42.07726,2.5091448,2026-05-18
Peluqueria R.Dobon,València,Comunitat Valenciana,,,,,osm,39.4661341,-0.3512573,2026-05-18
Peluquería de Caballeros Felipe,Sevilla,Andalucía,+34687329835,,,,osm,37.3773745,-6.0010629,2026-05-18
Academia de Peluquería y Estética Quality Center,Sevilla,Andalucía,+34954086752,,,http://www.academiaquality.com/,osm,37.3820155,-6.0082324,2026-05-18
Peluqueria Lidia,Puerto de la Cruz,Canarias,,,,,osm,28.404203,-16.5517794,2026-05-18
Remiro Peluqueros,Logroño,La Rioja,,,,,osm,42.4608988,-2.4548342,2026-05-18
Peluqería Luz,Sevilla,Sevilla,,,,,osm,37.3808052,-6.0038227,2026-05-18
Abril peluqueros,Sevilla,Sevilla,+34954272124,,,,osm,37.380862,-6.0038811,2026-05-18
Jose Antonio Madrid Peluqueros,Sevilla,Andalucía,+34954451570,,,,osm,37.3754769,-5.9989719,2026-05-18
Olga Romero Peluquería,Sevilla,Andalucía,+34954045797,,,,osm,37.3771113,-5.9959993,2026-05-18
Maison 46,Adeje,Canarias,+34657284757,,,,osm,28.0806438,-16.7260833,2026-05-18
Salón de Peluquería Rosa,Guardamar del Segura,Comunitat Valenciana,,,,,osm,38.089342,-0.6554876,2026-05-18
Lucía Iglesias,León,León,,,,,osm,42.6153561,-5.5986527,2026-05-18
Mónica Vega,León,León,,,,,osm,42.6150582,-5.5964897,2026-05-18
Origen Estilistas,León,León,,,,,osm,42.6101274,-5.5930362,2026-05-18
Alex Peluquería de Caballeros,Sevilla,Andalucía,+34652514987,,,,osm,37.3793405,-6.0088562,2026-05-18
Peluquería Marte,León,Castilla y León,,,,,osm,42.6020945,-5.5891556,2026-05-18
Barbería Adam,León,Castilla y León,,,,,osm,42.6023814,-5.5889499,2026-05-18
Mariló Martínez Estilista,Sevilla,Andalucía,+34664123130,,,,osm,37.3793626,-6.0032758,2026-05-18
The Brothers Barbería-Peluquería,Sevilla,Sevilla,+34622654086;+34656631596,,,,osm,37.3802508,-6.0056184,2026-05-18
Doble D Peluqueros,Sevilla,Andalucía,+34954086245,,,,osm,37.3797113,-6.004562,2026-05-18
Fátima Albo,A Coruña,Galicia,,,,,osm,43.354323,-8.4002462,2026-05-18
Rakel,Enguera,Comunitat Valenciana,,,,,osm,38.9800998,-0.6857008,2026-05-18
Danyela Styler,Torrejón de Ardoz,Madrid,,,,,osm,40.4573877,-3.4735226,2026-05-18
Peluquería Mar,Carbajosa de la Sagrada,Castilla y León,,,,,osm,40.9327049,-5.6513849,2026-05-18
D' Kolor peluqueros,Carbajosa de la Sagrada,Castilla y León,,,,,osm,40.9338518,-5.6515633,2026-05-18
Ana Lozano,Sestao,Euskadi,,,,,osm,43.3003582,-2.9932849,2026-05-18
Antonio Domínguez Peluqueros,Sevilla,Sevilla,,,,,osm,37.3830398,-6.0033823,2026-05-18
Caballeros Corte Maestro,Sevilla,Sevilla,+34634606905,,,,osm,37.3819918,-6.0061238,2026-05-18
Helio 3,Cerdanyola del Vallès,Catalunya,+34935920100,,,,osm,41.4841259,2.1486617,2026-05-18
Salva's Style,Sevilla,Sevilla,+34675052265,,,,osm,37.3846376,-6.0017487,2026-05-18
Space Style Barber Shop,Santander,Cantabria,,,,,osm,43.4612992,-3.8103682,2026-05-18
Retoke's,Santiago de Compostela,Galicia,,,,,osm,42.8716776,-8.5576506,2026-05-18
Peluquería Madrigal Estilistas,Guardamar del Segura,Comunitat Valenciana,+34966725198,,,,osm,38.0888984,-0.6533001,2026-05-18
Peluquería ¡¡¡jo qué corte!!!,Madrid,Madrid,,,,,osm,40.411326,-3.6989509,2026-05-18
El Tocador,Canet de Mar,Catalunya,,,,,osm,41.5884543,2.5785617,2026-05-18
Ana Marín Peluqueros,Aldaia,Comunitat Valenciana,,,,,osm,39.5303972,-0.4810916,2026-05-18
Look arte,Sevilla,Andalucía,,,,,osm,37.3747945,-6.0408936,2026-05-18
Musas Look,Los Silos,Canarias,,,,,osm,28.3662806,-16.8193908,2026-05-18
Barbería Méndez,Buenavista del Norte,Canarias,,,,,osm,28.374236,-16.8508661,2026-05-18
Estilistes Cristina Conde,Barcelona,Catalunya,+34932980161,,,,osm,41.3653762,2.127931,2026-05-18
Sabín,Zaragoza,Aragón,,,,,osm,41.6363009,-0.8776786,2026-05-18
Adriano,Sevilla,Andalucía,,,,,osm,37.3733195,-6.0391676,2026-05-18
A 10,Santander,Cantabria,+34942371245,,,,osm,43.4605793,-3.815593,2026-05-18
Stylo Joven,Samos,Galicia,,,,https://stylojoven.es/,osm,42.7303354,-7.3264504,2026-05-18
Pily,Samos,Galicia,,,,,osm,42.7299802,-7.326683,2026-05-18
Enrique Jimenez,Barcelona,Catalunya,,,,,osm,41.4098934,2.1462802,2026-05-18
Sandra,Llucmajor,Illes Balears,,,,,osm,39.5009122,2.753485,2026-05-18
Ego Estilistas,Aldaia,Comunitat Valenciana,,,,,osm,39.5287507,-0.4841056,2026-05-18
Sofi Peluquería - Belleza,Santiago de Compostela,Galicia,+34881019899,,,,osm,42.8874283,-8.5294149,2026-05-18
Marta Álvarez,Santiago de Compostela,Galicia,,,,,osm,42.8817898,-8.5355837,2026-05-18
Peluqueria Virginia,Cinco Casas,Castilla-La Mancha,,,,,osm,39.1754574,-3.2384633,2026-05-18
Miralls,Cala Rajada,Illes Balears,,,,,osm,39.7114579,3.4607587,2026-05-18
Marei,Betanzos,Galicia,+34636408090,,,,osm,43.2834745,-8.2078365,2026-05-18
Lakaotica,l'Hospitalet de Llobregat,Catalunya,,,,,osm,41.3596588,2.102536,2026-05-18
Tevi,Santander,Cantabria,+34942075695,,,,osm,43.4588926,-3.8184832,2026-05-18
Da' Fonseca,Sestao,Euskadi,,,,,osm,43.2976019,-2.9845431,2026-05-18
Peluquería Yvees,Vélez-Málaga,Andalucía,,,,,osm,36.782913,-4.1069901,2026-05-18
Cefe,Torrellano,Comunitat Valenciana,,,,,osm,38.2936922,-0.5918403,2026-05-18
César Julián Naranjo Ramos,Villaviciosa de Odón,Madrid,,,,,osm,40.3564605,-3.9041657,2026-05-18
Peluquería Pilar,Cambil,Andalucía,,,,,osm,37.6775349,-3.56566,2026-05-18
Peluquería Ponteguap@,Valverde del Majano,Castilla y León,,,,,osm,40.9570991,-4.2357635,2026-05-18
Purificación Carda Estilistas,l'Hospitalet de Llobregat,Catalunya,+34630291073,,,,osm,41.365379,2.1302644,2026-05-18
Arenas unisex,Torrellano,Comunitat Valenciana,,,,,osm,38.29143,-0.5848123,2026-05-18
Manolota y Maite,Torrellano,Comunitat Valenciana,,,,,osm,38.2930653,-0.5877919,2026-05-18
Marisa Torres,Torrellano,Comunitat Valenciana,,,,,osm,38.2934329,-0.5884768,2026-05-18
Rosana,Torrellano,Comunitat Valenciana,,,,,osm,38.295565,-0.5891502,2026-05-18
Ivan Quiles,Torrellano,Comunitat Valenciana,,,,,osm,38.2923185,-0.588444,2026-05-18
Barbería Sergio Poliff,Torrellano,Comunitat Valenciana,+34699716022,,,,osm,38.2940234,-0.5866219,2026-05-18
monica & jorge,Candelaria,Canarias,,,,,osm,28.36913,-16.3643926,2026-05-18
R&C,Ferrol,Galicia,+34981389348,,,,osm,43.5157944,-8.17167,2026-05-18
Frigaro,Puerto de la Cruz,Canarias,,,,,osm,28.3955048,-16.5482893,2026-05-18
Style Brothers,Alacant / Alicante,Comunitat Valenciana,,,,,osm,38.3448165,-0.5039255,2026-05-18
Laura Cubero,Manacor,Illes Balears,,,,,osm,39.574595,3.2075198,2026-05-18
Bibi,Manacor,Illes Balears,,,,,osm,39.5741288,3.2082618,2026-05-18
OD beauty salon Sant Feliu,Sant Vicenç dels Horts,Catalunya,,,,,osm,41.3818901,2.0430338,2026-05-18
SAR,Guía de Isora,Canarias,,,,,osm,28.180176,-16.8169091,2026-05-18
Qué pelos,Valverde del Majano,Castilla y León,,,,,osm,40.9563263,-4.2359291,2026-05-18
Elegante Stylo,Santander,Cantabria,+34942794413,,,,osm,43.460805,-3.821173,2026-05-18
Peluqueria Baizan,Santander,Cantabria,+34942240053,,,,osm,43.4611585,-3.8187995,2026-05-18
Peluquería Lusi,Montcada i Reixac,Catalunya,,,,,osm,41.450775,2.2133901,2026-05-18
Rafa Díaz Perruquers,Montcada i Reixac,Catalunya,+34933917301,,,,osm,41.4546888,2.2078124,2026-05-18
La Pelu de Sixto,Ferrol,Galicia,,,,,osm,43.5167721,-8.1673235,2026-05-18
Tracey's,Benidorm,Comunitat Valenciana,+34635312743,,,,osm,38.5352047,-0.1097345,2026-05-18
YNOT,San Bartolomé de Tirajana,Canarias,,,,,osm,27.7584209,-15.5780918,2026-05-18
Brisa,Boñar,Castilla y León,,,,,osm,42.8661197,-5.3211233,2026-05-18
Raquel Mateu,Lleida,Catalunya,,,,,osm,41.6104213,0.6299464,2026-05-18
DQ22,Santander,Cantabria,,,,,osm,43.4620381,-3.8141228,2026-05-18
Ana Zapater,Morales del Vino,Castilla y León,,,,,osm,41.4434597,-5.7324988,2026-05-18
Pilar Holgado,Guijuelo,Castilla y León,,,,,osm,40.5573207,-5.6725447,2026-05-18
La Barberia,Palamós,Catalunya,+34972319399,,,https://la-barberia4.webnode.es/,osm,41.849585,3.1295243,2026-05-18
Forma's,Béjar,Castilla y León,,,,,osm,40.3870188,-5.7578737,2026-05-18
Amor,Castrocontrigo,Castilla y León,,,,,osm,42.1885924,-6.1879322,2026-05-18
Bucle's,Béjar,Castilla y León,,,,,osm,40.3870134,-5.7596171,2026-05-18
Conchi,Béjar,Castilla y León,,,,,osm,40.3861216,-5.7648533,2026-05-18
Yoan,Santander,Cantabria,+34942234212,,,,osm,43.4618261,-3.8143374,2026-05-18
C&P,Rivas-Vaciamadrid,Madrid,,,,,osm,40.3462959,-3.5220918,2026-05-18
RocaRey,Rivas-Vaciamadrid,Madrid,,,,,osm,40.3462121,-3.5218867,2026-05-18
Mai Hair,Rivas-Vaciamadrid,Madrid,,,,,osm,40.3411308,-3.5237704,2026-05-18
RSH,Rivas-Vaciamadrid,Madrid,,,,,osm,40.3423097,-3.5196535,2026-05-18
Bella,Rivas-Vaciamadrid,Madrid,,,,,osm,40.3431203,-3.5202472,2026-05-18
Mahena,Rivas-Vaciamadrid,Madrid,,,,,osm,40.3431592,-3.520325,2026-05-18
Frágola,Rivas-Vaciamadrid,Madrid,,,,,osm,40.3481727,-3.5245419,2026-05-18
Amanecer,Talavera de la Reina,Castilla-La Mancha,,,,,osm,39.9609112,-4.8275661,2026-05-18
Vintage 206,Talavera de la Reina,Castilla-La Mancha,,,,,osm,39.9601561,-4.8323043,2026-05-18
Sergio Traid,Talavera de la Reina,Castilla-La Mancha,,,,,osm,39.960697,-4.8298768,2026-05-18
Pelusa,Talavera de la Reina,Castilla-La Mancha,,,,,osm,39.9586973,-4.8355646,2026-05-18
Cristina Valero,Talavera de la Reina,Castilla-La Mancha,,,,,osm,39.9580596,-4.8378939,2026-05-18
Pamela Arroyo,Talavera de la Reina,Castilla-La Mancha,,,,,osm,39.9566746,-4.8418563,2026-05-18
Cocoa,Talavera de la Reina,Castilla-La Mancha,,,,,osm,39.9636574,-4.8260913,2026-05-18
Two Women,Las Palmas de Gran Canaria,Canarias,,,,,osm,28.1188183,-15.526133,2026-05-18
Belize,Santa Brígida,Canarias,,,,,osm,28.0450493,-15.4789074,2026-05-18
La Vit@,San Bartolomé de Tirajana,Canarias,,,,,osm,27.7579555,-15.5866899,2026-05-18
Mendoza,Las Palmas de Gran Canaria,Canarias,,,,,osm,28.128325,-15.4475692,2026-05-18
Acqua,Los Corrales de Buelna,Cantabria,+34942832768,,,,osm,43.2580185,-4.0698615,2026-05-18
Peluquería Julia,Priego de Córdoba,Andalucía,,,,,osm,37.4380975,-4.2000726,2026-05-18
Rebecca Weismeier,Andratx,Illes Balears,,,,,osm,39.5458319,2.3916242,2026-05-18
Robledo Peluqueros,Santander,Cantabria,,,,,osm,43.461569,-3.8167571,2026-05-18
Creación 3 Barber Shop,Los Corrales de Buelna,Cantabria,+34942832070,,,,osm,43.2588978,-4.0698792,2026-05-18
Juanma Trastory. La Barbería,Zamora,Castilla y León,+34675522434,,,https://m.facebook.com/marimarmartindelgado/?locale2=es_ES,osm,41.5072618,-5.7453415,2026-05-18
Peluquería y Estética Toka2,Zamora,Castilla y León,+34980166256,,,,osm,41.506317,-5.7453196,2026-05-18
Triskel,Barcelona,Catalunya,,,,,osm,41.3993806,2.151644,2026-05-18
Adolfo Gil,Barcelona,Catalunya,,,,,osm,41.3991993,2.1513429,2026-05-18
Rodelas,Barcelona,Catalunya,+34628574662,,,https://rodelas.es/salones/peluqueria-barcelona-balmes/,osm,41.3989018,2.1509636,2026-05-18
Barberia Tavo,O Milladoiro,Galicia,,,,,osm,42.8431044,-8.5784104,2026-05-18
Rosa Toral,Gijón / Xixón,Asturias / Asturies,,,,,osm,43.5413711,-5.6679415,2026-05-18
Culture by CCJ,Gijón/Xixón,Asturias / Asturies,,,,,osm,43.5417358,-5.668087,2026-05-18
Friends,Gijón / Xixón,Asturias / Asturies,,,,,osm,43.5405901,-5.6832591,2026-05-18
Salón 58,Gijón / Xixón,Asturias / Asturies,+34985875250,,,,osm,43.5414499,-5.6703558,2026-05-18
El Roxet,la Pobla de Farnals,Comunitat Valenciana,,,,,osm,39.5786205,-0.3247962,2026-05-18
Canina,Callosa d'en Sarrià,Comunitat Valenciana,,,,,osm,38.6514039,-0.122771,2026-05-18
L&G,Boiro,Galicia,+34981846618,,,,osm,42.6459779,-8.8857098,2026-05-18
Mary Paz,Ponferrada,Castilla y León,,,,,osm,42.5489866,-6.5833108,2026-05-18
Perruqueria Mariàngels,Sanaüja,Catalunya,,,,,osm,41.8757407,1.3107847,2026-05-18
Perruqueria Laura,Sanaüja,Catalunya,,,,,osm,41.8765229,1.3114425,2026-05-18
Begoña Bermúdez,Arteixo,Galicia,,,,,osm,43.2997065,-8.508847,2026-05-18
Asere,Sestao,Euskadi,,,,,osm,43.297199,-2.9889487,2026-05-18
Aralos,Bilbao,Euskadi,,,,,osm,43.2572736,-2.9455998,2026-05-18
Enredos,Bilbao,Vizcaya,,,,,osm,43.2517387,-2.9445701,2026-05-18
Peluquería Infantil Pato Donald,A Coruña,Galicia,,,,,osm,43.3610422,-8.4058326,2026-05-18
Mönet,A Coruña,Galicia,,,,,osm,43.3628302,-8.4062219,2026-05-18
Absalon,Madrid,Madrid,,,,,osm,40.4048153,-3.7472698,2026-05-18
Natural Beauty,Galapagar,Madrid,+34918596341,,,,osm,40.5957708,-3.9590913,2026-05-18
Belisse,Llerena,Extremadura,,,,,osm,38.2374679,-6.015397,2026-05-18
M & S Perruquers,Cerdanyola del Vallès,Catalunya,+34937275762,,,,osm,41.5412461,2.1147164,2026-05-18
Inés González,Santander,Cantabria,,,,,osm,43.4674355,-3.8147772,2026-05-18
Odyssey,Santander,Cantabria,,,,,osm,43.4672874,-3.8149065,2026-05-18
Llaiak,Bera,Navarra,+34948631427,,,,osm,43.2811761,-1.6827689,2026-05-18
Sergio Peluqueria,València,Comunitat Valenciana,,,,,osm,39.4709403,-0.3809963,2026-05-18
Ander Alday,Bedia,Euskadi,,,,,osm,43.1608939,-2.7842318,2026-05-18
Ana Montero,Santibáñez de Vidriales,Castilla y León,,,,,osm,42.0721077,-6.013924,2026-05-18
Peluquería Israel Urtado,Logroño,La Rioja,,,,,osm,42.4563138,-2.4357759,2026-05-18
Peluquería unisex Belén,Jarandilla de la Vera,Extremadura,,,,,osm,40.1279039,-5.6587479,2026-05-18
Marian Escaño,Sestao,Euskadi,,,,,osm,43.2987794,-2.9847274,2026-05-18
Kolper,Sestao,Euskadi,,,,,osm,43.2993051,-2.984608,2026-05-18
Rojo Estilistas,València,Comunitat Valenciana,,,,,osm,39.4631372,-0.3643275,2026-05-18
Peluquería Kristina,Jaén,Andalucía,+34673797004,,,,osm,37.7722525,-3.7858318,2026-05-18
Peluquería Melguizo,Jaén,Andalucía,,,,,osm,37.772443,-3.7855896,2026-05-18
Notcortes,Madrid,Madrid,,,,,osm,40.4032721,-3.7412557,2026-05-18
Ferragut,l'Alcúdia,Comunitat Valenciana,,,,,osm,39.195601,-0.5072777,2026-05-18
Styling,l'Hospitalet de Llobregat,Catalunya,,,,,osm,41.3644157,2.1311162,2026-05-18
Peluqueria Esperanza,València,Comunitat Valenciana,,,,,osm,39.4686197,-0.3502837,2026-05-18
Romeo Barbershop,València,Comunitat Valenciana,,,,,osm,39.4686656,-0.3502481,2026-05-18
Alameda Peluqueros,A Coruña,Galicia,,,,,osm,43.32908,-8.3910177,2026-05-18
Tony Herrero,Palencia,Castilla y León,,,,,osm,41.9980296,-4.5223763,2026-05-18
Ludy,Palencia,Castilla y León,,,,,osm,41.9989147,-4.5218632,2026-05-18
Carmina Bravo,València,Comunitat Valenciana,,,,,osm,39.4681432,-0.3509467,2026-05-18
Rene Ares,València,Comunitat Valenciana,,,,,osm,39.4665422,-0.3506192,2026-05-18
Cristina Beltran,València,Comunitat Valenciana,,,,,osm,39.4835911,-0.3574252,2026-05-18
Grupo Hechos Peluqueros,València,Comunitat Valenciana,,,,,osm,39.4841008,-0.3557557,2026-05-18
Escribano,l'Alcúdia,Comunitat Valenciana,,,,,osm,39.1992744,-0.5062436,2026-05-18
studio 22,Calvià,Illes Balears,,,,,osm,39.5211171,2.4729036,2026-05-18
La Guarida 111,Logroño,La Rioja,,,,,osm,42.4557196,-2.4351567,2026-05-18
AmBa,Vitoria-Gasteiz,Euskadi,,,,,osm,42.8490626,-2.6700007,2026-05-18
La Pelu de la Kutxi,Vitoria-Gasteiz,Euskadi,,,,,osm,42.8491058,-2.6711006,2026-05-18
Kal,Vitoria-Gasteiz,Euskadi,,,,,osm,42.84799,-2.6746375,2026-05-18
Espacio M,Vitoria-Gasteiz,Euskadi,,,,,osm,42.8471328,-2.6732847,2026-05-18
Goretti Peluquería,Vitoria-Gasteiz,Euskadi,,,,,osm,42.8473886,-2.6733999,2026-05-18
Bea Prieto,Ferrol,Galicia,,,,,osm,43.4928341,-8.212433,2026-05-18
Marta Queijas,Ferrol,Galicia,+34981380462;+34617112197,,,,osm,43.4912786,-8.2040587,2026-05-18
Alameda,Ferrol,Galicia,,,,,osm,43.4914043,-8.2080812,2026-05-18
Pilar Monteagudo,Ferrol,Galicia,+34981387034,peluqueriaspilarmonteagudo@gmail.com,,,osm,43.4897427,-8.2046051,2026-05-18
Marisé Varela,Narón,Galicia,+34981387410,,,,osm,43.5001475,-8.2046103,2026-05-18
Sandra Calvelo,Narón,Galicia,+34981383149,,,,osm,43.5012656,-8.2035953,2026-05-18
Peluquería Mari Jose,Andosilla,Navarra,,,,,osm,42.3782745,-1.945188,2026-05-18
Amimoda,Valladolid,Valladolid,,,,,osm,41.6482154,-4.7333548,2026-05-18
Campogrande,Valladolid,Valladolid,,,,,osm,41.6459086,-4.7333816,2026-05-18
Javier Aguirre Peluqueros,Donostia / San Sebastián,Euskadi,+34943277785,,,,osm,43.3221792,-1.9765568,2026-05-18
Beatriz,Llucmajor,Illes Balears,,,,,osm,39.5017506,2.7536594,2026-05-18
Peluquería Blasón,Madrid,Madrid,,,,,osm,40.3815111,-3.7407905,2026-05-18
Dianyol,Sestao,Euskadi,,,,,osm,43.2767031,-2.9742254,2026-05-18
La casa del cabello,Sestao,Euskadi,,,,,osm,43.2755641,-2.9736737,2026-05-18
La Brava,Bilbao,Euskadi,,,,,osm,43.2572805,-2.9257988,2026-05-18
Judith Patinha,Narón,Galicia,+34981380440,peluqueria@judithpatinha.es,,https://www.judithpatinha.es/,osm,43.4941597,-8.2018855,2026-05-18
Arela,Ferrol,Galicia,,,,,osm,43.4925906,-8.2008193,2026-05-18
Roberto,Narón,Galicia,+34618071859,,,,osm,43.4932442,-8.2019209,2026-05-18
José Bañobre,Narón,Galicia,,,,,osm,43.4919661,-8.1996896,2026-05-18
C. Montero Estilistas,Narón,Galicia,+34981389279,,,,osm,43.4924798,-8.1994661,2026-05-18
Cítrika,Narón,Galicia,,,,,osm,43.4935454,-8.2023736,2026-05-18
Nika,Sestao,Euskadi,,,,,osm,43.2973216,-2.9883422,2026-05-18
Brothers,Bilbao,Euskadi,,,,,osm,43.2595901,-2.9328112,2026-05-18
Noesix,Ferrol,Galicia,+34981070024,,,,osm,43.4839535,-8.227149,2026-05-18
Sol.t,Sant Antoni de Portmany,Illes Balears,,,,,osm,38.9833688,1.3005006,2026-05-18
Peluquería Matices,Marmolejo,Andalucía,,,,,osm,38.0424762,-4.1709989,2026-05-18
Saudade,Ferrol,Galicia,,,,,osm,43.4833921,-8.2354661,2026-05-18
FyP,Ferrol,Galicia,,,,,osm,43.4819412,-8.2361061,2026-05-18
Kevin,Bilbao,Euskadi,,,,,osm,43.2564372,-2.9364005,2026-05-18
Image,Sestao,Euskadi,,,,,osm,43.3219922,-3.0010721,2026-05-18
Juma,Sestao,Euskadi,,,,,osm,43.292388,-2.9919114,2026-05-18
Silvia O.,Vilobí del Penedès,Catalunya,,,,,osm,41.360712,1.6691239,2026-05-18
Palomo Style,Villa del Prado,Madrid,,,,,osm,40.2790578,-4.3067734,2026-05-18
Barber Shop 08690,Santa Coloma de Cervelló,Catalunya,,,,,osm,41.3681537,2.0186559,2026-05-18
Peluquería Sandra,Cunit,Catalunya,,,,,osm,41.1950128,1.6181046,2026-05-18
Perruqueria Nova Lluna,Cunit,Catalunya,,,,,osm,41.1956072,1.6180009,2026-05-18
Estilistes Sonia,Cunit,Catalunya,,,,,osm,41.1982005,1.6262761,2026-05-18
Pestano,Santa Cruz de Tenerife,Canarias,,,,,osm,28.4421478,-16.3172641,2026-05-18
Unaia,Ferrol,Galicia,+34881944082,,,,osm,43.4842329,-8.2053777,2026-05-18
Jhon Suárez,Ferrol,Galicia,,,,,osm,43.4880183,-8.217796,2026-05-18
Peluquería-Barbería Waqar,Bembibre,Castilla y León,+34631226593,,,,osm,42.6157002,-6.4150187,2026-05-18
Víctor Caparrós Peluquería,Almería,Almería,,,,,osm,36.8548456,-2.4443162,2026-05-18
Peluquería Leticia Martínez Areces,Grado/Grau,Asturias / Asturies,+34985752827,,,,osm,43.3941293,-6.0641821,2026-05-18
Las Flores,Madrid,Madrid,,,,,osm,40.4358813,-3.8132583,2026-05-18
Mel,Inca,Illes Balears,,,,,osm,39.7258906,2.9115401,2026-05-18
Vanity Hair,Bilbao,Euskadi,,,,,osm,43.2600045,-2.9489403,2026-05-18
Albert & Frank,Calp,Comunitat Valenciana,,,,,osm,38.6300839,-0.0438638,2026-05-18
Innova' T Perruqueria I Estètica,la Font d'en Carròs,Comunitat Valenciana,,,,,osm,38.9164235,-0.1705434,2026-05-18
Peluquería Iyer,Jaca,Aragón,,,,,osm,42.5673693,-0.552242,2026-05-18
Aborigen,Santa Cruz de Tenerife,Canarias,,,,,osm,28.4381731,-16.3061564,2026-05-18
Peluquería Matices,Jaca,Aragón,+34974355266,,,,osm,42.5683858,-0.5516479,2026-05-18
Piojitos Fuera,Villaviciosa de Odón,Madrid,+34606648590,,,https://www.piojitosfuera.es,osm,40.3565951,-3.907834,2026-05-18
Peluquería Carlos Ramos,Avilés,Asturias / Asturies,+34985570416,,,,osm,43.5458758,-5.9000952,2026-05-18
Peluqueria del Manel,Rubí,Catalunya,,,,,osm,41.501888,2.0365777,2026-05-18
Peluquería Estética Isabel Labat,Zaragoza,Aragón,+34976364677,peluqueria_labat@hotmail.es,,,osm,41.6561479,-0.8842362,2026-05-18
Peluquería Adams,Zaragoza,Aragón,,,,,osm,41.6563895,-0.8856241,2026-05-18
Peluquería Rafa y Lucía,Zaragoza,Aragón,,,,,osm,41.655298,-0.8884181,2026-05-18
Pilar Masdemont,València,Comunitat Valenciana,,,,,osm,39.4827747,-0.3700825,2026-05-18
Barba Man,València,Comunitat Valenciana,,,,,osm,39.4829164,-0.3700131,2026-05-18
Suma Belleza,Castelló de la Plana,Comunitat Valenciana,+34689298685,,,,osm,39.9834436,-0.0322612,2026-05-18
Santos,Teruel,Aragón,,,,,osm,40.3426737,-1.107602,2026-05-18
Peluqueria Gent Gran,Cerdanyola del Vallès,Catalunya,,,,,osm,41.488324,2.1409233,2026-05-18
Cortada,Teruel,Aragón,,,,,osm,40.3360372,-1.1043311,2026-05-18
Peluqueria Lluisa,Castellet i la Gornal,Catalunya,,,,,osm,41.325043,1.6195771,2026-05-18
Perruqueria CM,Castellet i la Gornal,Catalunya,,,,,osm,41.2655004,1.5977511,2026-05-18
Adel,Vigo,Galicia,,,,,osm,42.1674992,-8.7209256,2026-05-18
Corona,Montederramo,Galicia,,,,,osm,42.2783264,-7.503327,2026-05-18
Actualitat,Sant Llorenç des Cardassar,Illes Balears,,,,,osm,39.5640181,3.3707593,2026-05-18
Estitxu,Donostia / San Sebastián,Euskadi,,,,,osm,43.3100524,-1.9663057,2026-05-18
Josemi The Barber,Madrid,Madrid,,,,,osm,40.3874626,-3.6560316,2026-05-18
Perruqueria Elisenda,Bagà,Catalunya,+34938244614,,,,osm,42.2506046,1.8650865,2026-05-18
Perruqueria Unisex Maribel Baños,Bagà,Catalunya,+34938244577,,,,osm,42.2508881,1.8643968,2026-05-18
Perruqeria Unisex Abel,Bagà,Catalunya,+34938244066,,,,osm,42.2526933,1.8614678,2026-05-18
Peluqueria Salon 25,Castellet i la Gornal,Catalunya,,,,,osm,41.2796658,1.583457,2026-05-18
Carmen Suárez,Calvià,Illes Balears,,,,,osm,39.5353376,2.5720308,2026-05-18
Zona 020,València,Comunitat Valenciana,,,,,osm,39.4859341,-0.3633265,2026-05-18
La Perfecta,Madrid,Madrid,+34615651935,,,https://laperfecta.net/,osm,40.4264769,-3.7058066,2026-05-18
La Bella,Calvià,Illes Balears,,,,,osm,39.5197764,2.4759281,2026-05-18
Salón King of Style,Madrid,Madrid,+34698590880,,,https://kingofstyle.es/,osm,40.4037606,-3.6747369,2026-05-18
Hair Cool,Madrid,Madrid,,,,,osm,40.4043178,-3.6747913,2026-05-18
Antoni,Barcelona,Catalunya,,,,,osm,41.4066818,2.1616913,2026-05-18
Eme + Ele,Bilbao,Euskadi,,,,,osm,43.2634147,-2.9251909,2026-05-18
Peluqueria Ponce,Águilas,Murcia,+34968413707,info@peluqueriaponce.es,,https://www.peluqueriaponce.es/,osm,37.4041987,-1.5844373,2026-05-18
Barberia la Vieja Escuela,San Fernando,Andalucía,,,,,osm,36.5303184,-6.1852883,2026-05-18
Martina,sa Pobla,Illes Balears,,,,,osm,39.7680486,3.019933,2026-05-18
Simo Peluqueros,Adra,Andalucía,,,,,osm,36.7479464,-3.0150648,2026-05-18
Rayan,Sestao,Euskadi,,,,,osm,43.2761851,-2.9714085,2026-05-18
Beatriz Núñez,Ferrol,Galicia,+34881934535,,,,osm,43.4936303,-8.214662,2026-05-18
Carol,Lerma,Castilla y León,,,,,osm,42.0261033,-3.7590761,2026-05-18
La Carnicería,Gijón/Xixón,Asturias / Asturies,+34985076457,alvarotorresdecastro@gmail.com,,,osm,43.5416943,-5.6683043,2026-05-18
Maritxu,Bilbao,Vizcaya,,,,,osm,43.2701794,-2.9463368,2026-05-18
Ascen,Bilbao,Euskadi,,,,,osm,43.2682526,-2.9280926,2026-05-18
Saló de Bellesa Colomer,Vilalba Sasserra,Catalunya,+34938412632,,,,osm,41.6530167,2.4434789,2026-05-18
Peluquería Mónica,"Ru, Vilasantar",Galicia,,,,,osm,43.0709284,-8.1210411,2026-05-18
Peluqería Tomás,Elx / Elche,Comunitat Valenciana,,,,,osm,38.292098,-0.586648,2026-05-18
Barberia Raúl Quiles,Torrellano,Comunitat Valenciana,+34633529074,,,,osm,38.2921879,-0.5909934,2026-05-18
Beyma,Briviesca,Castilla y León,,,,,osm,42.5486589,-3.3245655,2026-05-18
Dellas,Guadalajara,Castilla-La Mancha,,,,,osm,40.6255175,-3.1629748,2026-05-18
La barbería 90,Aldaia,Comunitat Valenciana,,,,,osm,39.4650629,-0.4578315,2026-05-18
American Dream,Aldaia,Comunitat Valenciana,,,,,osm,39.4647821,-0.4594978,2026-05-18
Trop Cut,Aldaia,Comunitat Valenciana,,,,,osm,39.4642626,-0.4578009,2026-05-18
Wella,Barcelona,Catalunya,,,,,osm,41.3945228,2.1745372,2026-05-18
Yolanda Estilista,Barcelona,Catalunya,+34682919467,,,,osm,41.4358894,2.221025,2026-05-18
Calderón,Sevilla,Andalucía,+34954212275,,,,osm,37.3912915,-5.9929549,2026-05-18
Athenea,Ferrol,Galicia,,,,,osm,43.490369,-8.2161044,2026-05-18
VCH,Ferrol,Galicia,+34981946819,,,,osm,43.4890643,-8.2168179,2026-05-18
La Peineta de Maria,Montcada i Reixac,Catalunya,+34933864447,,,,osm,41.4520374,2.2118186,2026-05-18
La Barbera,Ferrol,Galicia,+34634598888,,,https://www.labarbera.es/,osm,43.4891693,-8.2172343,2026-05-18
Terciopelo,Ferrol,Galicia,+34981372240,contacto@peluqueriaterciopelo.es,,https://www.peluqueriaterciopelo.es/,osm,43.4887195,-8.2163353,2026-05-18
Gil,Santa Cruz de Tenerife,Canarias,,,,,osm,28.440409,-16.3138685,2026-05-18
Peluquería Teo,Villaviciosa,Asturias / Asturies,,,,,osm,43.4795575,-5.4336488,2026-05-18
Rissos,Felanitx,Illes Balears,,,,,osm,39.470604,3.1489522,2026-05-18
Peluqueria Lepant,Rubí,Catalunya,,,,,osm,41.4988274,2.0352745,2026-05-18
Old Hennessy,San Mateo de Gállego,Aragón,,,,,osm,41.8316974,-0.7667276,2026-05-18
Alis,Cala Rajada,Illes Balears,,,,,osm,39.7106212,3.4579028,2026-05-18
Bona Imatge,Marratxí,Illes Balears,,,,,osm,39.6470684,2.7779154,2026-05-18
Perruqueria Anna,Ripoll,Catalunya,,,,,osm,42.2227321,2.1682866,2026-05-18
Bades,Bilbao,Euskadi,,,,,osm,43.252904,-2.9460226,2026-05-18
AMG,Bilbao,Euskadi,,,,,osm,43.2511071,-2.9463031,2026-05-18
Sebas,Bilbao,Euskadi,,,,,osm,43.2509593,-2.946093,2026-05-18
Era,Bilbao,Euskadi,,,,,osm,43.2506245,-2.9464031,2026-05-18
Richard x favor,Viveiro,Galicia,,,,,osm,43.6624972,-7.5954853,2026-05-18
Ana Cárdenas,Santo Domingo de la Calzada,La Rioja,,,,,osm,42.4397479,-2.9547687,2026-05-18
Soraya Riaño,Santo Domingo de la Calzada,La Rioja,,,,,osm,42.4398973,-2.9562867,2026-05-18
Peluquería Silvia Gascó Lara,Torrent,Comunitat Valenciana,,,,,osm,39.432323,-0.471022,2026-05-18
Maria Jesus Peluqueria Unisex,Torrent,Comunitat Valenciana,,,,,osm,39.4332337,-0.4731762,2026-05-18
La Mini Pelu,Torrent,Comunitat Valenciana,,,,,osm,39.433571,-0.468413,2026-05-18
Peluqueria Mimate,Torrent,Comunitat Valenciana,,,,,osm,39.4335414,-0.4734201,2026-05-18
Peluqueria Carmen Anchel,Torrent,Comunitat Valenciana,,,,,osm,39.4263673,-0.4819742,2026-05-18
Peluquería Styling,Torrent,Comunitat Valenciana,,,,,osm,39.437,-0.466967,2026-05-18
Dinasty Barber Shop,Torrent,Comunitat Valenciana,,,,,osm,39.433865,-0.477061,2026-05-18
Peluqueria Park Central,Torrent,Comunitat Valenciana,,,,,osm,39.426846,-0.469195,2026-05-18
Peluqueria De Caballero Jose Manuel,Torrent,Comunitat Valenciana,,,,,osm,39.436207,-0.470559,2026-05-18
Peluquería Sandra,Torrent,Comunitat Valenciana,,,,,osm,39.4376526,-0.4684431,2026-05-18
Peluqueria Rosse,Torrent,Comunitat Valenciana,,,,,osm,39.4300418,-0.4754685,2026-05-18
Perruqueria I Salo De Bellesa Erika,Torrent,Comunitat Valenciana,,,,,osm,39.433884,-0.48043,2026-05-18
Oh My Cut,Torrent,Comunitat Valenciana,,,,,osm,39.4353684,-0.4679698,2026-05-18
Nuevas Tendencias Peluquería Low Cost,Torrent,Comunitat Valenciana,,,,,osm,39.4320027,-0.476557,2026-05-18
Kids Style Peluqueria Infantil,Torrent,Comunitat Valenciana,,,,,osm,39.4253722,-0.4682957,2026-05-18
Peluqueros Davisol,Torrent,Comunitat Valenciana,,,,,osm,39.43018,-0.477982,2026-05-18
Vigo Peluqueros,Torrent,Comunitat Valenciana,,,,,osm,39.4341418,-0.4667649,2026-05-18
Peluqueria El Diplomatico,Torrent,Comunitat Valenciana,,,,,osm,39.433329,-0.4737317,2026-05-18
La Barberia De Jose Maria,Torrent,Comunitat Valenciana,,,,,osm,39.4264114,-0.4819036,2026-05-18
Peluqueria Sama,Torrent,Comunitat Valenciana,,,,,osm,39.4343933,-0.4733399,2026-05-18
Peluqueria Mabel,Torrent,Comunitat Valenciana,,,,,osm,39.438381,-0.464197,2026-05-18
Peluquería Marisa Reyes,Torrent,Comunitat Valenciana,,,,,osm,39.4297499,-0.4773886,2026-05-18
Lupriett Peluqueros,Torrent,Comunitat Valenciana,,,,,osm,39.4336386,-0.4705287,2026-05-18
Peluqueria Emilia,Torrent,Comunitat Valenciana,,,,,osm,39.431271,-0.464584,2026-05-18
Isaac Peluqueros,Torrent,Comunitat Valenciana,,,,,osm,39.4327151,-0.4772541,2026-05-18
La Pelu De Xaro,Torrent,Comunitat Valenciana,,,,,osm,39.433975,-0.471555,2026-05-18
Peluquería Miguel Segura,Torrent,Comunitat Valenciana,,,,,osm,39.4343098,-0.47862,2026-05-18
Peluquería Carmen Soto,Torrent,Comunitat Valenciana,,,,,osm,39.433041,-0.468546,2026-05-18
Peluqueria Lisos Y Rizos,Torrent,Comunitat Valenciana,,,,,osm,39.4264589,-0.4818101,2026-05-18
Perruqueria I Estética Mamen I Loli,Torrent,Comunitat Valenciana,,,,,osm,39.435333,-0.473652,2026-05-18
Peluqueria Raymak,Torrent,Comunitat Valenciana,,,,,osm,39.439499,-0.458535,2026-05-18
Peluquería Tu Stilo,Torrent,Comunitat Valenciana,,,,,osm,39.434437,-0.478311,2026-05-18
Peluqueria-estilista Mª Jose Antonino,Torrent,Comunitat Valenciana,,,,,osm,39.438766,-0.467952,2026-05-18
Peluqueros Estilistas Julfran,Torrent,Comunitat Valenciana,,,,,osm,39.438431,-0.462815,2026-05-18
Peluqueria Yolanda Lerma,Torrent,Comunitat Valenciana,,,,,osm,39.431496,-0.477744,2026-05-18
Peluquería Zarache,Torrent,Comunitat Valenciana,,,,,osm,39.436691,-0.467128,2026-05-18
Peluqueria Unisex D&r,Torrent,Comunitat Valenciana,,,,,osm,39.4323265,-0.4758516,2026-05-18
Peluquería Vicente Navarrete,Torrent,Comunitat Valenciana,,,,,osm,39.4389138,-0.4619233,2026-05-18
Peluqueria Teo,Torrent,Comunitat Valenciana,,,,,osm,39.4356793,-0.4712153,2026-05-18
Peluquería Trasquiló,Torrent,Comunitat Valenciana,,,,,osm,39.4325115,-0.4761991,2026-05-18
Peluqueria Rosmar,Torrent,Comunitat Valenciana,,,,,osm,39.435932,-0.4729,2026-05-18
Peluqueria Lerma Vilanova,Torrent,Comunitat Valenciana,,,,,osm,39.433907,-0.466469,2026-05-18
Peluqueria Raquel,Torrent,Comunitat Valenciana,,,,,osm,39.434208,-0.474234,2026-05-18
Peluqueria Elena,Torrent,Comunitat Valenciana,,,,,osm,39.438259,-0.464274,2026-05-18
Peluquería Maica,Torrent,Comunitat Valenciana,,,,,osm,39.433376,-0.478365,2026-05-18
Peluqueria Mar,Torrent,Comunitat Valenciana,,,,,osm,39.43647,-0.465182,2026-05-18
Perruqueria Mª Jose,Torrent,Comunitat Valenciana,,,,,osm,39.4349187,-0.4702846,2026-05-18
Peluquería Mª José Vieira,Torrent,Comunitat Valenciana,,,,,osm,39.433147,-0.477032,2026-05-18
Peluquería Lute,Torrent,Comunitat Valenciana,,,,,osm,39.433002,-0.46849,2026-05-18
Peluqueria Mª Carmen Carpio,Torrent,Comunitat Valenciana,,,,,osm,39.431499,-0.468092,2026-05-18
Peluqueria Hnos Moreno,Torrent,Comunitat Valenciana,,,,,osm,39.4342093,-0.4736175,2026-05-18
Peluqueria Juan,Torrent,Comunitat Valenciana,,,,,osm,39.435444,-0.469283,2026-05-18
Peluquería Fina,Torrent,Comunitat Valenciana,,,,,osm,39.4371943,-0.4663961,2026-05-18
Peluqueria Glamour,Torrent,Comunitat Valenciana,,,,,osm,39.4326281,-0.4694143,2026-05-18
Peluquería Emilio,Torrent,Comunitat Valenciana,,,,,osm,39.4344529,-0.4726462,2026-05-18
Peluqueria Carug,Torrent,Comunitat Valenciana,,,,,osm,39.42915,-0.477786,2026-05-18
Peluqueria Chelo Téllez,Torrent,Comunitat Valenciana,,,,,osm,39.436214,-0.468123,2026-05-18
Peluqueria Toni,Torrent,Comunitat Valenciana,,,,,osm,39.4298847,-0.4764712,2026-05-18
Perruquería Bucles,Torrent,Comunitat Valenciana,,,,,osm,39.432487,-0.477392,2026-05-18
Peluquería Academia Raquel Corchero,Torrent,Comunitat Valenciana,,,,,osm,39.433399,-0.477537,2026-05-18
Peluquería Amparo Madramany,Torrent,Comunitat Valenciana,,,,,osm,39.43745,-0.467098,2026-05-18
Mandreu Peluqueria,Torrent,Comunitat Valenciana,,,,,osm,39.42643,-0.483357,2026-05-18
Marga Garcia Peluqueras,Torrent,Comunitat Valenciana,,,,,osm,39.436734,-0.4632814,2026-05-18
Lola Peluquera,Torrent,Comunitat Valenciana,,,,,osm,39.433945,-0.465448,2026-05-18
Lucia Peluqueras,Torrent,Comunitat Valenciana,,,,,osm,39.430104,-0.4730241,2026-05-18
Javi Moreno Peluqueros,Torrent,Comunitat Valenciana,,,,,osm,39.4305507,-0.4791553,2026-05-18
Peluqueria Juan Baena,Torrent,Comunitat Valenciana,,,,,osm,39.440918,-0.462537,2026-05-18
Chiqui Peluqueros,Torrent,Comunitat Valenciana,,,,,osm,39.4332459,-0.4726248,2026-05-18
Evaristo Peluqueros Barberos,Torrent,Comunitat Valenciana,,,,,osm,39.433079,-0.474401,2026-05-18
Boro Peluqueros,Torrent,Comunitat Valenciana,,,,,osm,39.433956,-0.470396,2026-05-18
Area Estilo Peluqueria Unisex,Torrent,Comunitat Valenciana,,,,,osm,39.430801,-0.469188,2026-05-18
Unisex Cortes,Torrent,Comunitat Valenciana,,,,,osm,39.4339493,-0.4652923,2026-05-18
Tu-pelo,Torrent,Comunitat Valenciana,,,,,osm,39.4343404,-0.4737343,2026-05-18
Sty'l Rosa,Torrent,Comunitat Valenciana,,,,,osm,39.4344121,-0.4726024,2026-05-18
Ruben Garcia Peluqueros,Torrent,Comunitat Valenciana,,,,,osm,39.4343444,-0.4669342,2026-05-18
Puig Peluqueros,Torrent,Comunitat Valenciana,,,,,osm,39.4376581,-0.468458,2026-05-18
Carmen Murcia,Torrent,Comunitat Valenciana,,,,,osm,39.429314,-0.475368,2026-05-18
Salon Model's,Torrent,Comunitat Valenciana,,,,,osm,39.4391223,-0.4597989,2026-05-18
Roberto Peluqueros,Torrent,Comunitat Valenciana,,,,,osm,39.436302,-0.470268,2026-05-18
Peluquería Amorós,Benidorm,Comunitat Valenciana,,,,,osm,38.545717,-0.1327936,2026-05-18
BB,Sestao,Euskadi,,,,,osm,43.2963722,-2.9885856,2026-05-18
Pedro Montero,Sestao,Euskadi,,,,,osm,43.2977954,-2.985203,2026-05-18
Xisca,Manacor,Illes Balears,,,,,osm,39.5645757,3.207192,2026-05-18
Ana Peluqueria Unisex,Cantavieja,Aragón,,,,,osm,40.5255931,-0.4052596,2026-05-18
Peluquería Cala,Sabiñánigo,Aragón,,,,,osm,42.5198777,-0.3692741,2026-05-18
Peluquería Lys,Sabiñánigo,Aragón,,,,,osm,42.5207359,-0.3715063,2026-05-18
Makai,Bilbao,Euskadi,,,,,osm,43.2590922,-2.937728,2026-05-18
Piules,Manacor,Illes Balears,,,,,osm,39.5690922,3.2165744,2026-05-18
Corroto,Aldaia,Comunitat Valenciana,,,,,osm,39.4623938,-0.4624047,2026-05-18
KR,Adeje,Canarias,,,,,osm,28.077159,-16.7314455,2026-05-18
La Saga,Aldaia,Comunitat Valenciana,,,,,osm,39.4658588,-0.4602594,2026-05-18
Noelia Azorin Estilista,Alicante,Alicante,+34965260296,,,,osm,38.3636971,-0.432859,2026-05-18
Look Berria,Abanto y Ciérvana-Abanto Zierbena,Euskadi,,,,,osm,43.3184152,-3.0726823,2026-05-18
BLB,Abanto y Ciérvana-Abanto Zierbena,Euskadi,,,,,osm,43.3182805,-3.0729259,2026-05-18
Damas,Sestao,Euskadi,,,,,osm,43.3006514,-2.9898529,2026-05-18
Liuwa,Sestao,Euskadi,,,,,osm,43.2961722,-2.9913568,2026-05-18
H.F.A.,Sestao,Euskadi,,,,,osm,43.2963781,-2.9915471,2026-05-18
Silher,Sestao,Euskadi,,,,,osm,43.2984209,-2.9930042,2026-05-18
Bella Bilbao,Bilbao,Vizcaya,,,,,osm,43.2635116,-2.9228406,2026-05-18
Claramunt,Pamplona / Iruña,Navarra,,,,,osm,42.8036145,-1.6792401,2026-05-18
Inma García,Pamplona / Iruña,Navarra,,,,,osm,42.8025525,-1.6788394,2026-05-18
Ana Aldunate,Pamplona / Iruña,Navarra,,,,,osm,42.8030254,-1.6790942,2026-05-18
Ilaia ileapaindegia,Antzuola,Euskadi,,,,,osm,43.0985346,-2.3818568,2026-05-18
Novo Look,Celanova,Galicia,,,,,osm,42.1498021,-7.9579722,2026-05-18
AG Peluqueras,Pamplona / Iruña,Navarra,,,,,osm,42.8012984,-1.6471209,2026-05-18
Galdana,Granollers,Catalunya,,,,,osm,41.6287981,2.2968661,2026-05-18
Nueva Gente Actual,Huesca/Uesca,Aragón,,,,,osm,42.1380941,-0.4180971,2026-05-18
Toñy,Alcúdia,Illes Balears,,,,,osm,39.8530439,3.1247124,2026-05-18
Peluquería Frántony,Alcalá de Henares,Madrid,,,,,osm,40.4882534,-3.3635588,2026-05-18
Cristina Peluqueros,Torrelodones,Madrid,,,,,osm,40.5772668,-3.9284784,2026-05-18
Ainhoa Garcia,Errenteria,Euskadi,+34943527339,info@ainhoa-garcia.com,,http://ainhoa-garcia.com/,osm,43.3114087,-1.8954454,2026-05-18
Morroncho,Jerez de los Caballeros,Extremadura,,,,,osm,38.3205063,-6.7736536,2026-05-18
Almudena Sánchez,Jerez de los Caballeros,Extremadura,,,,,osm,38.3206335,-6.7731721,2026-05-18
D'Ricardo,Jerez de los Caballeros,Extremadura,,,,,osm,38.3214711,-6.7689797,2026-05-18
Jose Rubio,Jerez de los Caballeros,Extremadura,,,,,osm,38.3269926,-6.7695264,2026-05-18
Pallarès,l'Hospitalet de Llobregat,Catalunya,+34933313232,,,,osm,41.3671214,2.1267646,2026-05-18
K-bells,l'Espluga de Francolí,Catalunya,,,,,osm,41.3958557,1.1039365,2026-05-18
Perfec3,Cádiz,Andalucía,,,,,osm,36.5228621,-6.2773014,2026-05-18
Últimas Líneas,Viveiro,Galicia,,,,,osm,43.6623242,-7.5949589,2026-05-18
Ángeles Salgueiro,Viveiro,Galicia,,,,,osm,43.6630182,-7.5946544,2026-05-18
Jesús Ropero,Priego de Córdoba,Andalucía,,,,,osm,37.4390441,-4.2031691,2026-05-18
Barbería juan Valdivia,Priego de Córdoba,Andalucía,,,,,osm,37.43914,-4.2008302,2026-05-18
Cabellos,A Coruña,Galicia,,,,,osm,43.3614546,-8.4206373,2026-05-18
Marta Acín,Jaca,Aragón,,,,,osm,42.5686544,-0.5549589,2026-05-18
Aitz Berri,Betelu,Navarra,,,,,osm,43.0241279,-1.9803741,2026-05-18
Miguel Torres,Valladolid,Castilla y León,+34983354040,,,,osm,41.6554058,-4.728857,2026-05-18
José Luis García,Valladolid,Castilla y León,,,,,osm,41.6536528,-4.7306737,2026-05-18
Fran Moreno,Valladolid,Castilla y León,+34655878869,,,,osm,41.6536722,-4.7262916,2026-05-18
Cristina Sáez,Arroyo de la Encomienda,Castilla y León,+34983119999,,,,osm,41.6360697,-4.7627079,2026-05-18
Guapa y Olé,Valladolid,Castilla y León,,,,,osm,41.6522574,-4.7228536,2026-05-18
Barbería Club,Madrid,Madrid,,,,,osm,40.4469526,-3.8021562,2026-05-18
Natural Look,Valladolid,Castilla y León,,,,,osm,41.6468532,-4.7237684,2026-05-18
Marta Pedrosa,Madrid,Madrid,,,,,osm,40.4446212,-3.8026227,2026-05-18
Cortar y listo,Salamanca,Castilla y León,,,,,osm,40.9703621,-5.6664405,2026-05-18
Armando Berrocoso. Peluquería de caballeros,Jarandilla de la Vera,Extremadura,,,,,osm,40.1280338,-5.6585927,2026-05-18
Paloma,Jarandilla de la Vera,Extremadura,,,,,osm,40.1276076,-5.6596952,2026-05-18
Peluquería de Caballeros Eugenio Rodríguez,Guardamar del Segura,Comunitat Valenciana,,,,,osm,38.0888918,-0.6549462,2026-05-18
Youssef,Badajoz,Extremadura,,,,,osm,38.8666933,-6.9734826,2026-05-18
Ma del Mar,Cáceres,Extremadura,,,,,osm,39.4853407,-6.3665381,2026-05-18
Perruqueria Capdevila,Montellà i Martinet,Catalunya,,,,,osm,42.359964,1.6978607,2026-05-18
Peluceria,Torrevieja,Comunitat Valenciana,,,,,osm,38.0293435,-0.6543898,2026-05-18
Bocanegra Estilistas,Atarfe,Andalucía,+34618686988,bocanegraestilistas@gmail.com,,,osm,37.2214982,-3.6973893,2026-05-18
Milka,Atarfe,Andalucía,,,,,osm,37.2220938,-3.6935005,2026-05-18
Mariano,Murcia,Murcia,,,,,osm,37.9827314,-1.1223044,2026-05-18
Mai,Donostia / San Sebastián,Euskadi,,,,,osm,43.316398,-1.9743828,2026-05-18
Carmen Aparisi,Gandia,Comunitat Valenciana,,,,,osm,38.9645795,-0.1886735,2026-05-18
GAP peluqueros,Donostia / San Sebastián,Euskadi,,,,,osm,43.3227953,-1.9752455,2026-05-18
Bleach,Adeje,Canarias,,,,,osm,28.0784051,-16.7322851,2026-05-18
Manuel Mellado,Cabra,Andalucía,,,,,osm,37.4743089,-4.4416899,2026-05-18
Salón de Peluquería Jacinto y M. Ángel,Villanueva del Trabuco,Andalucía,,,,,osm,37.0293298,-4.3353006,2026-05-18
Ángel Ruiz,Talavera de la Reina,Castilla-La Mancha,,,,,osm,39.9660462,-4.8238387,2026-05-18
Jorge Núñez,Talavera de la Reina,Castilla-La Mancha,,,,,osm,39.9603378,-4.8303736,2026-05-18
Flor Alonso,Vigo,Pontevedra,,,,,osm,42.237632,-8.7125239,2026-05-18
Fran Vega estilistes,Aldaia,Comunitat Valenciana,,,,,osm,39.4537379,-0.4627387,2026-05-18
El Corint,Aldaia,Comunitat Valenciana,,,,,osm,39.4539554,-0.4629117,2026-05-18
Lioness Barber,Aldaia,Comunitat Valenciana,,,,,osm,39.4542296,-0.4631522,2026-05-18
Studio Peluquería,A Coruña,Galicia,,,,,osm,43.3704824,-8.399268,2026-05-18
In,Madrid,Madrid,,,,,osm,40.4382652,-3.6755071,2026-05-18
La Purria,Rubí,Catalunya,,,,,osm,41.4875521,2.0258963,2026-05-18
Ni al pelo,Burgos,Castilla y León,,,,,osm,42.3442264,-3.6882969,2026-05-18
Cabelos,Ferrol,Galicia,,,,http://www.tiendascabelos.com/,osm,43.491851,-8.2141354,2026-05-18
Ina,Ferrol,Galicia,,,,,osm,43.4911916,-8.2171067,2026-05-18
Azabaxe,Manacor,Illes Balears,,,,,osm,39.5432824,3.3325819,2026-05-18
Cum Laude,Arroyo de la Encomienda,Castilla y León,+34983665080,hola@cumlaudebelleza.com,,,osm,41.6139812,-4.7858674,2026-05-18
Ritual,Arroyo de la Encomienda,Castilla y León,+34983844644,,,,osm,41.6133722,-4.7862801,2026-05-18
Spejo 'S,Arroyo de la Encomienda,Castilla y León,,,,,osm,41.6231601,-4.7685161,2026-05-18
Cortés Peluqueros,Sevilla,Andalucía,+34605248278,,,,osm,37.3483214,-6.039079,2026-05-18
Mayra,Sestao,Euskadi,,,,,osm,43.2993075,-2.9921733,2026-05-18
Stylínea,Calvià,Illes Balears,,,,,osm,39.5192233,2.4869757,2026-05-18
Gemma Imatge,Castellar del Vallès,Catalunya,,,,,osm,41.6160624,2.0917348,2026-05-18
Kati Gemma,Castellar del Vallès,Catalunya,,,,,osm,41.6158587,2.0913774,2026-05-18
Peluquería Antonio Vázquez,Dos Hermanas,Andalucía,,,,,osm,37.2769982,-5.9168646,2026-05-18
Fandango,Arroyo de la Encomienda,Castilla y León,,,,,osm,41.619908,-4.7761919,2026-05-18
Auzi,Arroyo de la Encomienda,Castilla y León,+34983406828,,,,osm,41.6193941,-4.7769023,2026-05-18
Niamar,Mairena del Aljarafe,Andalucía,,,,,osm,37.3401559,-6.0611277,2026-05-18
P&M Peluqueria y Estética,Mairena del Aljarafe,Andalucía,,,,,osm,37.3401806,-6.0610398,2026-05-18
Valencia,Arroyo de la Encomienda,Castilla y León,,,,,osm,41.6258687,-4.7700689,2026-05-18
De Maycol perruqueria,Barcelona,Catalunya,,,,,osm,41.4350941,2.219333,2026-05-18
La Urbana,Vigo,Pontevedra,,,,,osm,42.2373799,-8.7125179,2026-05-18
Elixir,Burgos,Castilla y León,,,,,osm,42.3555638,-3.6779928,2026-05-18
Mireia Romero,Ròtova,Comunitat Valenciana,,,,,osm,38.9318025,-0.2562621,2026-05-18
Raffel Pagès,l'Hospitalet de Llobregat,Catalunya,+34933312610,,,,osm,41.366142,2.1272102,2026-05-18
Campomor,Castelló de la Plana / Castellón de la Plana,Comunitat Valenciana,,,,,osm,39.9845546,-0.0370255,2026-05-18
Casi Casado,Zamora,Castilla y León,,,,,osm,41.51279,-5.7488081,2026-05-18
Rafael Alberto,A Coruña,Galicia,,,,,osm,43.3696184,-8.4010174,2026-05-18
Perruqueria Corto y Cambio,Rubí,Catalunya,,,,,osm,41.4874879,2.0340567,2026-05-18
Acuario,Burgos,Castilla y León,,,,,osm,42.3580668,-3.6883131,2026-05-18
La Barbería de Churriana,Málaga,Andalucía,+34952435551,,,,osm,36.6620496,-4.5054486,2026-05-18
Tisores,Llucmajor,Illes Balears,,,,,osm,39.4919625,2.8887735,2026-05-18
Hijos de Gonzalo,Medina de Pomar,Castilla y León,,,,,osm,42.9301491,-3.4866867,2026-05-18
Edén,Palma,Illes Balears,,,,,osm,39.5705914,2.636617,2026-05-18
Tariq,Sestao,Euskadi,,,,,osm,43.2952346,-2.9877106,2026-05-18
MJ,Sestao,Euskadi,,,,,osm,43.2952572,-2.9857956,2026-05-18
Andrés Muñiz,Santiago de Compostela,Galicia,+34981590341,,,,osm,42.8725435,-8.5509817,2026-05-18
Martínez Cañas,Madrid,Madrid,,,,,osm,40.4070335,-3.671317,2026-05-18
Lola Aranda,Madrid,Madrid,,,,,osm,40.4092643,-3.6702484,2026-05-18
Blenda,Eibar,Euskadi,,,,,osm,43.1816133,-2.471593,2026-05-18
Lucky,Eibar,Euskadi,,,,,osm,43.1818467,-2.4716245,2026-05-18
Peluquería Resu-Mar,Granada,Andalucía,,,,,osm,37.2213759,-3.6058129,2026-05-18
María Berriatua,Sestao,Euskadi,,,,,osm,43.300015,-2.9889135,2026-05-18
N & O,Sestao,Euskadi,,,,,osm,43.2979589,-2.9888716,2026-05-18
Dreams,Sestao,Euskadi,,,,,osm,43.2975551,-2.9886362,2026-05-18
Rosgem,El Escorial,Madrid,,,,,osm,40.6015759,-4.0591425,2026-05-18
Natur Hair Design,Salamanca,Castilla y León,,,,,osm,40.9687386,-5.6543753,2026-05-18
Isabel Arias,Ferrol,Galicia,+34981949544,,,,osm,43.4876416,-8.23854,2026-05-18
Gorka & Maria José Peluqueros,Sevilla,Sevilla,+34954342417,,,,osm,37.3874874,-6.0068757,2026-05-18
Salo de Perruqueria Mireia Lopez,Rubí,Catalunya,,,,,osm,41.4884555,2.0245837,2026-05-18
Neva Studio,A Coruña,Galicia,,,,,osm,43.3714525,-8.3980152,2026-05-18
Daniel,A Coruña,Galicia,,,,,osm,43.3715118,-8.3980236,2026-05-18
Carola Beltré,Madrid,Madrid,+34913039432;+34656696174,,,,osm,40.3815643,-3.6310587,2026-05-18
New Grimaldi Estilistas,San vicente del raspeig,Comunitat Valenciana,,,,,osm,38.3958407,-0.5137225,2026-05-18
Peluquería Maku,Sevilla,Andalucía,,,,,osm,37.3805035,-6.008713,2026-05-18
Peluquería Pinza's,Arenas de Cabrales,Asturias / Asturies,,,,,osm,43.3034493,-4.8168562,2026-05-18
Peluquería Zigzag,Jete,Andalucía,+34958645445,,,,osm,36.7962812,-3.6678731,2026-05-18
EstilNova,Córdoba,Andalucía,,,,,osm,37.8786069,-4.7594155,2026-05-18
Peluquería Mediavilla,Santander,Cantabria,+34942048402,,,,osm,43.4665758,-3.805793,2026-05-18
Tendencias Estilistas,Sevilla,Sevilla,,,,,osm,37.3762734,-5.9701793,2026-05-18
Absalón,Madrid,Madrid,,,,,osm,40.4007982,-3.7546708,2026-05-18
Jose Luis Asesor de Imagen,Barcelona,Barcelona,,,,,osm,41.3714604,2.1438952,2026-05-18
Peluquería Macu,Villalbilla,Madrid,,,,,osm,40.431575,-3.2996423,2026-05-18
kukot,Castelldefels,Catalunya,,,,,osm,41.2795977,1.9784898,2026-05-18
Dolce Vita,Eibar,Euskadi,,,,,osm,43.1846738,-2.4718306,2026-05-18
Mar Chica,Palma,Illes Balears,,,,,osm,39.5953141,2.6864596,2026-05-18
Susana,Palma,Illes Balears,,,,,osm,39.5952623,2.6876221,2026-05-18
Estilo Urbano,Palma,Illes Balears,,,,,osm,39.594747,2.6864665,2026-05-18
AL Square Peluqueros,Santander,Cantabria,+34942131943,,,,osm,43.4659824,-3.7941714,2026-05-18
Centro de Peluquería y Estética L&S,Puertollano,Castilla-La Mancha,,,,,osm,38.6873123,-4.0993619,2026-05-18
Jennifer González,Palma,Illes Balears,,,,,osm,39.5918968,2.6835015,2026-05-18
Gonzalez,Santander,Cantabria,+34942100436,,,,osm,43.4641199,-3.8087029,2026-05-18
Atalaya,Santander,Cantabria,+34942045095,,,,osm,43.4642475,-3.8079876,2026-05-18
Perruqueria D.Heras,Olvan,Catalunya,,,,,osm,42.1368634,1.931053,2026-05-18
Estación,Inca,Illes Balears,,,,,osm,39.7179967,2.9069586,2026-05-18
Donde Jess,Madrid,Madrid,,,,,osm,40.4054616,-3.6080731,2026-05-18
Picornell,Palma,Illes Balears,,,,,osm,39.5615284,2.6249799,2026-05-18
Amine,Manacor,Illes Balears,,,,,osm,39.5682811,3.2050426,2026-05-18
El Tocador de Ana,A Coruña,Galicia,,,,,osm,43.3721239,-8.400224,2026-05-18
Clares,Valladolid,Castilla y León,,,,,osm,41.6558501,-4.7276143,2026-05-18
Anna,A Coruña,Galicia,,,,,osm,43.3732687,-8.4010085,2026-05-18
Studio Primero,Fuengirola,Andalucía,,,,,osm,36.5549633,-4.6136397,2026-05-18
peluqueros,Leganés,Madrid,,,,,osm,40.3310411,-3.757477,2026-05-18
Peluquería Isaías Fernández,Torrelodones,Madrid,,,,,osm,40.6218401,-3.9065243,2026-05-18
Peluquería Versace,Torrelodones,Madrid,,,,,osm,40.6220832,-3.9065011,2026-05-18
Ymajine style,Santander,Cantabria,+34942371575,,,,osm,43.4638579,-3.8133528,2026-05-18
Marsun,Sestao,Euskadi,,,,,osm,43.3475871,-3.0077737,2026-05-18
Nalú,Palma,Illes Balears,,,,,osm,39.6053073,2.6765564,2026-05-18
Txintxosta ileapaindegia,Errenteria,Euskadi,,,,,osm,43.2982311,-1.8621746,2026-05-18
Toni&guy,Errenteria,Euskadi,,,,,osm,43.2988274,-1.8595728,2026-05-18
Yo También,Palma,Illes Balears,,,,,osm,39.6066949,2.6785951,2026-05-18
Miki,Palma,Illes Balears,,,,,osm,39.5893878,2.6849776,2026-05-18
Leticia,A Coruña,Galicia,,,,,osm,43.3771131,-8.3974426,2026-05-18
Emes Estilistas,Logroño,La Rioja,+34941233572,,,https://www.emesestilistas.com/,osm,42.4625238,-2.440194,2026-05-18
Dino y Maru,Palma,Illes Balears,,,,,osm,39.5992758,2.6806813,2026-05-18
Kizkur,Errenteria,Euskadi,+34943493054,,,,osm,43.2990703,-1.8674211,2026-05-18
Mirari Txurio,Errenteria,Euskadi,,,,,osm,43.2991061,-1.8638429,2026-05-18
Yourself,Palma,Illes Balears,,,,,osm,39.5981314,2.6796131,2026-05-18
Mimate,Pamplona/Iruña,Navarra,,,,,osm,42.8021589,-1.645114,2026-05-18
Peluquería Jésus,Leioa - Lejona,Euskadi,+34944640572,,,,osm,43.3266399,-2.9876052,2026-05-18
Peluquería Marrakech,Santander,Cantabria,,,,,osm,43.4634933,-3.8113411,2026-05-18
Oscar Peluquería y Estética,Santander,Cantabria,,,,,osm,43.4634342,-3.8113644,2026-05-18
Santa Hair Studio,Santander,Cantabria,,,,,osm,43.463051,-3.8092278,2026-05-18
Più Bella,Santander,Cantabria,+34942792096,,,,osm,43.4631692,-3.8059592,2026-05-18
Alma Ahrena Beauty Center,Málaga,Málaga,,,@almaahrena.beautycenter,,osm,36.7246229,-4.398546,2026-05-18
Nogueiras,Zaragoza,Zaragoza,+34976370299,,,,osm,41.6291278,-0.8879999,2026-05-18
Lupriett Peluqueros,Burjassot,Comunitat Valenciana,+34963117794,,,,osm,39.5104107,-0.4149643,2026-05-18
Peluquería Fran,Santander,Cantabria,+34620122084,,,,osm,43.4629868,-3.8050799,2026-05-18
Arrabal 25 Peluqueros,Santander,Cantabria,+34942363848,,,,osm,43.4634895,-3.8043066,2026-05-18
Peluquería José Díez,Collado Mediano,Madrid,,,,,osm,40.679782,-3.9728548,2026-05-18
Xanela,A Coruña,Galicia,,,,,osm,43.3594286,-8.4085888,2026-05-18
Look Asima,Palma,Illes Balears,,,,,osm,39.5994169,2.6688428,2026-05-18
Dalias,Bunyola,Illes Balears,,,,,osm,39.6601418,2.6670744,2026-05-18
Magda Palmer,Bunyola,Illes Balears,,,,,osm,39.659277,2.6667418,2026-05-18
Salón 21,Santander,Cantabria,+34942396633,,,,osm,43.4637536,-3.807572,2026-05-18
Sandra's,Málaga,Andalucía,,,,,osm,36.7436428,-4.4220274,2026-05-18
Thuiller 44,Málaga,Andalucía,,,,,osm,36.7442613,-4.4219228,2026-05-18
Daniel's Barber Shop,Málaga,Andalucía,,,,,osm,36.7439605,-4.421976,2026-05-18
Estefanía Ramírez,Málaga,Andalucía,,,,,osm,36.7517136,-4.4231859,2026-05-18
Perruqueria Olga,Valls,Catalunya,,,,,osm,41.2625586,1.1706094,2026-05-18
Perruqueria Bea,Valls,Catalunya,,,,,osm,41.2626042,1.1706956,2026-05-18
Ke pelu,Palma,Illes Balears,,,,,osm,39.5945503,2.6913719,2026-05-18
Amrro's Estilistas,Villaviciosa de Odón,Madrid,,,,,osm,40.3573748,-3.907835,2026-05-18
Rosi Taibo,A Coruña,Galicia,,,,,osm,43.3617245,-8.4157519,2026-05-18
Perruqueria Panisello,Alcover,Catalunya,,,,,osm,41.2619584,1.171085,2026-05-18
Paco,Palma,Illes Balears,,,,,osm,39.588804,2.6805955,2026-05-18
Duoestil,Palma,Illes Balears,,,,,osm,39.5892404,2.6818434,2026-05-18
Bolboreta,A Coruña,Galicia,,,,,osm,43.3566376,-8.4041363,2026-05-18
Misti-k,Palma,Illes Balears,,,,,osm,39.5869697,2.6852915,2026-05-18
Carmen Hereza,Huesca/Uesca,Aragón,+34974230630,,,,osm,42.1377609,-0.4191219,2026-05-18
Perruqueria Muntanya,Barcelona,Catalunya,,,,,osm,41.4126396,2.1830735,2026-05-18
Musa,Barcelona,Catalunya,,,,,osm,41.4200658,2.1800829,2026-05-18
Miranda oerruquers,Barcelona,Catalunya,,,,,osm,41.4189758,2.1797356,2026-05-18
Ingrid perruquers,Barcelona,Catalunya,,,,,osm,41.4200172,2.1826236,2026-05-18
Vicenç i Luna,Barcelona,Catalunya,,,,,osm,41.4173916,2.1861542,2026-05-18
Beigé,Barcelona,Catalunya,,,,,osm,41.4157873,2.1905204,2026-05-18
Alternative,Barcelona,Catalunya,,,,,osm,41.4115058,2.1898132,2026-05-18
Estilo 3,Galapagar,Madrid,,,,,osm,40.6442872,-3.9908996,2026-05-18
Brow bay ceja artística,Vilanova i la Geltrú,Catalunya,+34643292986,,,,osm,41.2253729,1.7269355,2026-05-18
Barbería Bola Trece,Galapagar,Madrid,,,,,osm,40.6442668,-3.9907293,2026-05-18
Empire,Barcelona,Catalunya,,,,,osm,41.3916691,2.1735612,2026-05-18
Cizor,Barcelona,Catalunya,,,,,osm,41.3896789,2.1714687,2026-05-18
P Muñoz,Barcelona,Catalunya,,,,,osm,41.3909624,2.1697951,2026-05-18
Estilista Alfredo,Galapagar,Madrid,,,,,osm,40.6326785,-4.0063642,2026-05-18
Nàcher,Palma,Illes Balears,,,,,osm,39.5946222,2.6906867,2026-05-18
Ammad Peluquería,València,Comunitat Valenciana,,,,,osm,39.4711085,-0.3438709,2026-05-18
Sabela,A Coruña,Galicia,,,,,osm,43.3764328,-8.40312,2026-05-18
Mou,Palma,Illes Balears,,,,,osm,39.5838175,2.6813015,2026-05-18
Ramis,Palma,Illes Balears,,,,,osm,39.5839561,2.681006,2026-05-18
Jaime,Palma,Illes Balears,,,,,osm,39.583031,2.6804748,2026-05-18
Adonais,Galapagar,Madrid,,,,,osm,40.630471,-4.0074538,2026-05-18
Mi Pelu,Basauri,Euskadi,,,,,osm,43.211267,-2.8883884,2026-05-18
Nekane estilistas,Basauri,Euskadi,,,,,osm,43.2090562,-2.8856625,2026-05-18
Sonia & Cobo,Palma,Illes Balears,,,,,osm,39.5897645,2.6790653,2026-05-18
Icònic,Palma,Illes Balears,,,,,osm,39.5603954,2.6737806,2026-05-18
Mar García,Arroyo de la Encomienda,Castilla y León,+34983409572,,,https://www.peluqueriamargarcia.es/,osm,41.6252971,-4.7670047,2026-05-18
Lui,A Coruña,Galicia,,,,https://peluqueria-lui.negocio.site/,osm,43.3786467,-8.4006272,2026-05-18
Sara Alba Peluquería,A Coruña,Galicia,,,,,osm,43.3791269,-8.4054041,2026-05-18
Peluquería Antonio Espinosa,Guardamar del Segura,Comunitat Valenciana,,,,,osm,38.0870672,-0.7230688,2026-05-18
Slawa,Barcelona,Catalunya,,,,,osm,41.4073289,2.1934071,2026-05-18
Nibla Cruz,Barcelona,Catalunya,,,,,osm,41.4076362,2.1934195,2026-05-18
Lola's,Santander,Cantabria,+34942311412,peluquerialolas11@gmail.com,,https://peluquerialolas.es,osm,43.4646666,-3.8026393,2026-05-18
Rizzo's,Arrigorriaga,Euskadi,+34946710458,,,,osm,43.2083657,-2.8869793,2026-05-18
Compagnia Bellezza,Barcelona,Catalunya,,,,,osm,41.4119959,2.171382,2026-05-18
Disorder,València,Comunitat Valenciana,+34963237333,disorderpeluqueria@hotmail.es,,,osm,39.4616165,-0.3721873,2026-05-18
Art&Estilo,Bilbao,Vizcaya,,,,,osm,43.2577355,-2.9467104,2026-05-18
Rubén Arnanz,Valladolid,Castilla y León,,,,,osm,41.6545236,-4.7269223,2026-05-18
Segundo,A Coruña,Galicia,,,,,osm,43.3772548,-8.4008491,2026-05-18
Eva Piñeiro,A Coruña,Galicia,,,,,osm,43.3772844,-8.4010968,2026-05-18
Style Makers,Palma,Illes Balears,,,,,osm,39.58812,2.6762373,2026-05-18
Tribeka,Palma,Illes Balears,,,,,osm,39.5821029,2.6757108,2026-05-18
Manoli,Palma,Illes Balears,,,,,osm,39.585503,2.6723364,2026-05-18
Sauvage,Palma,Illes Balears,,,,,osm,39.5855566,2.6722703,2026-05-18
Gipsy king,Palma,Illes Balears,,,,,osm,39.5807894,2.6663778,2026-05-18
Blasco,Palma,Illes Balears,,,,,osm,39.5809988,2.6660957,2026-05-18
Carmen's,Palma,Illes Balears,,,,,osm,39.5816181,2.6747954,2026-05-18
Alexandra,Palma,Illes Balears,,,,,osm,39.5850664,2.67246,2026-05-18
Matices,Palma,Illes Balears,,,,,osm,39.5856499,2.6732317,2026-05-18
Giuseppe,Palma,Illes Balears,,,,,osm,39.5858283,2.6734127,2026-05-18
Aranda,Basauri,Euskadi,,,,,osm,43.2068536,-2.8871166,2026-05-18
BMR,Basauri,Euskadi,,,,,osm,43.2054994,-2.8869443,2026-05-18
MK,Hernani,Euskadi,,,,,osm,43.2663689,-1.9739827,2026-05-18
Sarah,Hernani,Euskadi,,,,,osm,43.2652061,-1.9765668,2026-05-18
María Gorjon,Hernani,Euskadi,,,,,osm,43.2694613,-1.9746117,2026-05-18
Kixki kixki,Hernani,Euskadi,,,,,osm,43.2663874,-1.976195,2026-05-18
Ezkati,Hernani,Euskadi,,,,,osm,43.2659526,-1.9780655,2026-05-18
La Pelu de Txetxu,Salamanca,Castilla y León,,,,,osm,40.9697307,-5.667161,2026-05-18
Lulú,Palma,Illes Balears,,,,,osm,39.5822592,2.6337626,2026-05-18
Key Style,Manresa,Catalunya,+34938740965,,keystyle.manresa,,osm,41.7279998,1.8379483,2026-05-18
Maxoki,Hernani,Euskadi,,,,,osm,43.265907,-1.9751852,2026-05-18
Peluquería Salón Blasco,València,Comunitat Valenciana,,,,,osm,39.4658698,-0.353054,2026-05-18
Cris Barbershop,Eibar,Euskadi,+34642788164,,,,osm,43.1830076,-2.4729589,2026-05-18
Medinova,Madrid,Madrid,,,,,osm,40.4731021,-3.7189404,2026-05-18
Carlota,Errenteria,Euskadi,+34943522402,,,,osm,43.3131412,-1.8998081,2026-05-18
Bio Bela,Castelló de la Plana / Castellón de la Plana,Comunitat Valenciana,,,,,osm,39.98398,-0.0396662,2026-05-18
Arte Danna (peluqueria / estética),Arroyo de la Encomienda,Castilla y León,+34983406685,,,,osm,41.6273301,-4.774234,2026-05-18
Maceiras,A Coruña,Galicia,,,,,osm,43.3570087,-8.4090256,2026-05-18
Duas,A Coruña,Galicia,,,,,osm,43.3571048,-8.4083835,2026-05-18
Shape Salón Peluqueros,Galapagar,Madrid,,,,,osm,40.6275902,-4.0081429,2026-05-18
Estudio 2.14,Granada,Andalucía,+34958167059,,,,osm,37.2111379,-3.6220637,2026-05-18
Le Salon,Barcelona,Catalunya,,,,,osm,41.399701,2.2002314,2026-05-18
Antonio del Río,Galapagar,Madrid,,,,,osm,40.6273587,-4.0113653,2026-05-18
P&P Estilistas,Galapagar,Madrid,,,,,osm,40.6275048,-4.0097644,2026-05-18
Lourido,A Coruña,Galicia,,,,,osm,43.3557856,-8.4097244,2026-05-18
Amigo Perruqueria,L'Hospitalet de Llobregat,Catalunya,+34631641130,,,,osm,41.3501069,2.1104815,2026-05-18
Federico,Guadarrama,Madrid,,,,,osm,40.741807,-4.0550726,2026-05-18
Manolo Garijo,Palma,Illes Balears,,,,,osm,39.5495846,2.7008915,2026-05-18
Agesta,Doneztebe/Santesteban,Navarra,,,,,osm,43.1309654,-1.6706382,2026-05-18
Peluquería Ana Matos,Valverde de Júcar,Castilla-La Mancha,,,,,osm,39.7174179,-2.2197054,2026-05-18
Peluquería Julia López,Valverde de Júcar,Castilla-La Mancha,,,,,osm,39.7169969,-2.2203304,2026-05-18
Peluquería Marisa,Valverde de Júcar,Castilla-La Mancha,,,,,osm,39.7203727,-2.2201945,2026-05-18
Malou,A Coruña,Galicia,,,,,osm,43.3558977,-8.4115122,2026-05-18
Peluquería Stylo Eva,Valverde de Júcar,Castilla-La Mancha,,,,,osm,39.7185837,-2.2211455,2026-05-18
Xestos,A Coruña,Galicia,,,,,osm,43.3555471,-8.4120607,2026-05-18
Suárez,Gijón / Xixón,Asturias / Asturies,,,,,osm,43.5394158,-5.6604118,2026-05-18
Salón Petit,Sestao,Euskadi,,,,,osm,43.2988453,-2.987711,2026-05-18
Juan Galera,Cobreros,Castilla y León,,,,,osm,42.0544549,-6.6298431,2026-05-18
Lleira,A Coruña,Galicia,+34981922350,,,,osm,43.3541781,-8.4088764,2026-05-18
Atrévete,Palma,Illes Balears,,,,,osm,39.5736305,2.7166072,2026-05-18
Fama,Logroño,La Rioja,+34619111203,,,,osm,42.4563181,-2.4308714,2026-05-18
Piscis,Fuenlabrada,Madrid,,,,,osm,40.2951947,-3.7867362,2026-05-18
Galbis Flow,Gijón / Xixón,Asturias / Asturies,,,,,osm,43.5364155,-5.6604224,2026-05-18
Ana Trabanca Estilistas,Galapagar,Madrid,,,,,osm,40.6282794,-4.0056069,2026-05-18
The Barber Shop,Cunit,Catalunya,,,,,osm,41.1963631,1.6349756,2026-05-18
Daniel Romero,Madrid,Madrid,,,,,osm,40.4223706,-3.6866757,2026-05-18
Peluquería Juan Gil,Ludiente,Comunitat Valenciana,+34653848341,,,https://peluqueriajuangil.com/,osm,40.0861438,-0.372331,2026-05-18
Peluquería de caballeros Miro,A Coruña,Galicia,,,,,osm,43.3538444,-8.3992259,2026-05-18
Peluquería Siroco,Gáldar,Canarias,,,,,osm,28.1445545,-15.6539495,2026-05-18
La Petite de Nadia,Gáldar,Canarias,,,,,osm,28.1449118,-15.6577843,2026-05-18
Dailo's Rivero Estilistas,Gáldar,Canarias,,,,,osm,28.1440499,-15.6538761,2026-05-18
Laly'S Peluquería Unisex Y Centro De Belleza,Gáldar,Canarias,,,,,osm,28.1448733,-15.653164,2026-05-18
Peluquería Arami Dory,Gáldar,Canarias,,,,,osm,28.1454426,-15.6536227,2026-05-18
Salón de Belleza Ana Díaz,Gáldar,Canarias,,,,,osm,28.1443768,-15.655192,2026-05-18
Peluquería Pura,Gáldar,Canarias,,,,,osm,28.1443205,-15.6554536,2026-05-18
Siroco Centro de Belleza,Gáldar,Canarias,,,,,osm,28.1446245,-15.6539467,2026-05-18
Peluquería Verónica,Gáldar,Canarias,,,,,osm,28.1460854,-15.6436456,2026-05-18
Maria Luz,A Pobra de Trives,Galicia,,,,,osm,42.3399533,-7.2533039,2026-05-18
Peluquería de Caballeros Pedro,Cádiz,Andalucía,+34956287258,,,,osm,36.5196611,-6.2839181,2026-05-18
Odyssey,Santander,Cantabria,+34942764794,,,,osm,43.4672663,-3.8149449,2026-05-18
La Pelu de Chuspa,Santander,Cantabria,+34942071700,,,,osm,43.4663944,-3.8164254,2026-05-18
Marfil,Santander,Cantabria,+34942051098,,,,osm,43.4665999,-3.8163773,2026-05-18
Barberia Caballero,Barcelona,Catalunya,+34931964526,,,,osm,41.4359456,2.2187218,2026-05-18
Perruquería Fani,Corcubión,Galicia,,,,,osm,42.9445419,-9.1937931,2026-05-18
Carlos,Santander,Cantabria,+34637818031,,,,osm,43.4647494,-3.8193691,2026-05-18
Alicia Bravo,Córdoba,Andalucía,+34957412504,,,https://www.centrodeformacionaliciabravo.es/es/,osm,37.883042,-4.7906467,2026-05-18
Isus,Narón,Galicia,+34981932701,,,http://isuspeluqueros.es/,osm,43.5001924,-8.1907295,2026-05-18
Mercedes G. Menezo,Santander,Cantabria,+34649638772,,,,osm,43.4645065,-3.8201948,2026-05-18
Peluquería S,Santander,Cantabria,+34942345992,,,,osm,43.4644451,-3.8204185,2026-05-18
5 Stars,Santander,Cantabria,,,,,osm,43.4646259,-3.8198486,2026-05-18
Nona,Valladolid,Castilla y León,,,,,osm,41.58773,-4.7265129,2026-05-18
Malik Perruqueria,Barcelona,Barcelona,,,,,osm,41.3749589,2.1330093,2026-05-18
Cisian estilisme i bellesa,Barcelona,Barcelona,+34934905651,,,,osm,41.3746564,2.1328831,2026-05-18
Perruqueria Hassan Ali,Barcelona,Barcelona,,,,,osm,41.3721536,2.128424,2026-05-18
Perruqueria Yolanda,Barcelona,Barcelona,+34934223772,,,,osm,41.3724641,2.1294068,2026-05-18
Perruqueria Basteiro,Barcelona,Barcelona,,,,,osm,41.372191,2.1288119,2026-05-18
Steisy & Mendez Peluquería Unisex,Barcelona,Barcelona,,,,,osm,41.3720385,2.128751,2026-05-18
Helden Estilista,Barcelona,Barcelona,+34679124482,,,,osm,41.3732099,2.1307515,2026-05-18
Con Calma,Zaragoza,Aragón,+34876441123,,,,osm,41.6555736,-0.8809641,2026-05-18
Ana Fombellida,Palencia,Castilla y León,,,,,osm,42.0080251,-4.5287324,2026-05-18
Barbeshop Guardamar,Guardamar del Segura,Comunitat Valenciana,,,,,osm,38.092261,-0.6552298,2026-05-18
Romero,Barcelona,Barcelona,+34933308685,,,,osm,41.3770163,2.1264523,2026-05-18
Divin@s,Barcelona,Barcelona,+34931817704;+34640877767,,,,osm,41.3767449,2.1249763,2026-05-18
Peluquería Ana,Fene,Galicia,,,,,osm,43.4349147,-8.1934294,2026-05-18
Botànix,Canals,Comunitat Valenciana,,,,,osm,38.9627236,-0.5871639,2026-05-18
Verónica Ballesteros,Redondela,Galicia,,,,,osm,42.2804036,-8.6108365,2026-05-18
3lio Barber,Cerdanyola del Vallès,Catalunya,,,,,osm,41.493944,2.1359087,2026-05-18
L&L,Cerdanyola del Vallès,Catalunya,,,,,osm,41.4930572,2.1370528,2026-05-18
Maison Papich et Mamour,Torrevieja,Comunitat Valenciana,,,,,osm,37.957481,-0.7068419,2026-05-18
Moda,Galapagar,Madrid,,,,,osm,40.6294781,-4.0058166,2026-05-18
Barbería Moda,Galapagar,Madrid,,,,,osm,40.6295755,-4.0060304,2026-05-18
Barber Tattoo Tarifa,Tarifa,Andalucía,,,,,osm,36.0133714,-5.6062782,2026-05-18
Serra,Ca'n Picafort,Illes Balears,,,,,osm,39.7640392,3.1505831,2026-05-18
Peluquería Ella y Él,Vitoria-Gasteiz,Euskadi,,,,,osm,42.8447789,-2.6843495,2026-05-18
Perruqueria Homes Luquin,Barcelona,Barcelona,,,,,osm,41.3757078,2.1261407,2026-05-18
Pilar Tomas Unisex,Barcelona,Barcelona,+34934408948,,,,osm,41.3761922,2.1255196,2026-05-18
Robi,Calonge i Sant Antoni,Catalunya,,,,,osm,41.8472814,3.1053211,2026-05-18
C&C Acadèmia Casanova Barcelona (Sants),Barcelona,Barcelona,+34934402656,,,https://www.academiacasanova.com/,osm,41.3757815,2.122507,2026-05-18
Soul Barcelona Perruqueres,Barcelona,Barcelona,+34933344639,,,,osm,41.376509,2.1218875,2026-05-18
Esenzial,Barcelona,Barcelona,+34934407617,,,,osm,41.3757825,2.122319,2026-05-18
Aire Joven,Las Palmas de Gran Canaria,Canarias,,,,,osm,28.1495627,-15.4262485,2026-05-18
Peluquería Morales,Las Palmas de Gran Canaria,Canarias,,,,,osm,28.1492956,-15.4271231,2026-05-18
Paco Miranda,Las Palmas de Gran Canaria,Canarias,,,,,osm,28.1493041,-15.4277647,2026-05-18
Oliver Peluqueros,Las Palmas de Gran Canaria,Canarias,,,,,osm,28.1504853,-15.4237465,2026-05-18
Glez. Mar Peluquería,Las Palmas de Gran Canaria,Canarias,,,,,osm,28.149284,-15.429531,2026-05-18
Gb peluqueros,Madrid,Madrid,,,,,osm,40.4012172,-3.660563,2026-05-18
Peluquería Canina Santos,Orihuela,Comunitat Valenciana,,,,,osm,38.0743972,-0.9254329,2026-05-18
Boan perruqueres,Barcelona,Barcelona,+34934214078,,,,osm,41.3753206,2.1274457,2026-05-18
"Perruqueria Tània, centre de la imatge",Barcelona,Barcelona,+34934212879,,,,osm,41.3748837,2.126498,2026-05-18
Peluquería Chester,Castro-Urdiales,Cantabria,,,,,osm,43.3837463,-3.2207416,2026-05-18
Look,Gandia,Comunitat Valenciana,,,,,osm,38.9659246,-0.1916163,2026-05-18
La barbería de Max,Gandia,Comunitat Valenciana,,,,,osm,38.9665732,-0.1915103,2026-05-18
ECOiffure,Ferrol,Galicia,+34881932187,,,,osm,43.4854977,-8.2293049,2026-05-18
Arce,Ferrol,Galicia,,,,,osm,43.4841137,-8.2345484,2026-05-18
Mi Peluquería,Santander,Cantabria,+34942312575,,,,osm,43.4691932,-3.8085705,2026-05-18
Adara,Madrid,Madrid,+34912963166,,,,osm,40.4162326,-3.6762205,2026-05-18
Goyla,A Feira do Monte,Galicia,,,,,osm,43.2369489,-7.5595934,2026-05-18
Perruqueiros Nube,A Fonsagrada,Galicia,+34982340317,,,,osm,43.1259698,-7.0698976,2026-05-18
A Nosa,Santiago de Compostela,Galicia,,,,,osm,42.8720463,-8.5491116,2026-05-18
Vero's,Narón,Galicia,,,,,osm,43.5023185,-8.1926429,2026-05-18
Veroestilistas,Narón,Galicia,,,,,osm,43.4996741,-8.2009875,2026-05-18
Home -dona,Anglès,Catalunya,+34972420666,,,,osm,41.9686519,2.6206616,2026-05-18
Acentos,Narón,Galicia,+34981389458,,,,osm,43.5079961,-8.1833338,2026-05-18
Azul y Blanco,Campo de Criptana,Castilla-La Mancha,,,,,osm,39.4023954,-3.1324642,2026-05-18
Marta Neira,Ferrol,Galicia,+34881936875;+34618455355,,,,osm,43.491672,-8.2157353,2026-05-18
Peluquería Strass,Santander,Cantabria,,,,,osm,43.4686837,-3.7930356,2026-05-18
Peluquería Pilar Moratón,Santander,Cantabria,,,,,osm,43.4693269,-3.7933985,2026-05-18
Peliqueria Maria Angeles,Sant Vicenç dels Horts,Catalunya,,,,,osm,41.4484412,1.9760825,2026-05-18
Le Petit Salon de Miriam,Sant Vicenç dels Horts,Catalunya,,,,,osm,41.4480007,1.9766724,2026-05-18
Shampu,Sant Vicenç dels Horts,Catalunya,,,,,osm,41.4478383,1.9770182,2026-05-18
Layfer,Zaragoza,Aragón,,,,,osm,41.6300318,-0.8852371,2026-05-18
Etelvina Ortiz,Madrid,Madrid,+34917511859,,,,osm,40.4081678,-3.6398202,2026-05-18
Peluquería Lorena,Madrid,Madrid,+34914302204;+34618361199,,,,osm,40.4094484,-3.6424674,2026-05-18
Núri,Anglès,Catalunya,,,,,osm,41.9690679,2.6205255,2026-05-18
L'Ateneu,Anglès,Catalunya,,,,,osm,41.9678015,2.6212797,2026-05-18
Joaquín,Vigo,Galicia,,,,,osm,42.2243827,-8.7292761,2026-05-18
Korplas Peluqueros,Villaviciosa de Odón,Madrid,,,,,osm,40.3576467,-3.9019834,2026-05-18
José Luis y Pilar Peluqueros,Madrid,Madrid,+34914391038,,,,osm,40.4096094,-3.6473287,2026-05-18
Peluquería Bucles,Santander,Cantabria,+34942313115,,,,osm,43.4692921,-3.8010873,2026-05-18
Peluquería Ambro Unisex,Terrassa,Catalunya,+34937804088,,,,osm,41.5572231,1.9999482,2026-05-18
Beatriz Santos,Huelva,Andalucía,,,,,osm,37.2606951,-6.9466237,2026-05-18
Pivot Point Academia de Peluquería,Huelva,Andalucía,,,,,osm,37.2597056,-6.9470515,2026-05-18
El Club Peluquería,Aljaraque,Andalucía,,,,,osm,37.2591154,-6.9518535,2026-05-18
SalonJQ,Puertito de Güímar,Canarias,+34922456288,salon@juanraquintero.com,,https://www.juanraquintero.com/,osm,28.2966553,-16.3750999,2026-05-18
Peluquería Freya,Nerva,Andalucía,,,,,osm,37.6983308,-6.5506998,2026-05-18
Majesticbarber,Nerva,Andalucía,,,,,osm,37.6969041,-6.5500565,2026-05-18
Beni Calero & Toñi Maña estilistas,Huelva,Andalucía,,,,,osm,37.2744461,-6.9353946,2026-05-18
Roses,Santander,Cantabria,+34942282912,,,,osm,43.4695004,-3.7996757,2026-05-18
Sonia Barreira,A Coruña,Galicia,,,,,osm,43.3583787,-8.4094819,2026-05-18
Mary Feli,Cistierna,Castilla y León,,,,,osm,42.8042857,-5.1288552,2026-05-18
Edith,Cistierna,Castilla y León,,,,,osm,42.8033989,-5.1282177,2026-05-18
Ritmox,León,Castilla y León,,,,,osm,42.5874531,-5.5691116,2026-05-18
Yula estilistas,León,Castilla y León,,,,,osm,42.5922473,-5.5748392,2026-05-18
Nazareth,León,Castilla y León,,,,,osm,42.5868946,-5.5674232,2026-05-18
Tussen by María Lazz,Zaragoza,Aragón,,,,,osm,41.6389367,-0.8857104,2026-05-18
Merce,Salardú,Catalunya,,,,,osm,42.7073351,0.9024517,2026-05-18
Peluquería Aida,Piloña,Asturias / Asturies,,,,,osm,43.3602582,-5.2542875,2026-05-18
Inés Estilisme,Sierra Engarcerán,Comunitat Valenciana,,,,,osm,40.2695577,-0.0186803,2026-05-18
Perruqueria Rinxols d'Or,Abrera,Catalunya,,,,,osm,41.4742775,1.9287235,2026-05-18
Ricardo Peluquero,Logroño,La Rioja,,,,,osm,42.4562106,-2.4380076,2026-05-18
Anima Lliure,Abrera,Catalunya,+34653695491,animalliuremartorell@gmail.com,,,osm,41.4742786,1.9287683,2026-05-18
Peluquería Albamar,Cehegín,Murcia,,,,,osm,38.092722,-1.7873505,2026-05-18
Isabel Teruel,Cehegín,Murcia,,,,,osm,38.0925978,-1.7865951,2026-05-18
Peluqueria Ana Blanco,Santander,Cantabria,+34942070942,,,,osm,43.4685425,-3.7981463,2026-05-18
Lucrecia Martínez,Santander,Cantabria,+34942227134,,,,osm,43.4686864,-3.805102,2026-05-18
Brushes,Madrid,Madrid,,,,,osm,40.4177833,-3.6639389,2026-05-18
La Barberia de Juan,Sestao,Euskadi,,,,,osm,43.3215945,-2.9871686,2026-05-18
Modino's,Sestao,Euskadi,,,,,osm,43.3231366,-2.9872223,2026-05-18
Tris Tras,Sestao,Euskadi,,,,,osm,43.3235199,-2.9864494,2026-05-18
Cristina Bao,A Coruña,Galicia,,,,,osm,43.358642,-8.41792,2026-05-18
La Peluquería by Amparo Carrió,València,Comunitat Valenciana,,,,,osm,39.4850542,-0.3717837,2026-05-18
La oveja negra,Jaén,Andalucía,+34953006173,,,,osm,37.7773561,-3.787932,2026-05-18
Peluquería Kuttuna Ileapaindegia,Pamplona / Iruña,Navarra,,,,,osm,42.8050343,-1.6766044,2026-05-18
Peluquería La Florida,Oviedo,Asturias / Asturies,,,,,osm,43.3666972,-5.8751808,2026-05-18
Lydia Castrosín,Oviedo,Asturias / Asturies,+34985273807,,,http://www.lydiacastrosin.es/,osm,43.3672871,-5.8741485,2026-05-18
Peluquería Laura López,Santander,Cantabria,+34942311566,,,,osm,43.4688376,-3.8031378,2026-05-18
Eva Primoy,Ferrol,Galicia,+34696229942,,,,osm,43.4838136,-8.2257694,2026-05-18
Hair Time,Lugo,Galicia,,,,,osm,43.0120483,-7.5597991,2026-05-18
Peluquería Kor-t,Soria,Castilla y León,,,,,osm,41.7661733,-2.4704741,2026-05-18
Peluquería Unisex Newlook,Sevilla,Sevilla,+34954612956,,,,osm,37.3480353,-5.9807252,2026-05-18
Juanlu Cortes,Almería,Andalucía,,,,,osm,36.8502852,-2.3092054,2026-05-18
Patricia Pose,A Coruña,Galicia,,,,,osm,43.3593275,-8.421464,2026-05-18
Alizia,Palencia,Castilla y León,,,,,osm,42.0002602,-4.5215186,2026-05-18
Verónica Rico,Palencia,Castilla y León,,,,,osm,42.0084293,-4.5325853,2026-05-18
Alexandra Peluquería,Santander,Cantabria,+34942071626,,,,osm,43.4680595,-3.8061592,2026-05-18
Elite,Benidorm,Comunitat Valenciana,,,,,osm,38.5343395,-0.1092795,2026-05-18
Joselito,Benidorm,Comunitat Valenciana,,,,,osm,38.5361763,-0.1177536,2026-05-18
La Isla,Felanitx,Illes Balears,,,,,osm,39.4685451,3.1490351,2026-05-18
Peluquería Nuria,Pesquera de Duero,Castilla y León,+34983870176,,,,osm,41.640949,-4.1568603,2026-05-18
Salón de Peluquería Reina Mercedes,Sevilla,Sevilla,+34954621201,,,,osm,37.3605348,-5.9859811,2026-05-18
María Sánchez,Madrid,Madrid,,,,,osm,40.46453,-3.7241477,2026-05-18
Fran Vizcaya BarberShop,Sevilla,Sevilla,+34658173246,,,https://fran-vizcaya-barbershop.negocio.site/,osm,37.3751783,-5.9998596,2026-05-18
Sonia Ferrer,Zaragoza,Aragón,,,,,osm,41.6315212,-0.8842869,2026-05-18
Acqua peluqueros,Bilbao,Euskadi,+34944223276,,,,osm,43.2594233,-2.9396689,2026-05-18
Es Cantó,Palma,Illes Balears,,,,,osm,39.6229413,2.6545347,2026-05-18
Gusta T,Sestao,Euskadi,,,,,osm,43.3223853,-2.9843372,2026-05-18
Verónica López,Benia de Onís,Asturias / Asturies,+34606768578,,,,osm,43.3345028,-4.9692515,2026-05-18
Peluquería Villar,Viveiro,Galicia,,,,,osm,43.6621203,-7.5937672,2026-05-18
Peluquería Carmen Díaz,Viveiro,Galicia,,,,,osm,43.662291,-7.5935311,2026-05-18
Peluquería América,Santander,Cantabria,+34942221257,,,,osm,43.4679901,-3.802582,2026-05-18
Kolosseum,Granada,Andalucía,+34958521495,,,http://www.kolosseumpeluquerias.es,osm,37.1698538,-3.5995337,2026-05-18
Peluquería Ana Aja,Santander,Cantabria,+34942278137,,,,osm,43.4686643,-3.7944694,2026-05-18
Israel Terán Peluqueros,Santander,Cantabria,+34942135979,,,,osm,43.4685253,-3.7953448,2026-05-18
Bene,Benidorm,Comunitat Valenciana,,,,,osm,38.5357829,-0.1307232,2026-05-18
Bea Chisari,Benidorm,Comunitat Valenciana,,,,,osm,38.5384002,-0.1356798,2026-05-18
Fernando,Benidorm,Comunitat Valenciana,,,,,osm,38.5397161,-0.1326024,2026-05-18
Extensión,A Coruña,Galicia,,,,,osm,43.3529586,-8.3962887,2026-05-18
Sintzazu,Madrid,Madrid,,,,,osm,40.4044297,-3.6757108,2026-05-18
Fina Bartina,Tortellà,Catalunya,,,,,osm,42.2342121,2.629834,2026-05-18
Barbería Salvi,Padul,Andalucía,,,,,osm,37.0239627,-3.6257785,2026-05-18
Peluquería Mariola Charraza,Guardamar del Segura,Comunitat Valenciana,+34966714763,,,,osm,38.0883269,-0.7287515,2026-05-18
VZLA Peluquería Barbería,A Coruña,Galicia,,,,,osm,43.3522368,-8.3920317,2026-05-18
Ruth González Peluquería Unisex,Santander,Cantabria,+34942055121,,,,osm,43.4686025,-3.7975774,2026-05-18
Peluquería Renova's,Santander,Cantabria,+34942218475,,,,osm,43.4689346,-3.7968602,2026-05-18
Agarimo,A Coruña,Galicia,,,,,osm,43.3672435,-8.4218196,2026-05-18
Vidal,A Coruña,Galicia,,,,,osm,43.3675672,-8.4222224,2026-05-18
Michele,A Coruña,Galicia,,,,,osm,43.3677479,-8.4228188,2026-05-18
Peluquería MOGA,Sevilla,Andalucía,+34954693181,,,,osm,37.3319105,-5.96663,2026-05-18
Jean Claude Olivier Peluqueros,Santander,Cantabria,+34942108517,,,https://jeanclaudeolivier.com/,osm,43.4692596,-3.7964581,2026-05-18
Paky,Padul,Andalucía,,,,,osm,37.0247398,-3.6234027,2026-05-18
Cesca,Sant Pere de Torelló,Catalunya,,,,,osm,42.0749589,2.2944551,2026-05-18
Stylo 21,Benidorm,Comunitat Valenciana,+34630118146,,,https://stylo21peluqueria.com/,osm,38.5394944,-0.1314012,2026-05-18
Vlance,Benidorm,Comunitat Valenciana,,,,,osm,38.5377842,-0.1218846,2026-05-18
Plattino,Granada,Andalucía,+34958296431,,,https://www.plattino.com/,osm,37.1751942,-3.6033493,2026-05-18
Tao Estilistas,Granada,Andalucía,+34958255509,info@taoestilistas.com,,https://taoestilistas.com,osm,37.1752159,-3.6030144,2026-05-18
Masters Peluqueros,Granada,Andalucía,,,,,osm,37.1754458,-3.6022845,2026-05-18
Carmen Ríos,Granada,Andalucía,,,,,osm,37.1755993,-3.6021806,2026-05-18
GR Barber,Eibar,Euskadi,,,,,osm,43.1848917,-2.4725688,2026-05-18
Poli 'd,Arroyo de la Encomienda,Castilla y León,,,,,osm,41.625441,-4.7720606,2026-05-18
Estètica Desitjos,Bescanó,Catalunya,,,,,osm,41.9689212,2.6697799,2026-05-18
Kezia peluqueros,Salamanca,Castilla y León,,,,,osm,40.9615458,-5.6643413,2026-05-18
Marisa Otero,A Coruña,Galicia,,,,,osm,43.3458978,-8.4058505,2026-05-18
Perruqueria Montserrat,Barcelona,Catalunya,,,,,osm,41.4218661,2.1745073,2026-05-18
Perruqueria Susana Cases,Barcelona,Catalunya,,,,,osm,41.4285671,2.1785845,2026-05-18
Barbería Roble,Padul,Andalucía,,,,,osm,37.0233751,-3.6281543,2026-05-18
Angel,Sestao,Euskadi,,,,,osm,43.2759501,-2.9719677,2026-05-18
Violeta,Benidorm,Comunitat Valenciana,+34653911498,,,,osm,38.5372662,-0.1188283,2026-05-18
Guapix,Benidorm,Comunitat Valenciana,+34965853637,,,https://www.guapix.es/,osm,38.536871,-0.1279511,2026-05-18
Syolo,Benidorm,Comunitat Valenciana,+34966809684,,,,osm,38.540733,-0.1238868,2026-05-18
Manuel Peluqueros,Sevilla,Sevilla,,,,,osm,37.3830485,-6.01209,2026-05-18
Peluquería Gloss,Ejea de los Caballeros,Aragón,,,,,osm,42.125017,-1.1380769,2026-05-18
La Grada,Madrid,Madrid,,,,,osm,40.4779702,-3.6985026,2026-05-18
Mago,Madrid,Madrid,,,,,osm,40.4768042,-3.715487,2026-05-18
Beatriz Huerga,León,Castilla y León,,,,,osm,42.5896667,-5.5633757,2026-05-18
Hele,León,Castilla y León,,,,,osm,42.5882262,-5.5630904,2026-05-18
Mon Ferbal,Boiro,Galicia,,,,,osm,42.6453005,-8.891026,2026-05-18
Los más bárbaros,Torrelodones,Madrid,,,,,osm,40.5688847,-3.9204108,2026-05-18
Barbería Eugenio Sainz,Sevilla,Sevilla,+34645772328,,,,osm,37.3849484,-6.006038,2026-05-18
Xovial,A Coruña,Galicia,,,,,osm,43.3493805,-8.3973526,2026-05-18
Marila,A Coruña,Galicia,,,,,osm,43.3489969,-8.3959201,2026-05-18
Os Castros,A Coruña,Galicia,,,,,osm,43.352078,-8.3883707,2026-05-18
Michel,Zaragoza,Aragón,,,,,osm,41.631164,-0.8865701,2026-05-18
Peluquería Esther,Sevilla,Sevilla,+34954278911,,,,osm,37.3800162,-5.9993163,2026-05-18
Virginia & Go!,Sevilla,Sevilla,+34673379133,,,,osm,37.380224,-5.9993115,2026-05-18
Imaxe,Abegondo,Galicia,,,,,osm,43.2436247,-8.2764889,2026-05-18
Salon 12,Beniarbeig,Comunitat Valenciana,,,,,osm,38.7926546,-0.0279055,2026-05-18
Jian Fang,Benidorm,Comunitat Valenciana,,,,,osm,38.5394842,-0.1161393,2026-05-18
Venus,Benidorm,Comunitat Valenciana,+34681241509,,,,osm,38.5398692,-0.1176888,2026-05-18
Ermelinda,Benidorm,Comunitat Valenciana,,,,,osm,38.5396888,-0.1182894,2026-05-18
Omars,Benidorm,Comunitat Valenciana,,,,,osm,38.5396239,-0.1187559,2026-05-18
Santacreu,Benidorm,Comunitat Valenciana,,,,,osm,38.5396832,-0.1200115,2026-05-18
Pilar Zaragoza,Benidorm,Comunitat Valenciana,,,,,osm,38.5401546,-0.1218658,2026-05-18
Studio 54,Benidorm,Comunitat Valenciana,+34965851182,,,,osm,38.5404302,-0.1225092,2026-05-18
1+1,Benidorm,Comunitat Valenciana,,,,,osm,38.5384714,-0.1234515,2026-05-18
Montecarlo,Benidorm,Comunitat Valenciana,+34667360496,,,,osm,38.5355327,-0.1031865,2026-05-18
City Cuts,Benidorm,Comunitat Valenciana,+34965081823,,,,osm,38.5361869,-0.1053202,2026-05-18
Daniel,Benidorm,Comunitat Valenciana,,,,,osm,38.5362244,-0.1054514,2026-05-18
Simona's,Benidorm,Comunitat Valenciana,+34966806155,,,,osm,38.5362763,-0.1056913,2026-05-18
Ibañez Peluqueros,Sevilla,Andalucía,+34954341900,,,,osm,37.378087,-6.0124867,2026-05-18
Oscar Ledesma,Sestao,Euskadi,,,,,osm,43.3170296,-3.0230672,2026-05-18
Diverpelu,Santander,Cantabria,+34942048929,,,,osm,43.4539943,-3.8132393,2026-05-18
Trisquel,A Coruña,Galicia,,,,,osm,43.3507919,-8.3947369,2026-05-18
Peluquería Inma,Jaca,Aragón,,,,,osm,42.5744429,-0.5459396,2026-05-18
Teo,Benidorm,Comunitat Valenciana,,,,,osm,38.53762,-0.106833,2026-05-18
Peluquería Anne,Benidorm,Comunitat Valenciana,,,,,osm,38.5368262,-0.1065276,2026-05-18
Jaime Ferrer,Benidorm,Comunitat Valenciana,,,,,osm,38.5389958,-0.1087383,2026-05-18
Nerea Galaguerr,Sestao,Euskadi,,,,,osm,43.3162704,-2.9834704,2026-05-18
Txaro,Sestao,Euskadi,,,,,osm,43.3164042,-2.9825958,2026-05-18
Artazi,Sestao,Euskadi,,,,,osm,43.3157813,-2.9841221,2026-05-18
J. Arias,Sestao,Euskadi,,,,,osm,43.3162373,-2.9828852,2026-05-18
Beauty,A Coruña,Galicia,,,,,osm,43.3646683,-8.4187036,2026-05-18
Xaira,A Coruña,Galicia,,,,,osm,43.3639804,-8.4202641,2026-05-18
Naim,Sestao,Euskadi,,,,,osm,43.3166767,-2.9833921,2026-05-18
Koketas,Santander,Cantabria,,,,,osm,43.4543352,-3.8179133,2026-05-18
Elimays Salon,Benidorm,Comunitat Valenciana,,,,,osm,38.5343667,-0.108252,2026-05-18
Hair Design By Henk,Benidorm,Comunitat Valenciana,+34611219840,,,,osm,38.5345596,-0.1079732,2026-05-18
Marce e Isa,Benidorm,Comunitat Valenciana,+34966806645,,,,osm,38.534632,-0.1084077,2026-05-18
Pamela,Benidorm,Comunitat Valenciana,,,,,osm,38.5349963,-0.1087706,2026-05-18
Islav,Benidorm,Comunitat Valenciana,,,,,osm,38.5353101,-0.1131328,2026-05-18
Baires,A Coruña,Galicia,,,,,osm,43.3618803,-8.4217688,2026-05-18
Goretty Peluqueros,Viveiro,Galicia,,,,,osm,43.6679131,-7.6041378,2026-05-18
Peluquería de Caballeros Luis,Santander,Cantabria,+34942070010,,,,osm,43.4557888,-3.8171099,2026-05-18
Perruqueria internacional,Barcelona,Catalunya,,,,,osm,41.4007321,2.2040822,2026-05-18
X Style,Barcelona,Catalunya,,,,,osm,41.4021379,2.2019121,2026-05-18
Bollywood,Barcelona,Catalunya,,,,,osm,41.4003102,2.2047082,2026-05-18
Perruqueria Hedri,Barcelona,Catalunya,,,,,osm,41.4018464,2.2023744,2026-05-18
Mayte Rubio,Pamplona / Iruña,Navarra,,,,,osm,42.8042158,-1.6862886,2026-05-18
Peluquería Orgánica Eco Chic,Pamplona / Iruña,Navarra,,,,,osm,42.8056878,-1.6889118,2026-05-18
Rosana y Virginia,Pamplona / Iruña,Navarra,,,,,osm,42.8051014,-1.6900786,2026-05-18
Alicia Chicote Gil,Pamplona / Iruña,Navarra,,,,,osm,42.8025771,-1.6834685,2026-05-18
Peluquería Alfonso,Pamplona / Iruña,Navarra,,,,,osm,42.8022116,-1.6841037,2026-05-18
Peluquería Amparo,Pamplona / Iruña,Navarra,,,,,osm,42.8053017,-1.6742327,2026-05-18
Mª Belén San José,Valladolid,Castilla y León,,,,,osm,41.6597759,-4.7213236,2026-05-18
Rustic barber,Barcelona,Catalunya,,,,,osm,41.4037083,2.2035571,2026-05-18
Maloa Moscato,Barcelona,Catalunya,,,,,osm,41.40442,2.2041025,2026-05-18
Barber club,Barcelona,Catalunya,,,,,osm,41.4037271,2.2035782,2026-05-18
Montse,Barcelona,Catalunya,,,,,osm,41.4026577,2.2017955,2026-05-18
Araceli,Sotopalacios,Castilla y León,,,,,osm,42.4338817,-3.6810285,2026-05-18
M.J. Piñas,Trujillo,Extremadura,,,,,osm,39.457452,-5.8803332,2026-05-18
Peluquería Aurora,Valdoviño,Galicia,,,,,osm,43.5638212,-8.2079436,2026-05-18
Peluquería Francis,Madrid,Madrid,+34695385836,,,,osm,40.4216637,-3.7065235,2026-05-18
Aneka,Valladolid,Castilla y León,,,,,osm,41.6607073,-4.7206379,2026-05-18
Rizzola,A Coruña,Galicia,,,,,osm,43.3419851,-8.406482,2026-05-18
Peluquería Beatriz Martín Estilistas,Atarfe,Andalucía,,,,,osm,37.2248602,-3.6784088,2026-05-18
Barbers Bárbaro,Madrid,Madrid,+34626379091,,,,osm,40.4243436,-3.7061232,2026-05-18
Davis & Isaac,Granada,Andalucía,,,,,osm,37.1668797,-3.6029175,2026-05-18
Peluquería Norton,Valladolid,Castilla y León,,,,,osm,41.6618993,-4.7195285,2026-05-18
Peluquería Manuel Rengel,Huelva,Andalucía,,,,,osm,37.2601394,-6.9443188,2026-05-18
Mugika,Sestao,Euskadi,,,,,osm,43.2972218,-2.9918016,2026-05-18
Palomera,Sestao,Euskadi,,,,,osm,43.2966003,-2.9915317,2026-05-18
Marino,Valladolid,Castilla y León,,,,,osm,41.6607464,-4.7208725,2026-05-18
Fashion Kids,Torrejón de Ardoz,Madrid,,,,,osm,40.4768552,-3.4797973,2026-05-18
Tere´s,Valladolid,Castilla y León,,,,,osm,41.657588,-4.720958,2026-05-18
Mónica G.,Sestao,Euskadi,,,,,osm,43.2967187,-2.9907076,2026-05-18
Marian Perruqueria,L'Hospitalet de Llobregat,Catalunya,,,,,osm,41.3504588,2.1096054,2026-05-18
Torriani,Santa Cruz de Tenerife,Canarias,+34922260004,,,,osm,28.4845132,-16.3143368,2026-05-18
Laura Mínguez,Valladolid,Castilla y León,,,,,osm,41.6594903,-4.71453,2026-05-18
Martin Reyes,Icod de los Vinos,Canarias,,,,,osm,28.3671693,-16.7182275,2026-05-18
Zeus,Palencia,Castilla y León,,,,,osm,42.0004725,-4.523931,2026-05-18
Ivette,Palencia,Castilla y León,,,,,osm,41.9999576,-4.5257478,2026-05-18
Mary Mar,Palencia,Castilla y León,,,,,osm,42.0013427,-4.525581,2026-05-18
La Nueva Perfecta,Madrid,Madrid,,,,,osm,40.426727,-3.7075623,2026-05-18
D Raya,Sevilla,Sevilla,+34612268515,,,,osm,37.4004009,-5.9902011,2026-05-18
Piu Bella,Palma,Illes Balears,,,,,osm,39.5778744,2.6630725,2026-05-18
the barber shop osman,Palma,Illes Balears,,,,,osm,39.5782241,2.6639974,2026-05-18
Leonor Sans,Palma,Illes Balears,,,,,osm,39.5552849,2.692387,2026-05-18
NiM Salón,Madrid,Madrid,+34912215350,,,https://nimsalon.com/,osm,40.4261826,-3.7084353,2026-05-18
AJ The Barber Shop,Madrid,Madrid,+34643435464,,,https://www.ajthebarbershop.com/,osm,40.3910287,-3.7649628,2026-05-18
C&C,Palma,Illes Balears,,,,,osm,39.5813777,2.6768957,2026-05-18
Peluquería Loreto,Barcelona,Catalunya,,,,,osm,41.3886953,2.1419357,2026-05-18
Luxus by Sara,Palma,Illes Balears,,,,,osm,39.5538199,2.6925426,2026-05-18
Karmiña,Cacheiras,Galicia,,,,,osm,42.7987576,-8.4711252,2026-05-18
Carnita colorist,San Miguel de Abona,Canarias,,,,,osm,28.033194,-16.5627445,2026-05-18
Mia Estilistas,Pamplona / Iruña,Navarra,,,,,osm,42.8212737,-1.6496521,2026-05-18
La Barbería Guerrero,Torrejón de Ardoz,Madrid,+34916773988,franmaguerrerof@yahoo.es,,https://la-barberia-guerrero.webnode.es,osm,40.4582684,-3.4703782,2026-05-18
Miriam Abascal,Barakaldo,Euskadi,,,,,osm,43.296132,-2.9856903,2026-05-18
Jean Claude Olivier Peluqueros,Sevilla,Andalucía,+34955188428,,,https://jcolivier.com/,osm,37.3756413,-5.997304,2026-05-18
N&L,Sestao,Euskadi,,,,,osm,43.2841864,-2.9838669,2026-05-18
Andrea Strada,Sestao,Euskadi,,,,,osm,43.2833179,-2.9823664,2026-05-18
The Barber's Style,Sestao,Euskadi,,,,,osm,43.2839326,-2.9836992,2026-05-18
Nia,Sestao,Euskadi,,,,,osm,43.280992,-2.9844075,2026-05-18
Rulo's,Palma,Illes Balears,,,,,osm,39.5638734,2.6009289,2026-05-18
Gum,Móstoles,Madrid,,,,,osm,40.3123929,-3.8668496,2026-05-18
Manuel Mora,Madrid,Madrid,,,,,osm,40.4773491,-3.7042761,2026-05-18
Ni un pelo de tonto,Sestao,Euskadi,,,,,osm,43.281249,-2.9823267,2026-05-18
Raúl y Laura,Sestao,Euskadi,,,,,osm,43.3078559,-2.9984908,2026-05-18
Maia Alonso,Sestao,Euskadi,,,,,osm,43.3091857,-3.0049831,2026-05-18
Soco & Olga,A Coruña,Galicia,+34981907913,,,,osm,43.354373,-8.3985462,2026-05-18
Peluquería de Caballeros Vales,A Coruña,Galicia,,,,,osm,43.3543563,-8.3977164,2026-05-18
MB Perruqueiras,A Coruña,Galicia,,,,,osm,43.3543679,-8.3981695,2026-05-18
Lopez,Sestao,Euskadi,,,,,osm,43.3099184,-3.0072629,2026-05-18
Pettine,A Coruña,Galicia,+34881994162,,,,osm,43.3543709,-8.3998198,2026-05-18
Mariquiña,A Coruña,Galicia,,,,,osm,43.3540283,-8.3979879,2026-05-18
Chusi,Gijón / Xixón,Asturias / Asturies,,,,,osm,43.5387144,-5.7021298,2026-05-18
Mylord,Santander,Cantabria,+34942310563,,,,osm,43.4549538,-3.8156456,2026-05-18
Barlos,Santander,Cantabria,,,,,osm,43.4550191,-3.8154447,2026-05-18
Ana Morgado,Sestao,Euskadi,,,,,osm,43.2979259,-2.9866184,2026-05-18
BelCas,Ferrol,Galicia,,,,,osm,43.4893256,-8.2191529,2026-05-18
Fucsia,Santander,Cantabria,,,,,osm,43.4565827,-3.8155993,2026-05-18
Oliver,Valladolid,Valladolid,,,,,osm,41.6581893,-4.718822,2026-05-18
Peluquería Asun Espino,Santander,Cantabria,+34942224051,,,,osm,43.4560873,-3.8131673,2026-05-18
Mada Estilistas,Alqueries,Comunitat Valenciana,+34964517891,,,,osm,39.8980829,-0.1156,2026-05-18
Sabela Ríos,Santiago de Compostela,Galicia,,,,,osm,42.8621899,-8.6456172,2026-05-18
Pato Peluqueros,Ames,Galicia,,,,,osm,42.860404,-8.6506109,2026-05-18
Peluquería Elsa Batista,Las Palmas de Gran Canaria,Canarias,,,,,osm,28.1498816,-15.4286179,2026-05-18
PedRodríguez,Las Palmas de Gran Canaria,Canarias,,,,,osm,28.1504762,-15.4272262,2026-05-18
Nacho de la Fe,Las Palmas de Gran Canaria,Canarias,,,,,osm,28.1507785,-15.425677,2026-05-18
Peluquería Dunia,Las Palmas de Gran Canaria,Canarias,,,,,osm,28.1510002,-15.4229639,2026-05-18
Peluquería Lizbeth,Atarfe,Andalucía,+34958438308,,,,osm,37.2236439,-3.6894225,2026-05-18
María Nieto Peluqueros,Atarfe,Andalucía,+34659007386,,,,osm,37.2271438,-3.6873369,2026-05-18
Minerva Jiménez,Atarfe,Andalucía,,,,,osm,37.2250565,-3.6875217,2026-05-18
Temps Divin,Atarfe,Andalucía,,,,,osm,37.2267808,-3.6838367,2026-05-18
Leyva Leal,Atarfe,Andalucía,,,,,osm,37.2253905,-3.6806922,2026-05-18
Veredette,Sestao,Euskadi,,,,,osm,43.2946424,-2.9867958,2026-05-18
Sandra Guerrero,Sestao,Euskadi,,,,,osm,43.2940803,-2.9860118,2026-05-18
NOVANS Perruqueria i Assessorament d'imatge,Barcelona,Catalunya,,,,,osm,41.3668265,2.0558113,2026-05-18
Illetes,Calvià,Illes Balears,,,,,osm,39.5443245,2.5945906,2026-05-18
Dude,Calvià,Illes Balears,,,,,osm,39.5440426,2.5951001,2026-05-18
María Aguado,Santander,Cantabria,+34942211503,,,,osm,43.4569839,-3.8123122,2026-05-18
Ana Lasa,Gijón / Xixón,Asturias / Asturies,,,,,osm,43.5317885,-5.6631544,2026-05-18
Colorines,Gijón / Xixón,Asturias / Asturies,,,,,osm,43.5317901,-5.6632216,2026-05-18
Perruqueria Vanessa Gata,Menàrguens,Catalunya,,,,,osm,41.7294575,0.7435299,2026-05-18
Peluquería Barbería Walid,Pamplona / Iruña,Navarra,,,,,osm,42.8045819,-1.6755939,2026-05-18
Diez Durantez,Palencia,Castilla y León,,,,,osm,42.0142451,-4.5371284,2026-05-18
Chavely,Palencia,Castilla y León,,,,,osm,41.9996008,-4.522767,2026-05-18
Gazte,Abadiño,Euskadi,,,,,osm,43.1692847,-2.6372498,2026-05-18
Mungia,Abadiño,Euskadi,,,,,osm,43.1692633,-2.6371045,2026-05-18
Driss,Abadiño,Euskadi,,,,,osm,43.1691932,-2.6363025,2026-05-18
Paradise,Santa Brígida,Canarias,+34679814153,,,,osm,28.0096324,-15.5337385,2026-05-18
Kirma,Madrid,Madrid,,,,,osm,40.4170363,-3.6751548,2026-05-18
Perruqueria Mouhssin,Sant Andreu de la Barca,Catalunya,+34612436810,,,,osm,41.4483877,1.9698857,2026-05-18
Beglow,Sant Andreu de la Barca,Catalunya,+34634959804,,,,osm,41.4478552,1.9695672,2026-05-18
Perruqueria Paris,Sant Andreu de la Barca,Catalunya,+34655094265,,,,osm,41.4476039,1.9698023,2026-05-18
Peluqueria Hbc,Sevilla,Sevilla,+34854750862,,,,osm,37.3468285,-5.9831819,2026-05-18
Trumel peluquería y estética,Sevilla,Sevilla,+34602928870,,,,osm,37.3476234,-5.9833727,2026-05-18
Peluquería Karim,Málaga,Andalucía,,,,,osm,36.7241688,-4.4322703,2026-05-18
Toñi Méndez,Santo Tomé,Andalucía,+34636698902,,,,osm,38.0273227,-3.1019983,2026-05-18
Peluquería y Estética David Morales,Almería,Andalucía,,,,,osm,36.8473952,-2.4423884,2026-05-18
Miriam Estilistas,Almería,Andalucía,,,,,osm,36.8417366,-2.4489597,2026-05-18
Perruqueria Boira,València,Comunitat Valenciana,,,,,osm,39.5407862,-0.3704539,2026-05-18
Laura Corrochano,Llucmajor,Illes Balears,,,,,osm,39.5132052,2.7578593,2026-05-18
Perruqueria Laura Bayarri,València,Comunitat Valenciana,,,,,osm,39.5385393,-0.3706167,2026-05-18
G. Peluqueros,Gijón / Xixón,Asturias / Asturies,,,,,osm,43.5358875,-5.6672674,2026-05-18
Stylo Real,Gijón / Xixón,Asturias / Asturies,,,,,osm,43.534722,-5.6686633,2026-05-18
La Barbería de Seven,Boiro,Galicia,,,,,osm,42.6461364,-8.8845998,2026-05-18
Barberia Enrique Colomer,València,Comunitat Valenciana,,,,,osm,39.5401146,-0.3703268,2026-05-18
Perruqueria AR,València,Comunitat Valenciana,,,,,osm,39.536201,-0.3709209,2026-05-18
Peluquería David Sánchez,Sevilla,Sevilla,+34673588275,,,,osm,37.3827844,-6.009757,2026-05-18
Moises Lladró,València,Comunitat Valenciana,,,,,osm,39.5356811,-0.3716357,2026-05-18
Ánxela Peluquería y Estética,A Coruña,Galicia,,,,,osm,43.3517785,-8.3878553,2026-05-18
Sonia Castro,Palencia,Castilla y León,,,,,osm,42.0132274,-4.5345971,2026-05-18
Iblani,Ames,Galicia,,,,,osm,42.9141063,-8.7345913,2026-05-18
Peluqueria Aqua,Urtajo - Balcón del Tajo,Madrid,,,,,osm,40.0776179,-3.4870139,2026-05-18
Peluquería Jonay,Fasnia,Canarias,,,,,osm,28.2367369,-16.4416087,2026-05-18
Montse Pardo,A Coruña,Galicia,,,,,osm,43.3541207,-8.3967501,2026-05-18
Irene Regueiro,A Coruña,Galicia,,,,,osm,43.3526858,-8.3927089,2026-05-18
Sarah Crujera,A Coruña,Galicia,,,,,osm,43.3684084,-8.4040532,2026-05-18
Kolors,Barcelona,Catalunya,,,,,osm,41.4267882,2.1549856,2026-05-18
Adonís Barbershop,A Coruña,Galicia,,,,,osm,43.3519969,-8.3883367,2026-05-18
Nicolás peluqueros estilistas,Valladolid,Castilla y León,,,,,osm,41.650056,-4.736055,2026-05-18
Nueva Imagen,Ferrol,Galicia,,,,,osm,43.4845117,-8.2267767,2026-05-18
Sebastián,Markina-Xemein,Euskadi,,,,,osm,43.2674411,-2.4995268,2026-05-18
Vanessa Díaz,Ponte Carreira,Galicia,,,,,osm,43.0206838,-8.2481889,2026-05-18
Vero,Ponte Carreira,Galicia,,,,,osm,43.0209181,-8.248873,2026-05-18
Cachi,A Coruña,Galicia,,,,,osm,43.3505968,-8.3890853,2026-05-18
London,Huelva,Andalucía,+34722243429,,,,osm,37.2643429,-6.9314667,2026-05-18
Mastyle,Sevilla,Sevilla,+34954240340,,,,osm,37.3645718,-5.9820474,2026-05-18
Peluqueria Victoria,Santander,Cantabria,+34942390599,,,,osm,43.4789996,-3.8088817,2026-05-18
Marzán,A Coruña,Galicia,,,,,osm,43.3469055,-8.4157921,2026-05-18
Pausa,Barcelona,Catalunya,,,,,osm,41.4229317,2.1485934,2026-05-18
ESTILO 3.1 Peluquería y Estética,Sevilla,Sevilla,+34955190836,,,http://estilo3.es/,osm,37.3474964,-5.9804057,2026-05-18
Manu Peluquero's,Sevilla,Sevilla,+34646794279,,,,osm,37.3474386,-5.9793779,2026-05-18
D'Fran,Sevilla,Sevilla,+34954234708,,,,osm,37.3479533,-5.979494,2026-05-18
Adela Melero,Almería,Andalucía,,,,,osm,36.8455043,-2.4507092,2026-05-18
Ana,Ferrol,Galicia,,,,,osm,43.4998132,-8.2242241,2026-05-18
Maral,Palencia,Castilla y León,,,,,osm,42.0049857,-4.5249768,2026-05-18
Olaia,Palma,Illes Balears,,,,,osm,39.5687125,2.658168,2026-05-18
Fátima González,Palencia,Castilla y León,,,,,osm,41.9988011,-4.5230661,2026-05-18
Vanity,Palencia,Castilla y León,,,,,osm,41.9954278,-4.5176558,2026-05-18
Sestudi,Ca'n Picafort,Illes Balears,,,,,osm,39.764729,3.1495567,2026-05-18
Anna Ferrer,Barcelona,Catalunya,+34933624321,travessera@annaferrer.com,,http://www.annaferrer.com/,osm,41.3968949,2.150627,2026-05-18
Malena,Alcúdia,Illes Balears,,,,,osm,39.9073951,3.0800219,2026-05-18
Tony & Guy,Barcelona,Catalunya,,,,,osm,41.3942662,2.1536609,2026-05-18
Perruqueria Montse Tendències,Lleida,Catalunya,+34973271743,,,,osm,41.6097422,0.6208692,2026-05-18
Peluquería Aragón,Ceutí,Murcia,,,,,osm,38.0794912,-1.2789424,2026-05-18
Loira,Ordes,Galicia,,,,,osm,43.0769913,-8.4057181,2026-05-18
Cristina Varela,Ordes,Galicia,,,,,osm,43.0778416,-8.4088588,2026-05-18
Melani,Ordes,Galicia,,,,,osm,43.0764241,-8.4119774,2026-05-18
Aluma Peluqueros,Lugo,Galicia,,,,,osm,43.0206901,-7.5338128,2026-05-18
Casas,Barcelona,Catalunya,,,,,osm,41.4219776,2.1415725,2026-05-18
Lofe,Barcelona,Catalunya,,,,,osm,41.4217941,2.1417114,2026-05-18
CasaNostra Barber Shop,Cervelló,Catalunya,+34697722218,,,,osm,41.3959249,1.9566014,2026-05-18
CARMeN GiL Perruqueria,Cervelló,Catalunya,+34635838213,,,,osm,41.3957317,1.9530971,2026-05-18
Perruqeria Olga Calzado,Vallirana,Catalunya,+34936831464,,,,osm,41.3899959,1.9389826,2026-05-18
RUBEN ARNAU salón peluqueria y estetica,Vallirana,Catalunya,+34936833903,,,,osm,41.3894956,1.9346781,2026-05-18
Aquarell,A Coruña,Galicia,+34981081491,,,http://aquarellpeluqueria.com/,osm,43.3260895,-8.4327249,2026-05-18
Frelu,A Coruña,Galicia,+34981909091,,,https://www.freluestilistas.es/,osm,43.3259773,-8.4330208,2026-05-18
José Manuel,A Coruña,Galicia,,,,,osm,43.3543299,-8.4119751,2026-05-18
Peluquería Berna,Almussafes,Comunitat Valenciana,+34961794276,,,,osm,39.2930586,-0.4157953,2026-05-18
Peluquería Haros,Madrid,Madrid,,,,,osm,40.4526819,-3.7089133,2026-05-18
Azahara peluqueros,Alcorcón,Madrid,+34916443087,,,,osm,40.3429252,-3.8316234,2026-05-18
Peluquería y estética Coral,Alcorcón,Madrid,+34918281900,,,,osm,40.3426201,-3.8315933,2026-05-18
Peluquería Pelayos,Pelayos de la Presa,Madrid,,,,,osm,40.3590097,-4.3351971,2026-05-18
Luck y Angy,Madrid,Madrid,,,,,osm,40.452174,-3.7090808,2026-05-18
David y Jorge,Madrid,Madrid,,,,,osm,40.4517815,-3.7094568,2026-05-18
Peloquería Marrakech,Galapagar,Madrid,,,,,osm,40.6295275,-4.0117709,2026-05-18
Peluquería Tropical,Galapagar,Madrid,,,,,osm,40.6296456,-4.0058769,2026-05-18
Carmen Pedrera,Córdoba,Andalucía,,,,,osm,37.8954137,-4.7647662,2026-05-18
Peluqueria MG,Cerdanyola del Vallès,Catalunya,,,,,osm,41.4896485,2.1344331,2026-05-18
Mimos,Barcelona,Catalunya,,,,,osm,41.4220368,2.1424313,2026-05-18
Peluqueria Ana Tornero,Sestao,Euskadi,,,,,osm,43.3321006,-3.0034651,2026-05-18
C&M Estilistes,Barcelona,Barcelona,+34934432560,,,,osm,41.3747857,2.1628578,2026-05-18
Marilena,Bunyola,Illes Balears,,,,,osm,39.6945099,2.7003973,2026-05-18
Paco Fortea peluqueos,València,Comunitat Valenciana,+34963300376,,,,osm,39.4639956,-0.345606,2026-05-18
Estrella Garcia,Gijón / Xixón,Asturias / Asturies,,,,,osm,43.5334284,-5.6786883,2026-05-18
CheMoustache Barber Shop,Torremolinos,Andalucía,,,,,osm,36.6220647,-4.4980851,2026-05-18
VS Peluqueros,Sevilla,Andalucía,+34954220562,,,,osm,37.3765409,-5.9393963,2026-05-18
Peluquería Daniel Puerto,Sevilla,Andalucía,+34663127454,,,http://peluqueriadanielpuerto.booksy.com/,osm,37.3775905,-5.9410991,2026-05-18
Med Salón Peluqueria De Caballeros,Madrid,Madrid,+34910336424,,,,osm,40.4082771,-3.6690149,2026-05-18
Flavia Gastón Peluqueros,Madrid,Madrid,+34911995665,,,,osm,40.4070373,-3.6690295,2026-05-18
Bucle estilistas,Galapagar,Madrid,,,,,osm,40.6317584,-4.0082825,2026-05-18
Peluquería Hernández,Madrid,Madrid,+34670471135,,,,osm,40.4082024,-3.6690246,2026-05-18
Jean Remi,Madrid,Madrid,+34914334296,,,,osm,40.4072203,-3.6687976,2026-05-18
Flavia Gastón Barberos,Madrid,Madrid,+34914212737,,,,osm,40.4072094,-3.6690243,2026-05-18
Peluquería Mechas,Galapagar,Madrid,,,,,osm,40.6302029,-4.0139614,2026-05-18
Barbería Hairo,Huelva,Andalucía,,,,,osm,37.2728399,-6.9294051,2026-05-18
Peluquería Jessica Castro,Huelva,Andalucía,,,,,osm,37.2720397,-6.9304453,2026-05-18
Peluquería Arminda,Villarejo de Fuentes,Castilla-La Mancha,,,,,osm,39.7883202,-2.6974172,2026-05-18
Peluquería Rian,Villarejo de Fuentes,Castilla-La Mancha,,,,,osm,39.7867596,-2.6981408,2026-05-18
Tiresias Deza,Lalín,Galicia,+34986781023,,,https://tiresiaspeluqueria.com/,osm,42.6631177,-8.1111823,2026-05-18
Perruqueria Ali,Barcelona,Catalunya,+34632203506,,,,osm,41.4018662,2.1589472,2026-05-18
Mònica I Eva,Barcelona,Catalunya,,,,,osm,41.4243405,2.1513353,2026-05-18
Nuni,Palencia,Castilla y León,,,,,osm,42.0020882,-4.519538,2026-05-18
JM Barberos,Atarfe,Andalucía,+34679883425,jmbarberos2019@hotmail.com,,,osm,37.2222099,-3.6839089,2026-05-18
Peluquería Caballeros José Ramón,Atarfe,Andalucía,+34958437927,,,,osm,37.2248114,-3.6822287,2026-05-18
Peluquería y Estética ICD,Atarfe,Andalucía,+34958439228,,,,osm,37.2201363,-3.6889271,2026-05-18
Etyam,Atarfe,Andalucía,+34958437804,etyamer2@gmail.com,,,osm,37.2218993,-3.6922901,2026-05-18
María Eugenia,Palencia,Castilla y León,,,,,osm,41.9992644,-4.5223888,2026-05-18
Peluquería Ayllón,Galapagar,Madrid,+34918509656,,,,osm,40.6330067,-4.0104805,2026-05-18
Virginia Borsi,Madrid,Madrid,,,,,osm,40.4505704,-3.6779646,2026-05-18
Peluquería Low Cost,Santander,Cantabria,,,,,osm,43.478395,-3.7948188,2026-05-18
Ostem Studio,Jerez de la Frontera,Andalucía,,,,,osm,36.6802416,-6.1291554,2026-05-18
Lisa Salon,Barcelona,Catalunya,,,,,osm,41.4254489,2.1534332,2026-05-18
Las Meninas,Barcelona,Catalunya,,,,,osm,41.4256697,2.1538265,2026-05-18
Salón Maria Suinaga,Zarautz,Euskadi,+34943835492,,,https://www.mariasuinaga.com/,osm,43.2846137,-2.17194,2026-05-18
Blanc i Negre,"Terrassa, Barcelona",Catalunya,,,,,osm,41.5630032,2.0116311,2026-05-18
De Donck,Madrid,Madrid,,,,,osm,40.4504697,-3.7060523,2026-05-18
Cristina Trilles Tarín,Vila-real,Comunitat Valenciana,+34964835512,,,,osm,39.9318073,-0.1026938,2026-05-18
Pin-Up,Narón,Galicia,+34981385503,,,,osm,43.503037,-8.190957,2026-05-18
My Burbuja,Ferrol,Galicia,+34881951745,,myburbuja_peluqueria,,osm,43.4923857,-8.212199,2026-05-18
Acicálate,Santiago de Compostela,Galicia,+34981939318,peluqueriaacicalatelaura@gmail.com,,,osm,42.8644266,-8.5423386,2026-05-18
Peluquería de Caballeros Dorna,Madrid,Madrid,,,,,osm,40.4456537,-3.6738639,2026-05-18
Peluquería Ona,Tarragona,Catalunya,,,,,osm,41.1210214,1.2528545,2026-05-18
Peluquería Dramaris,Tarragona,Catalunya,,,,,osm,41.1212821,1.2530704,2026-05-18
Peluquería Rocío,Tarragona,Catalunya,,,,,osm,41.1214023,1.2525755,2026-05-18
Costas,León,Castilla y León,,,,,osm,42.600116,-5.5663421,2026-05-18
Flor Alonso,León,Castilla y León,,,,,osm,42.6010972,-5.5705391,2026-05-18
Potosí,Madrid,Madrid,,,,,osm,40.4565419,-3.6800723,2026-05-18
Rosa Martos,Madrid,Madrid,,,,,osm,40.4556656,-3.6787036,2026-05-18
Salón Balmes,Barcelona,Catalunya,,,,,osm,41.3980141,2.1527504,2026-05-18
lapeludemonicapenas,Llangréu / Langreo,Asturias / Asturies,,,,,osm,43.3097212,-5.6906925,2026-05-18
Espe,Langreo / Llangréu,Asturias / Asturies,,,,,osm,43.3095947,-5.6903802,2026-05-18
Ellen,Madrid,Madrid,,,,,osm,40.4197738,-3.5682581,2026-05-18
Arrels,Barcelona,Catalunya,,,,,osm,41.437472,2.1668321,2026-05-18
Guixè & Alierta,Barcelona,Catalunya,,,,,osm,41.4382763,2.1677987,2026-05-18
Irba Barberia,Barcelona,Catalunya,,,,,osm,41.4386839,2.1676692,2026-05-18
Giggis,Barcelona,Catalunya,,,,,osm,41.4388254,2.1676879,2026-05-18
Campayo perruquers,Barcelona,Catalunya,,,,,osm,41.4388364,2.1674513,2026-05-18
Perruqueria Yolanda,Barcelona,Catalunya,,,,,osm,41.438723,2.1674188,2026-05-18
Fernando Torrent,Barcelona,Catalunya,,,,http://www.fernandotorrent.com/,osm,41.3968006,2.152173,2026-05-18
O'Clock,Benicàssim / Benicasim,Comunitat Valenciana,+34699651027,silvanaathal@hotmail.com,,,osm,40.0526015,0.0613046,2026-05-18
Hache Studio,Palencia,Castilla y León,,,,,osm,41.9962841,-4.5217123,2026-05-18
J. Vazcal,Córdoba,Córdoba,,,,,osm,37.8892935,-4.7975689,2026-05-18
Serma,la Pobla de Farnals,Comunitat Valenciana,,,,,osm,39.5782013,-0.3299319,2026-05-18
Fernández Martínez M A,Vallirana,Catalunya,,,,,osm,41.3864018,1.9319294,2026-05-18
Asum Estilista,Vallirana,Catalunya,,,,,osm,41.3862923,1.9319412,2026-05-18
Bibian Estil Perruqueria,Vallirana,Catalunya,,,,,osm,41.3850894,1.9317035,2026-05-18
Peluqeria Styles BNC,Vallirana,Catalunya,,,,,osm,41.3834586,1.931197,2026-05-18
Peluquería Bea y Cris,Betanzos,Galicia,,,,,osm,43.2784145,-8.2104467,2026-05-18
Curro,El Escorial,Madrid,,,,,osm,40.5835824,-4.1316025,2026-05-18
Zoe peluquería y estética,Madrid,Madrid,,,,,osm,40.4459514,-3.6728259,2026-05-18
Peluquería Rosana,Alzira,Comunitat Valenciana,,,,,osm,39.1500895,-0.4414988,2026-05-18
Peluquería Rocío de Pintos,Cabezuela,Castilla y León,,,,,osm,41.2359321,-3.9312186,2026-05-18
Muñoa,Donostia / San Sebastián,Euskadi,,,,,osm,43.3176094,-1.9697467,2026-05-18
Ana Bravo,Aranjuez,Madrid,,,,,osm,40.0341224,-3.5999026,2026-05-18
Clara Cocera,Aranjuez,Madrid,,,,,osm,40.0304712,-3.6055868,2026-05-18
Monísima,Aranjuez,Madrid,,,,,osm,40.0322306,-3.605483,2026-05-18
Joan Bernat,Palma,Illes Balears,,,,,osm,39.5738134,2.7173816,2026-05-18
Xaro Ximénez,Palma,Illes Balears,,,,,osm,39.5810814,2.659683,2026-05-18
Marisa Miño,Aranjuez,Madrid,,,,,osm,40.0314578,-3.606163,2026-05-18
Florida 109,Aranjuez,Madrid,,,,,osm,40.0280092,-3.6064054,2026-05-18
J.A. Barber Shop,Aranjuez,Madrid,,,,,osm,40.0302361,-3.6087072,2026-05-18
Esmon,Palma,Illes Balears,,,,,osm,39.5857227,2.6341079,2026-05-18
Peluquería Mª Ángeles Vañó,Villena,Comunitat Valenciana,,,,,osm,38.6330391,-0.8631127,2026-05-18
VStyle Studio,Barcelona,Catalunya,,,,,osm,41.3978091,2.1501574,2026-05-18
Peluquería Pelegrin,Madrid,Madrid,+34915498256,,,,osm,40.4321083,-3.7178028,2026-05-18
Bellanova,Barcelona,Catalunya,,,,,osm,41.4264936,2.1547489,2026-05-18
Ráser,Málaga,Andalucía,,,,,osm,36.6987461,-4.4741168,2026-05-18
Look Mode,Madrid,Madrid,,,,,osm,40.4657179,-3.7110549,2026-05-18
Cristina López Estilistas,San Fernando de Henares,Madrid,+34914996733,,,,osm,40.3512463,-3.521518,2026-05-18
Vanesa Castaño,Piloña,Asturias / Asturies,,,,,osm,43.3474626,-5.3632143,2026-05-18
Peluquería Flórez,A Coruña,Galicia,,,,,osm,43.3594504,-8.405635,2026-05-18
Lourdes,A Coruña,Galicia,,,,,osm,43.3617599,-8.4058051,2026-05-18
Isabel París,A Coruña,Galicia,,,,,osm,43.3617609,-8.4057349,2026-05-18
Gateman,A Coruña,Galicia,,,,,osm,43.3537313,-8.3936022,2026-05-18
5-7,Barcelona,Catalunya,,,,,osm,41.423883,2.1545027,2026-05-18
Marlene,A Coruña,Galicia,,,,,osm,43.3565598,-8.4009961,2026-05-18
Antonella Loppi,Galapagar,Madrid,,,,,osm,40.6465521,-3.9939407,2026-05-18
Cristina Bueno,A Coruña,Galicia,,,,,osm,43.3529752,-8.3947862,2026-05-18
Mercedes Fraga,A Coruña,Galicia,,,,,osm,43.35668,-8.4006993,2026-05-18
Gemma Estilistes,Castelló de la Plana / Castellón de la Plana,Comunitat Valenciana,+34964239560,,,,osm,39.9901062,-0.0374858,2026-05-18
Empatia Hair & Beauty,Ferrol,Galicia,+34981931083,,,https://empatiahb.com,osm,43.4900507,-8.2178659,2026-05-18
Peluquería Couso,A Coruña,Galicia,,,,,osm,43.361756,-8.4060685,2026-05-18
Peluquería Barbería Antonio Estévez,Granada,Granada,+34958203585,,,,osm,37.1793308,-3.6124989,2026-05-18
Peluquería Arcadia,Barcelona,Catalunya,+34932189493,,,,osm,41.3962116,2.1529312,2026-05-18
Studio MK,Arrecife,Canarias,,,,,osm,28.9636505,-13.5540261,2026-05-18
con chic,Arrecife,Canarias,,,,,osm,28.9588694,-13.5479758,2026-05-18
Adrian Quinta,Mairena del Aljarafe,Andalucía,+34955183606,,,https://www.aqbarberbeauty.es/,osm,37.3420094,-6.0602291,2026-05-18
Antonio Díaz,Barcelona,Catalunya,,,,,osm,41.4200994,2.156942,2026-05-18
Ell@s,Benidorm,Comunitat Valenciana,,,,,osm,38.5344452,-0.1079988,2026-05-18
Beautiful You,Benidorm,Comunitat Valenciana,,,,,osm,38.5348062,-0.1092332,2026-05-18
Natoli,Benidorm,Comunitat Valenciana,,,,,osm,38.5347579,-0.1094286,2026-05-18
Didi,Benidorm,Comunitat Valenciana,,,,,osm,38.5357369,-0.1178285,2026-05-18
Tango,Benissa,Comunitat Valenciana,,,,,osm,38.7145582,0.0515598,2026-05-18
Jon Doga,Mairena del Aljarafe,Andalucía,,,,,osm,37.3414691,-6.0591729,2026-05-18
Ordoki,Bera,Navarra,,,,,osm,43.2814878,-1.6827533,2026-05-18
Luhai,Bera,Navarra,,,,,osm,43.2801509,-1.68449,2026-05-18
ML,Bera,Navarra,,,,,osm,43.2808143,-1.6859901,2026-05-18
Yoan,Bera,Navarra,,,,,osm,43.2802645,-1.688078,2026-05-18
Pikabea,Bera,Navarra,,,,,osm,43.2755257,-1.6865591,2026-05-18
Luci Bertomeu,Rubí,Catalunya,+34935125036,,,,osm,41.4899816,2.0254916,2026-05-18
Peluquería de Señoras Maria,Benidorm,Comunitat Valenciana,,,,,osm,38.535268,-0.1070074,2026-05-18
Joselito II,Benidorm,Comunitat Valenciana,,,,,osm,38.5362259,-0.1070988,2026-05-18
Perruqueria Rosa Junyent,Abrera,Catalunya,,,,,osm,41.4744244,1.9293951,2026-05-18
Peluqyería y estética denueveanueve,Galapagar,Madrid,+34918502012,,,https://denueveanueve.com,osm,40.6263891,-4.0218527,2026-05-18
Salón de Peluquería Nueva Imagen,Medina de Pomar,Castilla y León,+34947191454,,,,osm,42.9328601,-3.4870962,2026-05-18
Mares,Benidorm,Comunitat Valenciana,,,,,osm,38.5462385,-0.1333222,2026-05-18
El Secreto del Barbero,Benidorm,Comunitat Valenciana,,,,,osm,38.5461728,-0.1333117,2026-05-18
Esencia,Benidorm,Comunitat Valenciana,+34965504979,,,,osm,38.5434077,-0.1326875,2026-05-18
Perruqueria Ribas,Montbrió del Camp,Catalunya,+34616055048,,,,osm,41.1195401,1.0029693,2026-05-18
Barbería de Jonatan,Alhama de Murcia,Murcia,+34658401639,,,,osm,37.8509481,-1.4280344,2026-05-18
Le Petit Salon,Barcelona,Catalunya,+34932176689,info@lepetitsalon.cat,,https://lepetitsalon.cat/,osm,41.3980546,2.1524156,2026-05-18
Amor Martin Peluquería,Granada,Granada,+34958965982,contacto@amormartinpeluqueria.com,@amor_martin_peluqueria,https://www.amormartinpeluqueria.com/,osm,37.180152,-3.6120938,2026-05-18
Koketas,Benidorm,Comunitat Valenciana,+34627550019,,,,osm,38.5390087,-0.1313509,2026-05-18
Maryna,Benidorm,Comunitat Valenciana,,,,,osm,38.5379113,-0.1311974,2026-05-18
Hongdu,Benidorm,Comunitat Valenciana,,,,,osm,38.5372869,-0.1310759,2026-05-18
Peluquería Juani,Alhama de Murcia,Murcia,,,,,osm,37.8441915,-1.4273115,2026-05-18
Carles Garcia,Barcelona,Catalunya,,,,,osm,41.3992374,2.1499679,2026-05-18
Salón Europa,Benidorm,Comunitat Valenciana,+34697189455,,,,osm,38.5364031,-0.1132705,2026-05-18
Miluk,Soraluze-Placencia de las Armas,Euskadi,+34943765182,,,,osm,43.156566,-2.4055907,2026-05-18
Katty,Muro,Illes Balears,,,,,osm,39.7343397,3.0545031,2026-05-18
Siquier,Muro,Illes Balears,,,,,osm,39.7352917,3.057369,2026-05-18
Alma,Barcelona,Catalunya,+34931384439,info@almasalon.es,,https://www.almasalon.es/,osm,41.4000113,2.1491059,2026-05-18
Tupé,Alhama de Murcia,Murcia,+34968639638,,,https://tupepeluqueria.es/,osm,37.8471032,-1.4293282,2026-05-18
Barbería The Bearded,Alhama de Murcia,Murcia,+34692087899,,,,osm,37.8489363,-1.4310215,2026-05-18
Cesar Valdívia,Salamanca,Castilla y León,,,,,osm,40.964656,-5.6583001,2026-05-18
V8 Peluqueros,Salamanca,Castilla y León,,,,,osm,40.9637581,-5.6585535,2026-05-18
Peluquería Cande Alberto,Salamanca,Castilla y León,,,,,osm,40.9634762,-5.6586321,2026-05-18
Peluquería Justo,Salamanca,Castilla y León,,,,,osm,40.9635062,-5.6586222,2026-05-18
Peluquería Tinte & Tijera,Salamanca,Castilla y León,,,,,osm,40.9501632,-5.623459,2026-05-18
Peluquería Tatú,A Coruña,Galicia,,,,,osm,43.3530688,-8.3918467,2026-05-18
Rinxols,Anglès,Catalunya,,,,,osm,41.9551271,2.6384684,2026-05-18
Inés Pose Lifestyle Salon,Ferrol,Galicia,,,,,osm,43.4819104,-8.2382543,2026-05-18
El Paraiso de la Moda,Benidorm,Comunitat Valenciana,,,,,osm,38.5379585,-0.1195174,2026-05-18
Tximak Barbershop,Pamplona / Iruña,Navarra,,,,,osm,42.8000932,-1.6425228,2026-05-18
Napel,València,Comunitat Valenciana,+34963447212,,,https://www.todocabello.net/,osm,39.4666267,-0.3781437,2026-05-18
Peluquería Laygos,Llíber,Comunitat Valenciana,,,,,osm,38.7130624,0.0461678,2026-05-18
dinamic haircare,Benissa,Comunitat Valenciana,,,,,osm,38.713559,0.051773,2026-05-18
PÈL HOME,Benissa,Comunitat Valenciana,,,,,osm,38.7156171,0.0522919,2026-05-18
Gadea,Benissa,Comunitat Valenciana,,,,,osm,38.7159277,0.0528653,2026-05-18
Sonia Bayón,Salamanca,Castilla y León,,,,,osm,40.9729809,-5.6520729,2026-05-18
Peluquería Nueva Imagen 2,Salamanca,Castilla y León,,,,,osm,40.9729925,-5.6521118,2026-05-18
Little Star,Arteixo,Galicia,,,,,osm,43.3045658,-8.5080827,2026-05-18
KBllo's,Rubí,Catalunya,,,,,osm,41.450269,1.9741211,2026-05-18
El Look de Silvia,Sant Andreu de la Barca,Catalunya,+34936825937,,,,osm,41.4490367,1.9735506,2026-05-18
Fletcher,Sant Andreu de la Barca,Catalunya,+34679268203,,,,osm,41.4481825,1.9737653,2026-05-18
Ègumen Peluqueros,Coria,Extremadura,,,,,osm,39.9892766,-6.5391927,2026-05-18
Peluquería Sara Regueiro,Viveiro,Galicia,+34605460202,,,,osm,43.6634524,-7.5949567,2026-05-18
Llorens,Ca'n Picafort,Illes Balears,,,,,osm,39.7680447,3.1494259,2026-05-18
Peluqueria Ventayol,Alcúdia,Illes Balears,,,,,osm,39.8529208,3.1197187,2026-05-18
E y R Blázquez,Soria,Castilla y León,,,,,osm,41.7663561,-2.4771353,2026-05-18
Celo Cabana,Soria,Castilla y León,,,,,osm,41.7660587,-2.4768227,2026-05-18
La Pelu de María,Soria,Castilla y León,,,,,osm,41.7659754,-2.4765297,2026-05-18
Peluquería del Oeste,Salamanca,Salamanca,,,,,osm,40.9703295,-5.6667748,2026-05-18
Yessica Peluquería y Estética,Salamanca,Castilla y León,,,,,osm,40.972768,-5.6633977,2026-05-18
Peluquería José Abel,Salamanca,Castilla y León,,,,,osm,40.965134,-5.6600747,2026-05-18
Orbetta,Llíber,Comunitat Valenciana,,,,,osm,38.742351,-0.0129551,2026-05-18
New Line Peluqueros,Salamanca,Castilla y León,,,,,osm,40.9509947,-5.6288515,2026-05-18
Peluquería Marisol,Salamanca,Castilla y León,,,,,osm,40.9500327,-5.6321606,2026-05-18
Peluquería Simo,Salamanca,Castilla y León,,,,,osm,40.9500125,-5.6322884,2026-05-18
Plaza,Salamanca,Castilla y León,,,,,osm,40.9502841,-5.6319636,2026-05-18
Peluqueria Royma,Santander,Cantabria,+34942392600,,,,osm,43.478082,-3.7970849,2026-05-18
The Kinze de Cuchilleros,Madrid,Madrid,+34913665887,,,https://www.barberiaelkinze.es/,osm,40.4142417,-3.7079294,2026-05-18
Jean Louis David,Sant Cugat del Vallès,Catalunya,,,,,osm,41.482681,2.0520844,2026-05-18
Peluquería Stayling,Salamanca,Castilla y León,,,,,osm,40.9711224,-5.6417342,2026-05-18
Peluquería Luis Marcos,Salamanca,Castilla y León,,,,,osm,40.9712158,-5.6427383,2026-05-18
Peluquería Coletas,Salamanca,Castilla y León,,,,,osm,40.9712289,-5.643692,2026-05-18
Susana Senao,Sobrarbe,Aragón,,,,,osm,42.4146305,0.1392818,2026-05-18
57 barbershop,Basauri,Euskadi,,,,,osm,43.2367588,-2.8847627,2026-05-18
Peluquería de Caballeros José Francisco,Salamanca,Castilla y León,,,,,osm,40.9725725,-5.6627521,2026-05-18
Tomko,Salamanca,Castilla y León,,,,,osm,40.972333,-5.6612736,2026-05-18
Peluquería Carmen Sevillano,Salamanca,Castilla y León,,,,,osm,40.9725963,-5.661172,2026-05-18
Ana Martín Peluqueros,Salamanca,Castilla y León,,,,,osm,40.9738092,-5.6541999,2026-05-18
Peluquería Alberto,A Coruña,Galicia,,,,,osm,43.3528445,-8.3935284,2026-05-18
Ke-Pelos,Basauri,Euskadi,,,,,osm,43.2365357,-2.8807927,2026-05-18
Yesva Peluqueras,Basauri,Euskadi,,,,,osm,43.2362267,-2.881128,2026-05-18
Tropicana,Benidorm,Comunitat Valenciana,,,,,osm,38.5373525,-0.1369677,2026-05-18
Agraz,Benidorm,Comunitat Valenciana,+34965853328,,,,osm,38.5368155,-0.133315,2026-05-18
Barbería Brooklyn,Benidorm,Comunitat Valenciana,,,,,osm,38.5367986,-0.1332331,2026-05-18
Figueras,Benidorm,Comunitat Valenciana,+34966272801,,,,osm,38.5373268,-0.1239123,2026-05-18
Angela Beck Salon De Belleza,Las Rozas de Madrid,Madrid,+34916306844,,,,osm,40.5529701,-3.8964221,2026-05-18
Enjoy,Madrid,Madrid,+34917984063,,,http://www.peluqueriaenjoymadrid.com,osm,40.353951,-3.6855329,2026-05-18
Peluquería Gema,Los Corrales de Buelna,Cantabria,+34942043000,,,,osm,43.2594679,-4.0693683,2026-05-18
Idoia Álvarez,Sestao,Euskadi,,,,,osm,43.3003159,-2.9893649,2026-05-18
Carmen Peña estilistas,Getafe,Madrid,,,,,osm,40.3040932,-3.7335893,2026-05-18
Claros Barber,Santiago de Compostela,Galicia,,,,,osm,42.8732166,-8.5472668,2026-05-18
Bibiana K-lo Peluqueros,Santiago de Compostela,Galicia,+34981935770,,,,osm,42.8732803,-8.5484549,2026-05-18
Barbanosa,Santiago de Compostela,Galicia,,,,,osm,42.8736022,-8.5450718,2026-05-18
La Original,Palma,Islas Baleares,+34650659935,,,,osm,39.5795315,2.6487167,2026-05-18
Letys,Llíber,Comunitat Valenciana,,,,,osm,38.7134615,0.044817,2026-05-18
Vicente Lares,Palma,Illes Balears,,,,,osm,39.5851268,2.6475084,2026-05-18
Bohème Salón de Peluquería,Los Corrales de Buelna,Cantabria,+34942089994,,,,osm,43.2588936,-4.068686,2026-05-18
Peluquería Eli,A Coruña,Galicia,,,,,osm,43.314764,-8.3684713,2026-05-18
Vicky Villacorta,Palencia,Castilla y León,,,,,osm,42.0077354,-4.5289963,2026-05-18
La Cocobongo,Palencia,Castilla y León,,,,,osm,42.0114202,-4.5359041,2026-05-18
Pink Girl,Palma,Illes Balears,,,,,osm,39.5760688,2.6326756,2026-05-18
Peluquería Luis Ybarra,Madrid,Madrid,,,,,osm,40.4338886,-3.7154608,2026-05-18
Mayado,León,Castilla y León,,,,,osm,42.5913225,-5.5651991,2026-05-18
Rosa Blanco,León,Castilla y León,,,,,osm,42.5921671,-5.5650523,2026-05-18
Blanca González,León,Castilla y León,,,,,osm,42.591112,-5.5648459,2026-05-18
ABAGAR,Abegondo,Galicia,,,,,osm,43.2352896,-8.3282897,2026-05-18
Charo,Olazti / Olazagutía,Navarra,,,,,osm,42.8756314,-2.2005775,2026-05-18
Salón Estilos,Olazti / Olazagutía,Navarra,,,,,osm,42.8757109,-2.1979894,2026-05-18
Peluquería de caballeros Emilio,Sevilla,Sevilla,+34954351317,,,,osm,37.4023234,-5.9776975,2026-05-18
Versalles estilistas,Madrid,Madrid,+34910123212,,,https://www.versallesvaldebebas.com/,osm,40.493548,-3.6138926,2026-05-18
Enyer,Zaragoza,Aragón,,,,,osm,41.6553349,-0.8897924,2026-05-18
Mari Peluqueria,Moixent / Mogente,Comunitat Valenciana,,,,,osm,38.8740098,-0.7510167,2026-05-18
Peluquería Barbería Andalucía,Sestao,Euskadi,,,,,osm,43.2911594,-2.9948035,2026-05-18
Javier Rojas Peluqueros,Sevilla,Sevilla,,,,,osm,37.4007244,-5.9755598,2026-05-18
Salón 92,Aldaia,Comunitat Valenciana,,,,,osm,39.4623467,-0.4589566,2026-05-18
Nicolas Barbershop,Zaragoza,Aragón,,,,,osm,41.64333,-0.8963194,2026-05-18
La Guatemala BarberShop,Sant Vicenç dels Horts,Catalunya,,,,,osm,41.4474954,1.9767389,2026-05-18
Teresa Estilista,Calonge i Sant Antoni,Catalunya,,,,,osm,41.8482892,3.1297069,2026-05-18
Carmina,Villalpardo,Castilla-La Mancha,,,,,osm,39.4719252,-1.6267854,2026-05-18
Peluquería TN,Atarfe,Andalucía,+34958735371,,,,osm,37.172391,-3.668821,2026-05-18
Nimer,San Fernando de Henares,Madrid,+34916770950,nimer.peluqueria@hotmail.com,,https://nimerpeluqueria0.wixsite.com/nimer,osm,40.4493557,-3.4613641,2026-05-18
Peluquería Unisex BCN,Barcelona,Barcelona,,,,,osm,41.3756772,2.1322201,2026-05-18
García Peluquerías,Torrejón de Ardoz,Madrid,,,,,osm,40.4562069,-3.477592,2026-05-18
Lemart,Alacant / Alicante,Comunitat Valenciana,,,,,osm,38.3707911,-0.4168606,2026-05-18
AF Peluquería,Boiro,Galicia,,,,,osm,42.6471218,-8.880921,2026-05-18
Peluquería Carlos Soto,Jerez de la Frontera,Andalucía,,,,,osm,36.6877382,-6.1261023,2026-05-18
Lucky Estel,Gijón / Xixón,Asturias / Asturies,,,,,osm,43.5354207,-5.6682137,2026-05-18
Perrucaría Ignacio,Ames,Galicia,,,,,osm,42.9096444,-8.7351852,2026-05-18
Peluquería y Estética Juani Martínez Pintor,Garrucha,Andalucía,+34950133162,,,,osm,37.1835885,-1.8220207,2026-05-18
El Garaje,Santa Cruz de Tenerife,Canarias,,,,,osm,28.4674107,-16.2651163,2026-05-18
Fagus,La Pola de Gordón,Castilla y León,,,,,osm,42.8838865,-5.6373047,2026-05-18
O Lareiras,Carral,Galicia,,,,,osm,43.2288845,-8.3560502,2026-05-18
"New Faces, Centro de Belleza",Cee,Galicia,,,,,osm,42.9575276,-9.1896956,2026-05-18
Peluqueria Unisex ANA,Barcelona,Catalunya,,,,,osm,41.413953,2.1888988,2026-05-18
Tanyl,Santa Cruz de Tenerife,Canarias,+34627729157,,,,osm,28.4659267,-16.2870591,2026-05-18
York,Santa Cruz de Tenerife,Canarias,,,,,osm,28.4686748,-16.2880891,2026-05-18
Barbería Raajela,Sevilla,Andalucía,+34675128257,,@raajelacosta,,osm,37.381299,-6.0075235,2026-05-18
Curro,Huelva,Andalucía,,,,,osm,37.2630309,-6.9399356,2026-05-18
Peluquería Caballeros Vicenlop,Garrucha,Andalucía,,,,,osm,37.1788967,-1.8226784,2026-05-18
Velvet Salon,Garrucha,Andalucía,,,,,osm,37.1780531,-1.8227806,2026-05-18
Estilista Rocío Flores,Garrucha,Andalucía,+34603562699,,,,osm,37.1759582,-1.8231815,2026-05-18
Peluquería Marwan,Aldaia,Comunitat Valenciana,,,,,osm,39.4651236,-0.463765,2026-05-18
Freedom Peluquería Unisex,Sevilla,Sevilla,,,,,osm,37.3725882,-5.9980689,2026-05-18
Rocío & Yolanda,Garrucha,Andalucía,+34950109697,,,,osm,37.1802565,-1.8222416,2026-05-18
Peluquería Mar,Garrucha,Andalucía,,,,,osm,37.1810881,-1.8218037,2026-05-18
David Cano,Garrucha,Andalucía,,,,,osm,37.1821514,-1.8214244,2026-05-18
Peluquería González,Garrucha,Andalucía,,,,,osm,37.181762,-1.8215568,2026-05-18
José Domingo,Garrucha,Andalucía,,,,,osm,37.180942,-1.8218748,2026-05-18
Estrella López,Estella/Lizarra,Navarra,+34948551016,,@peluqueriaestrellalopez,,osm,42.6707507,-2.0266152,2026-05-18
Domi peluqueros,Tacoronte,Canarias,,,,,osm,28.4850236,-16.3919253,2026-05-18
Suleika,Madrid,Madrid,,,,,osm,40.4516449,-3.7091188,2026-05-18
Mitilio y Griseida,Madrid,Madrid,,,,,osm,40.4494805,-3.7049463,2026-05-18
Fercar,Madrid,Madrid,,,,,osm,40.4494469,-3.7045129,2026-05-18
Gat mel,Madrid,Madrid,,,,,osm,40.4494841,-3.7050001,2026-05-18
Quisqueyq,Madrid,Madrid,,,,,osm,40.4495917,-3.7048785,2026-05-18
My Hair,Barcelona,Catalunya,+34933562479,,,https://myhairbarcelona.com/,osm,41.4101088,2.2178797,2026-05-18
Fouzi,l'Ametlla de Mar,Catalunya,,,,,osm,40.8862662,0.8030865,2026-05-18
Markos,Dos Hermanas,Andalucía,,,,,osm,37.2859979,-5.9117949,2026-05-18
Bazaar,Madrid,Madrid,,,,,osm,40.4120027,-3.7072596,2026-05-18
Andrea Estilistas,Torrejón de Ardoz,Madrid,,,,,osm,40.4623313,-3.4642079,2026-05-18
Raúl,Betanzos,Galicia,+34981775050,,,,osm,43.2786489,-8.2076675,2026-05-18
La Ribera,Betanzos,Galicia,,,,,osm,43.2822846,-8.2128568,2026-05-18
The Temple Fade,Málaga,Andalucía,,,,,osm,36.7380506,-4.420506,2026-05-18
Tarik Barber,Zaragoza,Aragón,+34634461996,,tarik_barbershop,,osm,41.6383119,-0.8896704,2026-05-18
Ebano,Barcelona,Catalunya,,,,,osm,41.3963366,2.1490789,2026-05-18
JEM. Peluquería y Estética.,Castelló de la Plana,Comunitat Valenciana,,,,,osm,39.9847795,-0.0305682,2026-05-18
Moreda,Gijón / Xixón,Asturias / Asturies,,,,,osm,43.5310392,-5.6720497,2026-05-18
La Colmena,Gijón / Xixón,Asturias / Asturies,,,,,osm,43.5308139,-5.671651,2026-05-18
De Kapper,Graus,Aragón,,,,,osm,42.1907754,0.3380852,2026-05-18
Mozalla,Zaragoza,Aragón,,,,,osm,41.630869,-0.8863475,2026-05-18
Prince,Zaragoza,Aragón,+34976565156,,,,osm,41.647499,-0.8996027,2026-05-18
Kizkur peluquería,Amorebieta-Etxano,Euskadi,,,,,osm,43.2191254,-2.7278339,2026-05-18
Peluquería Yolanda Huertas,Amorebieta-Etxano,Euskadi,,,,,osm,43.2178194,-2.7278837,2026-05-18
Balu hair trends,Sestao,Euskadi,,,,,osm,43.2964888,-2.988223,2026-05-18
Albany by Laura,Rivas-Vaciamadrid,Madrid,,,,,osm,40.3433084,-3.519236,2026-05-18
Texas,Zaragoza,Aragón,,,,,osm,41.6356701,-0.8786469,2026-05-18
Doré Profesional SL,Dénia,Comunitat Valenciana,,,,,osm,38.835999,0.1034117,2026-05-18
Peluquería de Mascotas Nieves Peris,Madrid,Madrid,,,,,osm,40.3760911,-3.753725,2026-05-18
D' Alejandro Alta Peluqueria,Madrid,Madrid,,,,,osm,40.3741723,-3.7536768,2026-05-18
Está en ti,Madrid,Madrid,,,,,osm,40.3731929,-3.7518215,2026-05-18
Peluquería Otman,Madrid,Madrid,,,,,osm,40.3718818,-3.7524042,2026-05-18
Res Peluqueros,Madrid,Madrid,,,,,osm,40.3723258,-3.7516662,2026-05-18
Ernesto Peluqueros,Madrid,Madrid,,,,,osm,40.3732958,-3.75114,2026-05-18
Hacktrick Estil,Castellón de la Plana,Comunitat Valenciana,+34964067989,,,,osm,39.9831981,-0.0328065,2026-05-18
Estilistas Las Vegas,Cala d'Or,Illes Balears,,,,https://lasvegasestilistas.com/,osm,39.3747811,3.2298119,2026-05-18
Riansares Romo,Alacant / Alicante,Comunitat Valenciana,,,,,osm,38.3416691,-0.5053851,2026-05-18
Raquel,Muxía,Galicia,,,,,osm,43.1055797,-9.2171646,2026-05-18
Euro Perruqueria i Estètica,Granollers,Catalunya,,,,,osm,41.6122884,2.2912998,2026-05-18
The loft,Madrid,Madrid,,,,,osm,40.3732262,-3.606955,2026-05-18
Peluquería Enredos,Mondoñedo,Galicia,+34982507427,,,,osm,43.4282422,-7.3691455,2026-05-18
Epsilon,Amorebieta-Etxano,Euskadi,+34946308764,,,,osm,43.2174771,-2.7297161,2026-05-18
Peluquería Manuela García,Salamanca,Castilla y León,,,,,osm,40.9506925,-5.6267331,2026-05-18
Salon Pinky,Benidorm,Comunitat Valenciana,,,,,osm,38.536401,-0.1277676,2026-05-18
Peluquería Marga,A Coruña,Galicia,,,,,osm,43.3514823,-8.3923817,2026-05-18
Angela,Benidorm,Comunitat Valenciana,+34722590090,,,,osm,38.537379,-0.129787,2026-05-18
Estilo Urbano,Benidorm,Comunitat Valenciana,,,,,osm,38.537163,-0.1299621,2026-05-18
Di Barry,Benidorm,Comunitat Valenciana,,,,,osm,38.5376455,-0.1302168,2026-05-18
Rubio Ruiz,Benidorm,Comunitat Valenciana,,,,http://www.rubioruizestilistas.com/,osm,38.5368634,-0.1298632,2026-05-18
Enre2,Amorebieta-Etxano,Euskadi,+34946730004,,,,osm,43.2183873,-2.7333074,2026-05-18
Liberto,Llangréu / Langreo,Asturias / Asturies,,,,,osm,43.3271847,-5.7179188,2026-05-18
Aitor Baceta Peluqueros,Amorebieta-Etxano,Euskadi,+34946734080,,,,osm,43.2193889,-2.7328009,2026-05-18
Macay,A Coruña,Galicia,,,,,osm,43.3637867,-8.4114715,2026-05-18
Peluquería María Hollywood - Alhaurín de la Torre,Alhaurín de la Torre,Andalucía,+34951912191,info@peluqueriahollywood.com,,https://peluqueriahollywood.com,osm,36.6640093,-4.5626065,2026-05-18
Maite Romero Peluquería,Amorebieta-Etxano,Euskadi,+34946732206,,,,osm,43.2194463,-2.7304529,2026-05-18
Bianca,Puerto de la Cruz,Canarias,,,,,osm,28.4162217,-16.5476263,2026-05-18
Elías Guerrero,Badajoz,Extremadura,,,,,osm,38.8760575,-6.9757102,2026-05-18
Peinarte,Badajoz,Extremadura,,,,,osm,38.8758755,-6.9754775,2026-05-18
Authentic,Irun,Euskadi,,,,,osm,43.3394805,-1.7912342,2026-05-18
Quality Care,Madrid,Madrid,,,,,osm,40.4273385,-3.7095372,2026-05-18
Kiribil ileak,Amorebieta-Etxano,Euskadi,+34946418609,,,,osm,43.2201652,-2.7331718,2026-05-18
Peluquería Hermanos Hurtado,Alzira,Comunitat Valenciana,,,,,osm,39.1519092,-0.4407901,2026-05-18
Andrea,Gijón / Xixón,Asturias / Asturies,,,,,osm,43.5342949,-5.6618833,2026-05-18
Angeles Mallou,Gijón / Xixón,Asturias / Asturies,,,,,osm,43.5344681,-5.6620583,2026-05-18
Óscar Ruiz,Palencia,Castilla y León,,,,,osm,42.0062869,-4.5299462,2026-05-18
Eva estilista la Vila,Alzira,Comunitat Valenciana,,,,,osm,39.1517386,-0.4397943,2026-05-18
Imagen y Belleza,Cobreros,Castilla y León,,,,,osm,42.0840602,-6.6405554,2026-05-18
Peluquería Rosa,Alzira,Comunitat Valenciana,,,,,osm,39.1517469,-0.4384561,2026-05-18
Salón de belleza Vanessa,Madrid,Madrid,,,,,osm,40.3788559,-3.6200829,2026-05-18
Oihana Peluquería,Amorebieta-Etxano,Euskadi,+34946730699,,,,osm,43.2198733,-2.7350178,2026-05-18
Iranzo,Barcelona,Catalunya,,iranzo@iranzo.es,,https://iranzo.es/,osm,41.3952962,2.1526628,2026-05-18
Peluquería Unisex Laura,Cunit,Catalunya,,,,,osm,41.1965454,1.6346125,2026-05-18
Isbel,Jaca,Aragón,,,,,osm,42.5711343,-0.5483814,2026-05-18
The Barber Studio,la Pobla de Farnals,Comunitat Valenciana,,,,,osm,39.5757548,-0.3283314,2026-05-18
Srta Barber,Granada,Granada,+34695157841,,@srtabarber,https://booksy.com/es-es/53631_srta-barber_barberia_28176_granada,osm,37.1797661,-3.6138209,2026-05-18
Peluquería Nati,Amorebieta-Etxano,Euskadi,+34946731372,,,,osm,43.2212835,-2.7330683,2026-05-18
Peluquería de Caballeros Roberto,Granada,Granada,+34609592084,,,,osm,37.1790006,-3.6133022,2026-05-18
Cariátide Peluquería,Granada,Granada,+34958289827,,,,osm,37.1790303,-3.6128106,2026-05-18
Marta Souto,Boiro,Galicia,,,,,osm,42.6456026,-8.8853931,2026-05-18
Ángela Yáñez,Boiro,Galicia,,,,,osm,42.6463243,-8.8850702,2026-05-18
Domingos Dramas,les Borges Blanques,Catalunya,+34973046278,,barberiadd,,osm,41.5206431,0.8665569,2026-05-18
Nou Look Judit,les Borges Blanques,Catalunya,,,,,osm,41.5188421,0.8688858,2026-05-18
Perruqueria Bea,les Borges Blanques,Catalunya,,,,,osm,41.5211662,0.8678336,2026-05-18
Peluquería Dual,Alhama de Murcia,Murcia,+34630701877,,,,osm,37.8516549,-1.4268203,2026-05-18
"Paris, The Barber Shop",Reus,Catalunya,,,,,osm,41.1563625,1.1125486,2026-05-18
Stars,Reus,Catalunya,,,,,osm,41.1553148,1.1125302,2026-05-18
K-ANUKA,Reus,Catalunya,,,,,osm,41.1549927,1.1124932,2026-05-18
Perruquería Lluis Rey,Barcelona,Catalunya,,,,,osm,41.3953697,2.1486163,2026-05-18
Blondy,A Coruña,Galicia,,,,,osm,43.3639639,-8.4069799,2026-05-18
Akao,Gijón / Xixón,Asturias / Asturies,,,,,osm,43.5292968,-5.6667505,2026-05-18
Irene,Gijón / Xixón,Asturias / Asturies,,,,,osm,43.5303706,-5.6688951,2026-05-18
Uria,Gijón / Xixón,Asturias / Asturies,,,,,osm,43.5314522,-5.6719456,2026-05-18
Trukos,Boiro,Galicia,,,,,osm,42.6465316,-8.8820395,2026-05-18
Peluquería Azahar,Tobarra,Castilla-La Mancha,,,,,osm,38.593152,-1.6893037,2026-05-18
Urbieta,Zarautz,Euskadi,,,,,osm,43.2844143,-2.1738732,2026-05-18
Quiero,Cuéllar,Castilla y León,,,,,osm,41.3979177,-4.3128536,2026-05-18
La Barba Loca,Coslada,Madrid,+34919293173,,,,osm,40.4262581,-3.5394014,2026-05-18
La Barbería del Puente,Zaragoza,Aragón,,,,,osm,41.6598245,-0.8740955,2026-05-18
Queens,Zarautz,Euskadi,,,,,osm,43.2848285,-2.1726988,2026-05-18
ZH,Zarautz,Euskadi,,,,,osm,43.2849844,-2.1732107,2026-05-18
Nahi,Zarautz,Euskadi,,,,,osm,43.2849909,-2.1754509,2026-05-18
Angeles Ramos,Carmona,Andalucía,,,,,osm,37.4722711,-5.6390186,2026-05-18
Johana Dominguez,Amorebieta-Etxano,Euskadi,+34946564149,,,,osm,43.2210732,-2.733336,2026-05-18
Peluquería Sanchís,Amorebieta-Etxano,Euskadi,+34670728625,,,,osm,43.2220521,-2.7336835,2026-05-18
Galucho Perruquers,Lleida,Catalunya,,,,,osm,41.6222055,0.6183687,2026-05-18
Barbería San Martín,Santander,Cantabria,,,,,osm,43.4638495,-3.7880448,2026-05-18
José Luís Peluqueros,Alhama de Murcia,Murcia,+34968633614,,@joseluispeluqueros,https://joseluispeluqueros.es/,osm,37.8504739,-1.427935,2026-05-18
Metxas,Zarautz,Euskadi,,,,,osm,43.284665,-2.1752814,2026-05-18
Furundarena,Amorebieta-Etxano,Euskadi,+34946732041,,,,osm,43.2200293,-2.7366262,2026-05-18
Rasgos,Palencia,Castilla y León,,,,,osm,42.0031344,-4.5230724,2026-05-18
Meknes,Amorebieta-Etxano,Euskadi,,,,,osm,43.2200088,-2.7358782,2026-05-18
Xabier Ortega,Sestao,Euskadi,,,,,osm,43.3110215,-3.0063912,2026-05-18
Miren,Sestao,Euskadi,,,,,osm,43.3108956,-3.0068391,2026-05-18
M. Martín,Sestao,Euskadi,,,,,osm,43.3096334,-3.0066428,2026-05-18
AR+,Sestao,Euskadi,,,,,osm,43.3083492,-3.0075384,2026-05-18
Peluquería Vely,Santander,Cantabria,+34942214011,,,,osm,43.4634057,-3.7907067,2026-05-18
Peluquería Eli,Amorebieta-Etxano,Euskadi,+34946309755,,,,osm,43.2194264,-2.7382612,2026-05-18
PeluqueríAD HOC,Santander,Cantabria,,,,,osm,43.4635999,-3.7891216,2026-05-18
Peluquería Stylo 21,Amorebieta-Etxano,Euskadi,+34946732471,,,,osm,43.220196,-2.7386335,2026-05-18
Fabiola Peluqueros,Sevilla,Andalucía,+34654121864,,,,osm,37.3979651,-5.9948823,2026-05-18
Oliv@,Reus,Catalunya,,,,,osm,41.1542509,1.1092289,2026-05-18
Peluquería Caballeros Pepe Prieto,Amorebieta-Etxano,Euskadi,+34946730032,,,,osm,43.2193005,-2.7395666,2026-05-18
Peluqueria Olga Costas,Santander,Cantabria,+34942324654,,,,osm,43.4700569,-3.828486,2026-05-18
La Barbería,Santander,Cantabria,+34626523058,,,,osm,43.4629841,-3.8393042,2026-05-18
Peluquería Unisex,rubi,Catalunya,,,,,osm,41.4959437,2.0397358,2026-05-18
Mario,Madrid,Madrid,+34910707762,,,,osm,40.4701157,-3.6862388,2026-05-18
Versátil,Rubi,Catalunya,,,,,osm,41.496607,2.0406644,2026-05-18
Durá Peluqueros,València,Comunitat Valenciana,,,,,osm,39.383287,-0.3334363,2026-05-18
Peluquería Sonia,Castilblanco,Extremadura,,,,,osm,39.2849709,-5.0897918,2026-05-18
Peluquería Rosi,Castilblanco,Extremadura,,,,,osm,39.2856895,-5.0901252,2026-05-18
Lom Estilistas,Madrid,Madrid,,,,,osm,40.379667,-3.7462477,2026-05-18
Peluqueria De Caballeros Joyca,Madrid,Madrid,,,,,osm,40.3752024,-3.7446813,2026-05-18
Anándrea Peluqueros,Madrid,Madrid,,,,,osm,40.375936,-3.7451453,2026-05-18
MK Peluquería,Madrid,Madrid,,,,,osm,40.4690904,-3.6872755,2026-05-18
Charlot,Madrid,Madrid,+34651738648,hola@charlotpremium.es,,https://charlotpremium.es/,osm,40.4693542,-3.6872042,2026-05-18
Edén Estilistas,Alhama de Murcia,Murcia,,,,,osm,37.8500858,-1.4252441,2026-05-18
LoaNn,Amorebieta-Etxano,Euskadi,,,,,osm,43.2227983,-2.7362454,2026-05-18
Bettys Beauty Shop,Pájara,Canarias,,,,,osm,28.1617493,-14.2304359,2026-05-18
Stylo Low Cost,Moguer,Andalucía,,,,,osm,37.2734483,-6.8371696,2026-05-18
Vior,Gijón / Xixón,Asturias / Asturies,,,,,osm,43.537222,-5.6618284,2026-05-18
Peluquería y Estética Sonia,Pancorbo,Castilla y León,,,,,osm,42.6303846,-3.114471,2026-05-18
Peluquería Eduardo,Peñafiel,Castilla y León,,,,,osm,41.5973645,-4.1181842,2026-05-18
Musta,Gijón / Xixón,Asturias / Asturies,,,,,osm,43.5313348,-5.6691453,2026-05-18
Sauñ del Prado,Gijón/Xixón,Asturias / Asturies,,,,,osm,43.5332503,-5.6778647,2026-05-18
Prieto,Oviedo,Asturias / Asturies,,,,,osm,43.3682883,-5.823994,2026-05-18
Jeni,Oviedo,Asturias / Asturies,,,,,osm,43.3676658,-5.8258062,2026-05-18
Peluquería Susana Andrés,Galapagar,Madrid,,,,,osm,40.5756934,-4.0032134,2026-05-18
Perruqueria Perfumeria Lupe,Granollers,Catalunya,+34938499629,,,,osm,41.6115046,2.2896805,2026-05-18
Peluquería Isyan,Ciudad Rodrigo,Castilla y León,,,,,osm,40.6038103,-6.5315708,2026-05-18
Brooklyn Barber Shop Alzira,Alzira,Comunitat Valenciana,+34962014647,,,https://www.barberiabrooklyn.com/,osm,39.1508242,-0.437838,2026-05-18
Pamen,Abrera,Catalunya,,,,,osm,41.5189213,1.8991719,2026-05-18
Kenzo,Abrera,Catalunya,,,,,osm,41.5205452,1.9033595,2026-05-18
Donant forma,Abrera,Catalunya,,,,,osm,41.5208347,1.8985736,2026-05-18
Lorena Candal,A Coruña,Galicia,,,,,osm,43.3537419,-8.3954447,2026-05-18
Álvaro The Barber,Logroño,La Rioja,+34941202149,,,https://www.alvarothebarber.com/,osm,42.4668987,-2.4605482,2026-05-18
Barbería Victor,Las Rozas de Madrid,Madrid,+34622645949,,,https://www.labarberiadevictor.com/,osm,40.5510381,-3.8946507,2026-05-18
Konema,Reus,Catalunya,,,,,osm,41.1520586,1.1137906,2026-05-18
PB Norte,Pamplona / Iruña,Navarra,,,,,osm,42.8041341,-1.6754302,2026-05-18
Anna Nava,Gijón / Xixón,Asturias / Asturies,,,,,osm,43.5248139,-5.6741877,2026-05-18
Carlos Cavielles,Gijón / Xixón,Asturias / Asturies,,,,,osm,43.5255825,-5.6745014,2026-05-18
Raysa,A Coruña,Galicia,,,,,osm,43.3521395,-8.3924168,2026-05-18
dayton,Madrid,Madrid,,,,,osm,40.4278408,-3.604919,2026-05-18
Peluquería Luisa Navarro,Garrucha,Andalucía,,,,,osm,37.1853997,-1.8202418,2026-05-18
Angelita,Garrucha,Andalucía,,,,,osm,37.1845827,-1.8205324,2026-05-18
Salon29,Marbella,Andalucía,,,,,osm,36.5105362,-4.8966685,2026-05-18
Peluquería Trihal,Badajoz,Badajoz,+34924270776,,,https://trihal.weebly.com/,osm,38.882611,-6.9926848,2026-05-18
Lola Herrera,Sant Andreu de la Barca,Catalunya,+34936820234,,,,osm,41.4475155,1.9706522,2026-05-18
Iam,Eibar,Euskadi,,,,,osm,43.1848591,-2.471095,2026-05-18
Peluqueira Nancy,Agulo,Canarias,,,,,osm,28.1871879,-17.1942515,2026-05-18
Cut and Comb,Reus,Catalunya,,,,,osm,41.152178,1.1118963,2026-05-18
Nuria Maestre,Sestao,Euskadi,,,,,osm,43.3289059,-3.0068897,2026-05-18
BEZMA,San Andrés y Sauces,Canarias,,,,,osm,28.8034599,-17.7738912,2026-05-18
Villy's,San Andrés y Sauces,Canarias,,,,,osm,28.8036682,-17.7739322,2026-05-18
OKOH,San Andrés y Sauces,Canarias,,,,,osm,28.8036946,-17.7744943,2026-05-18
4 Elementos,A Coruña,Galicia,,,,,osm,43.3518657,-8.3913577,2026-05-18
Peluqueria José,Boiro,Galicia,,,,,osm,42.647765,-8.8847186,2026-05-18
Impakto,Dénia,Comunitat Valenciana,,,,,osm,38.8380292,0.1115926,2026-05-18
Chic Cut Estilistas,Las Rozas de Madrid,Madrid,+34916300771,info@chiccut.com,,https://chiccut.com/,osm,40.5444451,-3.897481,2026-05-18
Stylo Único Peluqueros,Alcalá de Henares,Madrid,,,,,osm,40.4835426,-3.3559603,2026-05-18
Alfonso Jiménez,Caravaca de la Cruz,Murcia,,,,,osm,38.1050728,-1.8591593,2026-05-18
P&P,Salamanca,Salamanca,,,,,osm,40.967203,-5.6529693,2026-05-18
Peluquería Anisbel,Salamanca,Salamanca,+34923227435,salondebellezaanisbel@gmail.com,,,osm,40.9702564,-5.6661088,2026-05-18
Peluquería Silvia Hernandez,Salamanca,Salamanca,,,,,osm,40.9659305,-5.6557752,2026-05-18
Elena y Tino Peluqueros,Salamanca,Salamanca,,,,,osm,40.9688135,-5.6603869,2026-05-18
Nueva Línea Susana Mor,Salamanca,Salamanca,,,,,osm,40.9699489,-5.6690632,2026-05-18
Peluquería Aspasia,Salamanca,Salamanca,,,,,osm,40.9466006,-5.6711034,2026-05-18
Barbería Supreme Cuts,València,Comunitat Valenciana,,,,,osm,39.4537273,-0.3739484,2026-05-18
Barbería Men Low Cost,Pamplona / Iruña,Navarra,+34670103677,,,,osm,42.8329237,-1.6104748,2026-05-18
Peluquería mixta Marta,Valle de Mena,Castilla y León,,,,,osm,43.0999295,-3.282285,2026-05-18
Peluquería De Caballeros Tanger City,Madrid,Madrid,,,,,osm,40.3839407,-3.7407286,2026-05-18
Peinados Jeisa,Madrid,Madrid,,,,,osm,40.3854825,-3.73716,2026-05-18
Barbería Don Jesús,Torrelodones,Madrid,+34912202698,jalea2@telefonica.net,,,osm,40.5521396,-3.8958771,2026-05-18
Destellos Peluqueros,Las Rozas de Madrid,Madrid,+34916304449,consultas@destellospeluqueros.es,,https://destellos-peluqueros.es/,osm,40.5510147,-3.8951582,2026-05-18
Nuevo Siglo,Andoain,Euskadi,+34943593504,,,,osm,43.2214853,-2.0213652,2026-05-18
Salomé,Sudanell,Catalunya,,,,,osm,41.5560862,0.5666542,2026-05-18
Silvia Peluquería,Beniarbeig,Comunitat Valenciana,,,,,osm,38.8231705,-0.0022348,2026-05-18
Peluquería Dávila Ruiz,Madrid,Madrid,,,,,osm,40.3775273,-3.7483083,2026-05-18
La Máquina Barber Shop,Madrid,Madrid,,,,,osm,40.3830001,-3.7420057,2026-05-18
Charlotte's Beauty Salon,Madrid,Madrid,,,,,osm,40.3840707,-3.7405659,2026-05-18
Peluquería D'Caché,Madrid,Madrid,,,,,osm,40.385755,-3.7362795,2026-05-18
Riza & Rizo,Madrid,Madrid,,,,,osm,40.4305638,-3.6069889,2026-05-18
Pèlimes,Beniarbeig,Comunitat Valenciana,,,,,osm,38.8225553,-0.0041966,2026-05-18
MK Hairstyle,Barcelona,Catalunya,,,,,osm,41.3581886,2.0800013,2026-05-18
La Rubia de la Coleta,Madrid,Madrid,,,,,osm,40.4567305,-3.7047251,2026-05-18
O Garoto,Madrid,Madrid,,,,,osm,40.4569616,-3.7038451,2026-05-18
Azzakriti,Aiguafreda,Catalunya,,,azzakriti_barbershop,,osm,41.7662409,2.2520133,2026-05-18
Iquevi,Salamanca,Castilla y León,,,,,osm,40.9671736,-5.6627372,2026-05-18
Pabletes Peluquería Infantil Las Rozas,Las Rozas de Madrid,Madrid,+34675159547,,,https://www.pabletes.com/,osm,40.5354805,-3.8986939,2026-05-18
Mª Carmen Pliego,Madrid,Madrid,,,,,osm,40.4075148,-3.66988,2026-05-18
Carolina Pulido,Madrid,Madrid,,,,,osm,40.3737746,-3.7515256,2026-05-18
Street Style,Madrid,Madrid,,,,,osm,40.3721117,-3.7528411,2026-05-18
Peluqueria i Estètica Elite,Beniarbeig,Comunitat Valenciana,,,,,osm,38.8217643,-0.0057118,2026-05-18
Iniesta,Madrid,Madrid,,,,,osm,40.4066158,-3.6723613,2026-05-18
Meral,Ciudad Rodrigo,Castilla y León,,,,,osm,40.6024543,-6.5324491,2026-05-18
Estrela Brasil,Ciudad Rodrigo,Castilla y León,,,,,osm,40.6002722,-6.527964,2026-05-18
MC Peluqueros,Ciudad Rodrigo,Castilla y León,,,,,osm,40.5989567,-6.5275463,2026-05-18
Que,Ciudad Rodrigo,Castilla y León,,,,,osm,40.6005606,-6.5292461,2026-05-18
Fili,Ciudad Rodrigo,Castilla y León,,,,,osm,40.602244,-6.531611,2026-05-18
Marco Aldarany,Marbella,Andalucía,,,,,osm,36.5105905,-4.8951643,2026-05-18
Peluquería Paqui,Benavides de Órbigo (León),Castilla y León,+34987370811,,,,osm,42.5027309,-5.8978989,2026-05-18
Aristo,Barcelona,Catalunya,,,,,osm,41.3858881,2.1606552,2026-05-18
Adil,Sant Andreu de la Barca,Catalunya,+34652621390,,,,osm,41.4473547,1.9750687,2026-05-18
Uranga Barber Shop,Hondarribia,Euskadi,+34943641149,,,https://urangapeluqueros.com/,osm,43.3703755,-1.7934494,2026-05-18
López Peluqueros,Torrelodones,Madrid,,,,,osm,40.5520573,-3.895841,2026-05-18
Warta,A Coruña,Galicia,,,,,osm,43.3716586,-8.4205831,2026-05-18
Mónica Valera,A Coruña,Galicia,,,,,osm,43.3715805,-8.4227434,2026-05-18
Kyoto22,Puerto Santiago,Canarias,+34922707860,,,,osm,28.2387358,-16.8404454,2026-05-18
JuanK Stylo,Dénia,Comunitat Valenciana,,,,,osm,38.8368962,0.1038083,2026-05-18
La Peluquería,Granada,Granada,+34666044332,lapeluqueriagr@gmail.com,@lapeluqueria_gr,,osm,37.1783559,-3.6119202,2026-05-18
BOB Look Salon,Errenteria,Euskadi,+34943515116,,bob.looksalon,,osm,43.3129001,-1.9009495,2026-05-18
Peluquería Gonzalez,Barcelona,Catalunya,+34934403127,,,,osm,41.3750872,2.116845,2026-05-18
Salvaje Barber Shop,Olvera,Andalucía,,,,,osm,36.9343396,-5.2610509,2026-05-18
Peluquería Lucía Terrones,Cájar,Andalucía,+34958300622,,,,osm,37.1351542,-3.5724071,2026-05-18
Estrella de Noemi,Relleu,Comunitat Valenciana,,,,,osm,38.5872312,-0.3106041,2026-05-18
Cambio & Corto,Valladolid,Castilla y León,,,,,osm,41.6625776,-4.7359425,2026-05-18
Azul i'omo,A Coruña,Galicia,,,,,osm,43.3721709,-8.4232745,2026-05-18
RD Barber,Madrid,Madrid,,,,,osm,40.3935949,-3.7558459,2026-05-18
Teyma,Madrid,Madrid,,,,,osm,40.393053,-3.7554177,2026-05-18
Miralles Estilistas,Madrid,Madrid,,,,,osm,40.4574854,-3.7062028,2026-05-18
Peluquería Leandra Delgado,Madrid,Madrid,,,,,osm,40.3727317,-3.7405966,2026-05-18
Gloria's Estilista,Madrid,Madrid,,,,,osm,40.3730213,-3.7448836,2026-05-18
Tay,Madrid,Madrid,,,,,osm,40.4555207,-3.7034013,2026-05-18
One,Valladolid,Castilla y León,+34983256481,,,,osm,41.6568784,-4.7225964,2026-05-18
Let,Vitoria-Gasteiz,Euskadi,,,,,osm,42.8384477,-2.665177,2026-05-18
Barber Nour,Pego,Comunitat Valenciana,,,,,osm,38.8392762,-0.1200678,2026-05-18
Natalia Valdivieso,Granada,Andalucía,,,,,osm,37.1663689,-3.5964921,2026-05-18
María Teresa,Ribagorza,Aragón,,,,,osm,42.1058889,0.482074,2026-05-18
Alicia Lastra,Granada,Andalucía,,,,,osm,37.1668846,-3.5953016,2026-05-18
Sonia Jiménez Moreno,Granada,Granada,+34958184472,,,,osm,37.1672714,-3.5956237,2026-05-18
Charo Ruano,Madrid,Madrid,,,,,osm,40.3933079,-3.7560022,2026-05-18
Woman Chic,Madrid,Madrid,,,,,osm,40.3918545,-3.7547863,2026-05-18
Pilius,Madrid,Madrid,,,,,osm,40.3916199,-3.7656721,2026-05-18
Wydad Peluquería,Madrid,Madrid,,,,,osm,40.3918194,-3.7657782,2026-05-18
Ronco,Madrid,Madrid,,,,,osm,40.378913,-3.7487142,2026-05-18
Barbería SF,Madrid,Madrid,,,,,osm,40.3787595,-3.7534036,2026-05-18
Peluquería Martinez Pascal,Murcia,Murcia,,,,,osm,37.9840806,-1.1301986,2026-05-18
La Chistabina,Sobrarbe,Aragón,,,,,osm,42.5812734,0.3381656,2026-05-18
Jerónimo Peluqueros,Granada,Granada,+34958637654,jeronimopeluqueros@yahoo.es,@jeronimopeluqueros,,osm,37.1776742,-3.6118413,2026-05-18
R&C Salón,Granada,Granada,+34958081712,ryc.beauty@gmail.com,@ryc_salon,https://rycsalon.mozello.com/,osm,37.177765,-3.611558,2026-05-18
HF Peluquerías,Madrid,Madrid,,,,,osm,40.458907,-3.6994186,2026-05-18
Peluquería Mayte Díaz,La Zubia,Andalucía,,,,,osm,37.1445964,-3.5712962,2026-05-18
Vicente,Reus,Catalunya,,,,,osm,41.156288,1.1112848,2026-05-18
Concha García Peluqueros,Madrid,Madrid,,,,,osm,40.463396,-3.6987473,2026-05-18
Pasarela,Madrid,Madrid,,,,,osm,40.4581699,-3.7006768,2026-05-18
Peluqueros A &A,Madrid,Madrid,,,,,osm,40.4579345,-3.700277,2026-05-18
Sandra & Javier,Madrid,Madrid,,,,,osm,40.387427,-3.7406839,2026-05-18
Marivi Rojas,Madrid,Madrid,,,,,osm,40.3877546,-3.7405657,2026-05-18
Nava,Madrid,Madrid,,,,,osm,40.3962333,-3.7147369,2026-05-18
Peluquería Hugo Espinosa,Madrid,Madrid,,,,,osm,40.3961672,-3.7135528,2026-05-18
Acqua Estilistas,Madrid,Madrid,,,,,osm,40.4561619,-3.7035157,2026-05-18
Daniel Barber Crew,Madrid,Madrid,,,,,osm,40.456167,-3.7035551,2026-05-18
Peluquería Torralbo,Mengíbar,Andalucía,,,,,osm,37.9698064,-3.8074295,2026-05-18
Trazos,Madrid,Madrid,,,,,osm,40.486849,-3.69,2026-05-18
Studio Graccirene,Madrid,Madrid,,,,,osm,40.4571196,-3.7053147,2026-05-18
NS Fussion,Granada,Andalucía,,,,,osm,37.1691141,-3.6048897,2026-05-18
My Own Style,Granada,Andalucía,,,,,osm,37.1714398,-3.6053732,2026-05-18
PM Espínola,Granada,Andalucía,,,,,osm,37.1710905,-3.6047645,2026-05-18
Peluqueros Ferrán,Granada,Andalucía,,,,,osm,37.1714895,-3.6045049,2026-05-18
RAM53LA,Reus,Catalunya,,,,,osm,41.1576455,1.1123481,2026-05-18
Perfils,Granada,Andalucía,,,,,osm,37.1655898,-3.5892127,2026-05-18
Raúl Design,Madrid,Madrid,,,,,osm,40.457905,-3.6988433,2026-05-18
La Apariencia,València,Comunitat Valenciana,+34960151872,,laapariencia_barber,https://booksy.com/en-es/1655_barbaman-perez-galdos_barberia_58087_valencia,osm,39.4739864,-0.3952654,2026-05-18
Elementho Perruquers,Santa Eulàlia de Ronçana,Catalunya,,,,,osm,41.6305583,2.1645811,2026-05-18
Carmen Ruiz,Granada,Andalucía,,,,,osm,37.1518292,-3.6009323,2026-05-18
Yassin,Sant Vicenç de Montalt,Catalunya,,,,,osm,41.572724,2.482413,2026-05-18
Urbà,Reus,Catalunya,,,,,osm,41.1452841,1.1146157,2026-05-18
Hebe Peluqueros,Granada,Andalucía,,,,,osm,37.1629845,-3.5943621,2026-05-18
AP Cortes & Afeitados,Orihuela,Comunitat Valenciana,,,,,osm,38.0637301,-0.8953504,2026-05-18
La Teva,Reus,Catalunya,,,,,osm,41.1482819,1.1215422,2026-05-18
Peluquería Estética Margot,O Barco,Galicia,,,,,osm,42.4167041,-6.9866079,2026-05-18
Jessica Amat,Granada,Andalucía,+34958138440,,,,osm,37.1600435,-3.5863779,2026-05-18
L9 Peluquería caballeros,San Cristobal de La Laguna,Canarias,,,,,osm,28.4838564,-16.3142597,2026-05-18
Look Kids,Granada,Andalucía,,,,,osm,37.170522,-3.5967919,2026-05-18
Laura Romero,Granada,Andalucía,,,,,osm,37.1706682,-3.596946,2026-05-18
Maru Peluquería,Granada,Andalucía,,,,,osm,37.1590207,-3.5861675,2026-05-18
Peluquería Flory,Galera,Andalucía,,,,,osm,37.7428967,-2.5508815,2026-05-18
Esther Miras,Granollers,Catalunya,+34938702075,,,,osm,41.6068175,2.2857856,2026-05-18
Aníbal,Madrid,Madrid,,,,,osm,40.3913567,-3.6573618,2026-05-18
D'moda,Madrid,Madrid,,,,,osm,40.3914274,-3.6577935,2026-05-18
Bartolomé Montero,Granada,Andalucía,,,,,osm,37.1627041,-3.5869653,2026-05-18
Peluquería Jorge Montero,Granada,Andalucía,,,,,osm,37.1609236,-3.5864612,2026-05-18
New Style's Haircut,Colmenar Viejo,Madrid,,,,,osm,40.6616981,-3.7684501,2026-05-18
Hair Style Victoria's,Colmenar Viejo,Madrid,,,,,osm,40.655589,-3.7651749,2026-05-18
Nicol''s,Madrid,Madrid,,,,,osm,40.4524238,-3.6998949,2026-05-18
Famosso Barber,Colmenar Viejo,Madrid,,,,,osm,40.6620173,-3.7666559,2026-05-18
Haircut,Colmenar Viejo,Madrid,,,,,osm,40.6596051,-3.7604439,2026-05-18
Toñi Quirós,Granada,Andalucía,+34958127705,,,,osm,37.1656487,-3.5942238,2026-05-18
Peluquería Dharma,Palma,Illes Balears,+34871508604,,,,osm,39.5833784,2.6471977,2026-05-18
Serenily,Benissa,Comunitat Valenciana,,,,,osm,38.6823995,0.1205111,2026-05-18
Elena Clot,Puigcerdà,Catalunya,,,,,osm,42.4294041,1.926069,2026-05-18
Xavier Arcarons,Granollers,Catalunya,,,,,osm,41.6060555,2.2875846,2026-05-18
JennLo estilistas,Leganés,Madrid,,,,,osm,40.3286819,-3.8311926,2026-05-18
Miguel Peluqueros,Colmenar Viejo,Madrid,,,,,osm,40.6602065,-3.7672535,2026-05-18
Peluquería Huétor Vega,La Zubia,Andalucía,,,,,osm,37.1469106,-3.5712097,2026-05-18
Hermanas Carrascosa,La Zubia,Andalucía,,,,,osm,37.1471482,-3.5716743,2026-05-18
A&M Perruqueria Unisex,Barcelona,Barcelona,,,,https://ueniweb.com,osm,41.3728449,2.1124716,2026-05-18
Peluquería Tedrín,Majadahonda,Madrid,+34911550480,,,,osm,40.4705543,-3.8749237,2026-05-18
Alex perruquers,Avinyó,Catalunya,,,,,osm,41.8625569,1.9706022,2026-05-18
Perruquería Irene Costa,Avinyó,Catalunya,,,,,osm,41.8653917,1.9710013,2026-05-18
Perruquería Teresa Codina,Avinyó,Catalunya,,,,,osm,41.8646088,1.9705518,2026-05-18
Zenith,Valladolid,Castilla y León,,,,,osm,41.6543074,-4.7208619,2026-05-18
Jesús Burgos,Granada,Andalucía,,,,,osm,37.1623242,-3.5957656,2026-05-18
T Miranda,Granada,Andalucía,,,,,osm,37.1654703,-3.5949228,2026-05-18
Peluquería Roma,Granada,Andalucía,,,,,osm,37.1624263,-3.5890181,2026-05-18
Peluquería S&G,Madrid,Madrid,,,,,osm,40.3868111,-3.7580324,2026-05-18
Moles Peluqueros,Atarfe,Andalucía,+34618877491,,,,osm,37.2232801,-3.6869258,2026-05-18
Peluquería Regalito,Granada,Andalucía,,,,,osm,37.16191,-3.5952303,2026-05-18
Peluquería Marta Gutiérrez,Granada,Andalucía,,,,,osm,37.1665559,-3.5955157,2026-05-18
Cool Estilistes,Granollers,Catalunya,+34931764218,,,,osm,41.6052881,2.2870067,2026-05-18
Alonso Peluqueros,Granada,Andalucía,,,,,osm,37.1708327,-3.5996173,2026-05-18
Cristina Torres,Ferrol,Galicia,,,,,osm,43.4798672,-8.245067,2026-05-18
Peluquería Muntha,Sabadell,Barcelona,,,,,osm,41.5553526,2.0887541,2026-05-18
System,Madrid,Madrid,,,,,osm,40.3935804,-3.7614847,2026-05-18
Larisa,Madrid,Madrid,,,,,osm,40.3946111,-3.7635854,2026-05-18
Dory's Estilista,Madrid,Madrid,,,,,osm,40.3953396,-3.7660687,2026-05-18
Giovanni,Madrid,Madrid,,,,,osm,40.3920665,-3.7647636,2026-05-18
Nails & Beauty,Madrid,Madrid,,,,,osm,40.3930593,-3.7608118,2026-05-18
Pelucas Oncológicas,Madrid,Madrid,,,,https://free-style.es/,osm,40.3934223,-3.7559961,2026-05-18
The Barber Shop - Peluquería Y Barbería,Almonte,Andalucía,,,,,osm,37.2575196,-6.5131314,2026-05-18
Criss,Madrid,Madrid,,,,,osm,40.3885804,-3.7559101,2026-05-18
Jarose,Madrid,Madrid,,,,,osm,40.3894065,-3.7549431,2026-05-18
Arantza Garcia,Bilbao,Vizcaya,+34944745519,,,,osm,43.2768241,-2.9571434,2026-05-18
Identy,Salamanca,Castilla y León,,,,,osm,40.9687991,-5.6669832,2026-05-18
Nortes,Cádiz,Andalucía,,,,,osm,36.5274575,-6.289697,2026-05-18
Yani's Style Peluquera,San Isidro,Canarias,+34662511002,,,,osm,28.087658,-16.5574942,2026-05-18
Peluquería Cocó,Tarragona,Catalunya,,,,,osm,41.1213553,1.2111425,2026-05-18
Thaly Estilistes,Tarragona,Catalunya,,,,,osm,41.1219372,1.211116,2026-05-18
Caramelo,Valladolid,Castilla y León,,,,,osm,41.645413,-4.7145523,2026-05-18
Barberia 18,Tamaimo,Canarias,,,,,osm,28.2675664,-16.8188226,2026-05-18
Atenea,els Poblets,Comunitat Valenciana,,,,,osm,38.8509972,0.0184721,2026-05-18
Pelu qué arte!,Madrid,Madrid,+34918216695,,,https://pelu-que-arte.negocio.site/,osm,40.440182,-3.6791087,2026-05-18
Olga & Pons,Amposta,Catalunya,,,,,osm,40.7037125,0.5774775,2026-05-18
Reme Peluquería Estética,Guía de Isora,Canarias,+34922860703,,,,osm,28.2380207,-16.841233,2026-05-18
Peluquería de caballeros Vicente,Majadahonda,Madrid,+34609078678,,,,osm,40.4724479,-3.8760639,2026-05-18
Lara Peluqueros,Granada,Andalucía,,,,,osm,37.163173,-3.5946757,2026-05-18
Garbo,Torrelaguna,Madrid,,,,,osm,40.826437,-3.5374784,2026-05-18
Peluquería Ana y Jorge,Santa Cruz de Tenerife,Canarias,,,,,osm,28.522919,-16.338646,2026-05-18
Emede,Santa Cruz de Tenerife,Canarias,,,,,osm,28.5224122,-16.3380102,2026-05-18
Julia's,Madrid,Madrid,,,,,osm,40.392163,-3.7417044,2026-05-18
Jon Torres Estilista,Alegría-Dulantzi,Euskadi,+34945420921,,,,osm,42.8411674,-2.5110835,2026-05-18
La Pelu de Bea,Pravia,Asturias / Asturies,,,,,osm,43.4889286,-6.1125643,2026-05-18
Premium,Pravia,Asturias / Asturies,,,,,osm,43.4884986,-6.1126997,2026-05-18
La Volta,Torroella de Montgrí,Catalunya,+34872204698,,,,osm,42.0403156,3.1264435,2026-05-18
Peluquería Carmen Hompanera,Madrid,Madrid,+34910724476,,,,osm,40.3938512,-3.7539211,2026-05-18
Valentín,San Juan de Alicante,Comunitat Valenciana,+34965657398,valentinpeluqueros@hotmail.com,,http://www.valentinpeluqueros.es/,osm,38.4005838,-0.4346518,2026-05-18
Katy's Hair,Madrid,Madrid,,,,,osm,40.4123218,-3.7325573,2026-05-18
Peluquería Paco Tijeras,Madrid,Madrid,,,,,osm,40.4010381,-3.633863,2026-05-18
Bellos Hair Stylist,Atarfe,Andalucía,+34662253443,,,,osm,37.218272,-3.6874054,2026-05-18
Barberia Bosch,Girona,Catalunya,,,,,osm,41.9889886,2.8246164,2026-05-18
Cristina Morales Estilistas,Madrid,Madrid,,,,,osm,40.3952466,-3.7531681,2026-05-18
Toques Peluquería Estética,Madrid,Madrid,+34917196432,,,,osm,40.3944422,-3.7518528,2026-05-18
Eros Peluquería Unisex,Madrid,Madrid,,,,,osm,40.3918627,-3.7511042,2026-05-18
Rafael Jiménez Estilista,Sevilla,Sevilla,+34854552410,,,,osm,37.3579641,-5.9859141,2026-05-18
Mira Ke Pelos,Madrid,Madrid,+34917175220,,,,osm,40.3902378,-3.752802,2026-05-18
Jarlien,O Barco,Galicia,,,,,osm,42.4174623,-6.9887597,2026-05-18
Barbería Santiago Navarro,Sevilla,Sevilla,+34627627070,,,,osm,37.377965,-6.012315,2026-05-18
Rosa Ferreira,Ames,Galicia,,,,,osm,42.9151974,-8.7354747,2026-05-18
Carmen Olmedo Estilismo y Peluquería,Sevilla,Sevilla,,,,,osm,37.3843681,-6.0087597,2026-05-18
Utges Chocolat,Sant Feliu de Llobregat,Catalunya,+34936855851,,,,osm,41.3872528,2.0550959,2026-05-18
La Barbería V.,Sevilla,Sevilla,+34955544818,,,,osm,37.382926,-6.0122915,2026-05-18
Peluquería Manuela Dote,Granada,Andalucía,,,,,osm,37.1711595,-3.6067276,2026-05-18
Peluquería de Caballeros,Sevilla,Sevilla,+34633041280,,,,osm,37.3833373,-6.0085891,2026-05-18
Marcos Salmerón,Granada,Andalucía,,,,,osm,37.1663932,-3.6053124,2026-05-18
Cardy's,Madrid,Madrid,,,,,osm,40.3919651,-3.7419697,2026-05-18
Claroscuro hair salon,Sevilla,Sevilla,+34629582789,,,,osm,37.3716874,-6.0027698,2026-05-18
Peluquería ARTE SANA,Sevilla,Sevilla,+34685381709,peluqueriaartesana@gmail.com,,https://golfoboe.wixsite.com/ayssevilla/contacto,osm,37.3722303,-5.9976194,2026-05-18
Peluquería Aros,Sevilla,Sevilla,+34954450380,,,,osm,37.3723145,-6.0005874,2026-05-18
The Hair Studio,Sevilla,Sevilla,+34954276999,,,,osm,37.3751528,-5.9968792,2026-05-18
Paco Cerrato,Sevilla,Sevilla,+34954271786,,,,osm,37.3765143,-5.9968755,2026-05-18
Eduardo Marina,Madrid,Madrid,,,,,osm,40.4008052,-3.7002519,2026-05-18
Sara Robles Peluquería,Madrid,Madrid,,,,,osm,40.3888539,-3.7607823,2026-05-18
Loghatti,Madrid,Madrid,,,,,osm,40.3892583,-3.7609044,2026-05-18
Peluquería Canina Kalulo,Madrid,Madrid,,,,,osm,40.3892558,-3.7605657,2026-05-18
Yalex Peluquer@s,Madrid,Madrid,,,,,osm,40.3895349,-3.7610786,2026-05-18
Peluquería Carmen,Paredes de Nava,Castilla y León,,,,,osm,42.1546776,-4.6929105,2026-05-18
Perruqueria Ayoub,Barcelona,Catalunya,,,,,osm,41.4365304,2.2199355,2026-05-18
Peluqueria Vega,Las Palmas de Gran Canaria,Canarias,+34610827953,,,,osm,28.0953105,-15.446602,2026-05-18
AME Peluqueros,Madrid,Madrid,,,,,osm,40.4490887,-3.5949474,2026-05-18
Perruqueria Maria Dominguez,Barcelona,Catalunya,,,,,osm,41.409659,2.2102668,2026-05-18
Lita,Madrid,Madrid,,,,,osm,40.391427,-3.7100839,2026-05-18
Peluquería Chic Estética,Sevilla,Sevilla,+34650948297,,,,osm,37.3749421,-6.0008237,2026-05-18
Descaro,la Pobla de Farnals,Comunitat Valenciana,,,,,osm,39.5683273,-0.3347417,2026-05-18
Barberia Los Remedios,Sevilla,Sevilla,+34619968559,,,,osm,37.375272,-6.0012843,2026-05-18
Marrakech,Madrid,Madrid,,,,,osm,40.4568458,-3.701521,2026-05-18
Badr,Dénia,Comunitat Valenciana,,,,,osm,38.8372698,0.1061444,2026-05-18
Peluquería Géminis,O Barco,Galicia,,,,,osm,42.4165926,-6.9813423,2026-05-18
Edur Ileapaindegia,Plentzia,Euskadi,,,,,osm,43.4039107,-2.9485107,2026-05-18
Seven estilistes,Vilanova i la Geltrú,Catalunya,,,,,osm,41.2229228,1.7222476,2026-05-18
Peluquería de caballeros J. Centeno,Granada,Andalucía,+34958259537,,,,osm,37.1726207,-3.6078005,2026-05-18
Stylistics O'Nneil,la Pobla de Farnals,Comunitat Valenciana,,,,,osm,39.5653166,-0.2838681,2026-05-18
Venus Fashion Peluqueria (unisex),Torrox-Costa,Andalucía,+34952530490,,,,osm,36.7298714,-3.9632361,2026-05-18
DIWAY BARBER SHOP,Andoain,Euskadi,,,,,osm,43.2196724,-2.0214722,2026-05-18
Nieves Sivera,Dénia,Comunitat Valenciana,,,,,osm,38.8403719,0.1134951,2026-05-18
Divers Estilistas,Orihuela,Comunitat Valenciana,+34651520479,,,,osm,38.0319977,-0.819116,2026-05-18
Mavi's peluquería,Palma,Illes Balears,,,,,osm,39.5696209,2.6323604,2026-05-18
Peluquería Mimate,Madrid,Madrid,,,,,osm,40.4587429,-3.7040337,2026-05-18
Barber Shop Rayan,Reus,Catalunya,,,,,osm,41.1535795,1.0975079,2026-05-18
badis,Reus,Catalunya,,,,,osm,41.151543,1.0977004,2026-05-18
Silvia Cuevas,La Campana,Andalucía,,,,,osm,37.5683828,-5.4289194,2026-05-18
Elegant,Barcelona,Catalunya,,,,,osm,41.3850519,2.1482385,2026-05-18
Peluquería Calderón,Barcelona,Catalunya,,,,,osm,41.383334,2.1460253,2026-05-18
Carolina’s Shampoo,Torrox-Costa,Andalucía,+34643486427,,,,osm,36.7295866,-3.9602278,2026-05-18
Why not,Barcelona,Catalunya,,,,,osm,41.3906933,2.1497706,2026-05-18
Peluqueria Sami,Sant Andreu de la Barca,Catalunya,+34602033538,,,,osm,41.4481906,1.9711212,2026-05-18
Chriss Gentlements Barber,Torrevieja,Comunitat Valenciana,,,,,osm,38.0113677,-0.6912009,2026-05-18
Friseursalon Schnee,Torrox-Costa,Andalucía,+34651539190,marinieves75@gmail.com,,,osm,36.7293383,-3.9622538,2026-05-18
La Tijera de Marisol,Logroño,La Rioja,,,,,osm,42.4660561,-2.4577897,2026-05-18
Peluquería Octavio,Logroño,La Rioja,,,,,osm,42.4658677,-2.4570017,2026-05-18
SPSTYLE,Barcelona,Catalunya,+34930040475,,peluqueriaspstyle,,osm,41.3622697,2.1335839,2026-05-18
Arsenos perruquers,Barcelona,Catalunya,+34932264129,,,,osm,41.3797445,2.144082,2026-05-18
Janai,Castropol,Asturias / Asturies,,,,,osm,43.5341663,-7.042144,2026-05-18
Blow hair saloon,Barcelona,Catalunya,+34930268734,,,,osm,41.3983754,2.1983412,2026-05-18
Sabela Naveiras,Narón,Galicia,+34881934865,,,,osm,43.495577,-8.2014618,2026-05-18
Lucas Muros,La Zubia,Andalucía,,,,,osm,37.147663,-3.5722917,2026-05-18
Eleyma,Córdoba,Córdoba,+34627131248,,@eleyma2010,,osm,37.8903746,-4.7980631,2026-05-18
Peluquería Volumen,Velilla del Río Carrión,Castilla y León,,,,,osm,42.8267869,-4.846352,2026-05-18
Ster Style,Tremp,Catalunya,,,,,osm,42.1642318,0.8932797,2026-05-18
Perruqueria de la Barca,Sant Vicenç dels Horts,Catalunya,,,,,osm,41.4473007,1.9693453,2026-05-18
Crystal,Valladolid,Castilla y León,,,,,osm,41.6462696,-4.7229205,2026-05-18
Peluquería Elieger,Madrid,Madrid,,,,,osm,40.3962767,-3.7621097,2026-05-18
Barbería de Caballeros,Madrid,Madrid,,,,,osm,40.3960067,-3.7641199,2026-05-18
Afro Peluquería Grace of God,Madrid,Madrid,+34917111269,,,,osm,40.3959002,-3.7642297,2026-05-18
Peluquería Studio R,O Barco,Galicia,,,,,osm,42.4156751,-6.9857966,2026-05-18
EB Barbershop,Barcelona,Catalunya,,,,,osm,41.4433882,2.2225523,2026-05-18
CIM,Sant Vicenç dels Horts,Catalunya,,,,,osm,41.4473979,1.9672907,2026-05-18
Clash,Barcelona,Catalunya,,,,,osm,41.384934,2.1375261,2026-05-18
Rita de Cássia,Bilbao,Euskadi,,,,,osm,43.2673472,-2.9171469,2026-05-18
Barbería Top,Madrid,Madrid,,,,,osm,40.4241539,-3.7069946,2026-05-18
Maketube,Madrid,Madrid,,,,,osm,40.4215583,-3.6990753,2026-05-18
Els Poblets,Beniarbeig,Comunitat Valenciana,,,,,osm,38.8493017,0.0164099,2026-05-18
Simón Peluqueros,Barcelona,Catalunya,,,,,osm,41.4434283,2.1654255,2026-05-18
Paco Muñoz,Córdoba,Andalucía,,,,,osm,37.8907057,-4.7618527,2026-05-18
Raees perruqueria,Barcelona,Catalunya,+34612558855,,,,osm,41.4416347,2.2196982,2026-05-18
Apache,Las Palmas de Gran Canaria,Canarias,,,,,osm,28.1448219,-15.4298583,2026-05-18
Kar & Ver,Barcelona,Catalunya,,,,,osm,41.3856782,2.1429724,2026-05-18
Barberia Sergio,Barcelona,Catalunya,,,,,osm,41.372464,2.1004151,2026-05-18
Hassan Maruid,Córdoba,Andalucía,,,,,osm,37.8979224,-4.7795244,2026-05-18
K-anuka,Tarragona,Catalunya,,,,,osm,41.1174092,1.2453344,2026-05-18
Paris,Tarragona,Catalunya,,,,,osm,41.1170428,1.2461521,2026-05-18
tusextensiones,Tarragona,Catalunya,,,,,osm,41.1169052,1.2465004,2026-05-18
Da'Yos,Madrid,Madrid,,,,,osm,40.3790747,-3.7798564,2026-05-18
Viky's,Madrid,Madrid,,,,,osm,40.3791704,-3.7792392,2026-05-18
Peluquería de caballeros Düsseldorf,Madrid,Madrid,,,,,osm,40.3810668,-3.6247856,2026-05-18
Barbería Gallardo,Sevilla,Andalucía,,,,,osm,37.3359431,-6.0263684,2026-05-18
Peluquería Rarol Monik,València,Comunitat Valenciana,,,,,osm,39.4668512,-0.339982,2026-05-18
Peluquería Alba,Camelle,Galicia,+34698150733,,,,osm,43.1861875,-9.0935041,2026-05-18
Cortés,Palma,Illes Balears,,,,,osm,39.5942,2.6175808,2026-05-18
Barber Sant Joan,Barcelona,Barcelona,+34931922269,,,,osm,41.4012839,2.1665978,2026-05-18
Khloe Perruqueria,Barcelona,Barcelona,+34632843101,,,,osm,41.400731,2.1720755,2026-05-18
Peluquería Teresa Santiago,Barcelona,Barcelona,+34933396468,,,,osm,41.3760403,2.1324737,2026-05-18
New Look,Eibar,Euskadi,,,,,osm,43.1838146,-2.4757998,2026-05-18
Abde barber shop,Eibar,Euskadi,,,,,osm,43.1838413,-2.4754969,2026-05-18
Natura Style,Madrid,Madrid,,,,,osm,40.4576244,-3.7829201,2026-05-18
BelA,Madrid,Madrid,,,,,osm,40.4579291,-3.7825736,2026-05-18
Peluqueria Juan,Madrid,Madrid,,,,,osm,40.4584079,-3.78265,2026-05-18
Maiden,Córdoba,Andalucía,,,,,osm,37.8965983,-4.7766832,2026-05-18
Street Cut,Eibar,Euskadi,,,,,osm,43.1852056,-2.4697049,2026-05-18
Medussa Hair Studio,Madrid,Madrid,+34623036374,,,,osm,40.4112399,-3.7111582,2026-05-18
Arte Peluqueros,Málaga,Málaga,+34656974140,,,,osm,36.7247691,-4.4218931,2026-05-18
BM Belleza Masculina,Málaga,Málaga,+34951282733,,,https://www.bmbellezamasculina.com/,osm,36.7244359,-4.4217637,2026-05-18
Paqui Alcaide Peluquería y Estética,Málaga,Málaga,+34952223033,,,,osm,36.722876,-4.4219013,2026-05-18
Avilés,Barcelona,Catalunya,+34934305180,aviles@barberiatradicional.com,,http://www.barberiatradicional.com,osm,41.3842598,2.1447772,2026-05-18
D'More Nike,Madrid,Madrid,,,,,osm,40.3940968,-3.7089704,2026-05-18
Miguel Callejas,Granada,Andalucía,,,,,osm,37.1888076,-3.6120981,2026-05-18
Imran,Barcelona,Catalunya,,,,,osm,41.3648571,2.0735571,2026-05-18
Victoria 37,Córdoba,Andalucía,,,,,osm,37.8833579,-4.7845738,2026-05-18
Le Luné,Córdoba,Andalucía,,,,,osm,37.8811973,-4.7903084,2026-05-18
RTM Peluquería,Córdoba,Andalucía,,,,,osm,37.8808562,-4.7903317,2026-05-18
Xavier,Barcelona,Catalunya,,,,,osm,41.3646854,2.0742392,2026-05-18
Jorge Pérez Estilistas,Córdoba,Andalucía,,,,,osm,37.8837453,-4.7810706,2026-05-18
Giuseppe Canino,Sevilla,Andalucía,,,,,osm,37.3893906,-5.9899962,2026-05-18
Beloki,Lodosa,Navarra,+34667000183,,,,osm,42.424264,-2.0800502,2026-05-18
Truhán & Señor Barbershop,Palma,Illes Balears,,,,,osm,39.5731392,2.6515775,2026-05-18
Emilio's,Zaragoza,Aragón,+34976271099,,,,osm,41.6315187,-0.8877293,2026-05-18
Vicpatric,Zaragoza,Aragón,+34976278861,,,,osm,41.6324239,-0.887158,2026-05-18
Beatriz Torralba,Zaragoza,Aragón,,,,,osm,41.6325579,-0.886864,2026-05-18
Peluquería Silvia Leal,Cádiz,Andalucía,,,,,osm,36.5066768,-6.2664116,2026-05-18
Carus,Gijón / Xixón,Asturias / Asturies,,,,,osm,43.529579,-5.6711785,2026-05-18
Fuset,Gijón / Xixón,Asturias / Asturies,,,,,osm,43.5294965,-5.668182,2026-05-18
Sancho,la Pobla de Farnals,Comunitat Valenciana,,,,,osm,39.5911558,-0.3364006,2026-05-18
David Martin Barbershop,Granada,Andalucía,,,,,osm,37.1734058,-3.5946718,2026-05-18
Ris d'Or,Felanitx,Illes Balears,,,,,osm,39.4126599,3.2607309,2026-05-18
Carmen Cardona,Ceuta,,,,,,osm,35.8912291,-5.3222615,2026-05-18
CarloSantiago,Valladolid,Castilla y León,,,,,osm,41.6524138,-4.7243631,2026-05-18
Men's Barber Shop,Arroyo de la Miel-Benalmádena Costa,Andalucía,,,,,osm,36.6198065,-4.4989151,2026-05-18
Peluquería Mª Carmen,Ugíjar,Andalucía,,,,,osm,36.9619593,-3.0538132,2026-05-18
Secretos del Agua,Madrid,Madrid,,,,,osm,40.4678358,-3.6852421,2026-05-18
Cristina Pardo Perruquers,Granollers,Catalunya,+34938497722,,,,osm,41.6200559,2.2925307,2026-05-18
Bertony,Gijón / Xixón,Asturias / Asturies,,,,,osm,43.5279947,-5.6701429,2026-05-18
Guimay's,Gijón / Xixón,Asturias / Asturies,,,,,osm,43.5341652,-5.6647098,2026-05-18
Fran Lavandera,Gijón / Xixón,Asturias / Asturies,,,,,osm,43.5279366,-5.6697633,2026-05-18
St. Martin,Málaga,Andalucía,,,,,osm,36.7158879,-4.4238443,2026-05-18
13,Málaga,Andalucía,,,,,osm,36.715074,-4.4244259,2026-05-18
Degrada2,Zaragoza,Aragón,+34976051077,,,,osm,41.6361323,-0.8785323,2026-05-18
Conchi Blanco,Sant Vicenç dels Horts,Catalunya,,,,,osm,41.444229,1.9758264,2026-05-18
Fa&ma,Torre de la Reina,Andalucía,,,,,osm,37.514075,-6.0258395,2026-05-18
Peluqueria Mada,Las Pajanosas,Andalucía,,,,,osm,37.5795678,-6.1086141,2026-05-18
Mayka,Boiro,Galicia,,,,,osm,42.6448126,-8.8871931,2026-05-18
L&L Estilistas,Boiro,Galicia,,,,,osm,42.6454351,-8.8880865,2026-05-18
Mª José Mariño,Boiro,Galicia,+34981844333,,,,osm,42.6468328,-8.8847977,2026-05-18
Duo Estilistas,Boiro,Galicia,,,,,osm,42.6450407,-8.8863437,2026-05-18
Chuito,Boiro,Galicia,,,,,osm,42.6456524,-8.8829749,2026-05-18
Anjana,Liérganes,Cantabria,,,,,osm,43.3459137,-3.7431134,2026-05-18
Inés,Liérganes,Cantabria,,,,,osm,43.3460642,-3.74452,2026-05-18
A Barberia De Fran,Santa Cruz,Galicia,+34981615301,,@abarberiadefran00,,osm,43.3484726,-8.344678,2026-05-18
As de Picas,Jaén,Andalucía,+34953964045,asdepicaspeluqueros@hotmail.com,,https://www.asdepicaspeluqueros.com/,osm,37.7824588,-3.7885665,2026-05-18
Barbershop Manolo Román,Cádiz,Andalucía,+34956229909,,,,osm,36.5311479,-6.3019238,2026-05-18
Haizea,Valle de Trápaga-Trapagaran,Euskadi,+34946574431,,,,osm,43.3022433,-3.0368692,2026-05-18
Tu Stylo,Medio Cudeyo,Cantabria,,,,,osm,43.4128266,-3.698171,2026-05-18
Adri Hairs,Dos Hermanas,Andalucía,,,,,osm,37.2913231,-5.9247494,2026-05-18
Madi's,Zamora,Castilla y León,,,,,osm,41.4954117,-5.683305,2026-05-18
Hugo Hevia,Oviedo,Asturias / Asturies,,,,,osm,43.3673262,-5.8746675,2026-05-18
Virginia Melón estilistas,Burgos,Castilla y León,+34947224265,,,,osm,42.3473222,-3.6946472,2026-05-18
Queen,Girona,Catalunya,,,,,osm,41.9782192,2.8135502,2026-05-18
Cym,Sineu,Illes Balears,,,,,osm,39.6439929,3.0124474,2026-05-18
Eibar,Eibar,Euskadi,,,,,osm,43.1851414,-2.4663304,2026-05-18
Oslo,Eibar,Euskadi,,,,,osm,43.1850012,-2.4682327,2026-05-18
La Barbería,Renedo de Piélagos,Cantabria,,,,,osm,43.3549241,-3.9538572,2026-05-18
Contraste,Boiro,Galicia,,,,,osm,42.6473544,-8.8820189,2026-05-18
Peluquería & Barbería Caballeros Sam,Galapagar,Madrid,+34660645969,,,,osm,40.5791858,-3.9545557,2026-05-18
JC Martín,San Cristóbal de Segovia,Castilla y León,,,,,osm,40.95194,-4.0811558,2026-05-18
Tóvane,Aranda de Duero,Castilla y León,,,,,osm,41.6742445,-3.6859979,2026-05-18
Ana Salmerón,Reus,Catalunya,,,,,osm,41.1549457,1.10209,2026-05-18
Bonfill,Reus,Catalunya,,,,,osm,41.1532315,1.1025492,2026-05-18
Peluquería Aranzazu Bertos,Granada,Andalucía,,,,,osm,37.1602196,-3.5949156,2026-05-18
Crazy hair,Sant Pol de Mar,Catalunya,,,,,osm,41.6019207,2.6228887,2026-05-18
Stylo Libre,San Fernando de Henares,Madrid,,,,,osm,40.4283065,-3.5371719,2026-05-18
The Hair's Shop,Reus,Catalunya,,,,,osm,41.1508061,1.1034796,2026-05-18
Pociello,Barcelona,Barcelona,,,,,osm,41.384669,2.1522361,2026-05-18
Ponte Guapo,Torrejón de Ardoz,Madrid,,,,,osm,40.4588937,-3.4684517,2026-05-18
D. Lujo,Granada,Andalucía,,,,,osm,37.1639855,-3.596127,2026-05-18
Hedmon,Granada,Andalucía,+34624400887,,,,osm,37.157483,-3.5959053,2026-05-18
Silvia Valverde,Granada,Andalucía,,,,,osm,37.1594439,-3.6017834,2026-05-18
Enfoke,Cercedilla,Madrid,,,,,osm,40.7400928,-4.0577562,2026-05-18
Skull Barber Shop Madrid,Madrid,Madrid,,,,https://skullbarber.es/skull-barber-shop-madrid/,osm,40.4021299,-3.5610939,2026-05-18
Peluquería Isabel Arauzo,Burgos,Burgos,,,,,osm,42.364281,-3.6562971,2026-05-18
Peluquería y Estética Nelly,Burgos,Burgos,,,,,osm,42.3638656,-3.6563926,2026-05-18
Axel Peluqueros - Israel,Burgos,Burgos,,,,,osm,42.3638315,-3.6564302,2026-05-18
Sara Sacristán Estilistas,Burgos,Burgos,,,,,osm,42.3630045,-3.6577271,2026-05-18
Con Arte,Burgos,Burgos,,,,,osm,42.3630431,-3.6587453,2026-05-18
Extension Mania,Alcalá de Henares,Madrid,,,,,osm,40.4711062,-3.4443252,2026-05-18
Ensanche,Huesca/Uesca,Aragón,,,,,osm,42.13912,-0.4153344,2026-05-18
Hair Studio,Reus,Catalunya,,,,,osm,41.1561373,1.1050133,2026-05-18
PERRUQUUERS,Reus,Catalunya,,,,,osm,41.1553833,1.1069455,2026-05-18
Peluquería OD &Aquillue,Manresa,Catalunya,+34938730844,,,,osm,41.7307635,1.8275963,2026-05-18
Peluquería Ana Aranda by OD,Vilassar de Mar,Catalunya,+34937594728,,,,osm,41.5052627,2.3876946,2026-05-18
6d2,Madrid,Madrid,,,,,osm,40.3788046,-3.7737199,2026-05-18
Peluquería Cuevas,Villanueva de Córdoba,Andalucía,,,,,osm,38.3180826,-4.6283985,2026-05-18
JC,Madrid,Madrid,,,,,osm,40.3785687,-3.7731136,2026-05-18
Iroko,El Escorial,Madrid,,,,,osm,40.5840104,-4.1317091,2026-05-18
Funky Salón,Reus,Catalunya,,,,,osm,41.1535706,1.1079325,2026-05-18
Orozco,El Escorial,Madrid,,,,,osm,40.5841353,-4.1315868,2026-05-18
Salón Manific,Reus,Catalunya,,,,,osm,41.1527166,1.1084667,2026-05-18
Benitez premium peluquerías,Granada,Andalucía,+34958229651,,,,osm,37.1782463,-3.6133095,2026-05-18
Peluquería y estética Elego estilistas,Illescas,Madrid,+34925517925,,,http://www.elego.es/,osm,40.1536106,-3.8284497,2026-05-18
Tximak,Eibar,Euskadi,,,,,osm,43.1839652,-2.4698301,2026-05-18
Gama III,Madrid,Madrid,+34917062686,,,,osm,40.379031,-3.7784098,2026-05-18
Peluqueria Stylo,Andoain,Euskadi,,,,,osm,43.2196201,-2.0213611,2026-05-18
Artime,Gijón/Xixón,Asturias / Asturies,+34611161956,,,https://artime.hair/,osm,43.5407435,-5.6971799,2026-05-18
D'Sybelly,Santa Cruz de Tenerife,Canarias,,,,,osm,28.4681793,-16.2639777,2026-05-18
Frambe Peluquería,Santa Cruz de Tenerife,Canarias,,,,,osm,28.4693633,-16.2634837,2026-05-18
Peluquería Zensacion,Santa Cruz de Tenerife,Canarias,,,,,osm,28.4687828,-16.2602633,2026-05-18
Peluquería Francesa,Santa Cruz de Tenerife,Canarias,+34922229931,,,,osm,28.4655559,-16.2624617,2026-05-18
Barbería Morales,Santa Cruz de Tenerife,Canarias,+34922523952,,,https://www.barberiamorales.com/,osm,28.4682533,-16.2634289,2026-05-18
Méndez Barber Studio,Santa Cruz de Tenerife,Canarias,+34922026680,,,,osm,28.4690854,-16.2633501,2026-05-18
Luyelan,Santa Cruz de Tenerife,Canarias,,,,,osm,28.4634101,-16.2620829,2026-05-18
Marta Solé,Olot,Catalunya,,,,,osm,42.1798998,2.4974739,2026-05-18
Vogue Estilistes,Reus,Catalunya,,,,,osm,41.1535132,1.1099822,2026-05-18
Zian Barber,Madrid,Madrid,,,,,osm,40.4741494,-3.6438196,2026-05-18
Joaquín peluqueros,Córdoba,Andalucía,,,,,osm,37.8963456,-4.7584763,2026-05-18
Cori Teixell Estilistes,Reus,Catalunya,,,,,osm,41.1553189,1.1116985,2026-05-18
Lorena Londoño,Broto,Aragón,,,,,osm,42.6038818,-0.1225834,2026-05-18
Miracle,Colmenar Viejo,Madrid,,,,,osm,40.6591197,-3.7678103,2026-05-18
Lorenzo,Colmenar Viejo,Madrid,,,,,osm,40.6601088,-3.7683056,2026-05-18
CrisMar,Colmenar Viejo,Madrid,,,,,osm,40.6592282,-3.766032,2026-05-18
Peluquería Bruixas,Bielsa,Aragón,,,,,osm,42.6334196,0.2192693,2026-05-18
Chari Chica,Atarfe,Andalucía,,,,,osm,37.1950454,-3.7395744,2026-05-18
Peluquería Sheila,Villarcayo de Merindad de Castilla la Vieja,Castilla y León,+34947130270,,,,osm,42.9390032,-3.5729547,2026-05-18
Alex23berber,Santiago de Compostela,Galicia,,,,,osm,42.8751871,-8.5495243,2026-05-18
Peluquería Vanessa,Villarcayo de Merindad de Castilla la Vieja,Castilla y León,,,,,osm,42.9383408,-3.571615,2026-05-18
Ma Luz,Reus,Catalunya,,,,,osm,41.1550187,1.1143444,2026-05-18
Loli Manso,Reus,Catalunya,,,,,osm,41.1554192,1.1130511,2026-05-18
La 29 by Noë Puigpey,Barcelona,Catalunya,,,,,osm,41.3975513,2.1539469,2026-05-18
Medina,Elda,Comunitat Valenciana,,,,,osm,38.4762374,-0.793725,2026-05-18
Catorce,Elda,Comunitat Valenciana,,,,,osm,38.4766555,-0.7936542,2026-05-18
Asun Montero,Eibar,Euskadi,,,,,osm,43.1843725,-2.4746296,2026-05-18
Ángela Varela peluquería,Elda,Comunitat Valenciana,,,,,osm,38.4788981,-0.7818398,2026-05-18
Koko,Reus,Catalunya,,,,,osm,41.1562952,1.1122062,2026-05-18
Nela Míguez Peluqería Mixta,Vilagarcía,Galicia,+34610169072,,,,osm,42.6042873,-8.7530369,2026-05-18
Juan Moiña,Alcoi / Alcoy,Comunitat Valenciana,,,,,osm,38.6975177,-0.4729418,2026-05-18
Peluqueria Belleza Solarium,Reus,Catalunya,,,,,osm,41.1543658,1.1146095,2026-05-18
Peluquería OD Formes,Terrassa,Barcelona,+34937358004,,,,osm,41.5704959,2.0112286,2026-05-18
La pelu de Verdi,Barcelona,Catalunya,,,,,osm,41.4030868,2.1573669,2026-05-18
RAM53LA,Reus,Catalunya,,,,,osm,41.1570117,1.1114994,2026-05-18
DNK,Granada,Andalucía,,,,,osm,37.1731846,-3.6023923,2026-05-18
Peluquería Corbalán,Caravaca de la Cruz,Murcia,,,,,osm,38.102419,-1.8600444,2026-05-18
Salón de peiteado Manuel Pazos,Redondela,Galicia,+34986402223,,,,osm,42.2843401,-8.6085695,2026-05-18
Remolins,la Selva del Camp,Catalunya,,,,,osm,41.2132448,1.1423654,2026-05-18
Peluqueria Ana,Bossòst,Catalunya,,,,,osm,42.810317,0.7101697,2026-05-18
F C Estilistas,Alcorcón,Madrid,+34912810842,,,,osm,40.3292478,-3.825999,2026-05-18
FLY Salon hair&beauty peluquería,Alcorcón,Madrid,+34919391185,,,,osm,40.331004,-3.8321513,2026-05-18
Rosa Vázquez,A Coruña,Galicia,,,,,osm,43.3637332,-8.4072423,2026-05-18
Carme Marín Perruquers,El Prat de Llobregat,Catalunya,+34931385369,,,,osm,41.3302209,2.0933695,2026-05-18
Peluquería Ramiro,Oviedo,Asturias / Asturies,,,,,osm,43.3642848,-5.8554716,2026-05-18
Peluquería Mari Carmen,Cehegín,Murcia,,,,,osm,38.0916313,-1.7955026,2026-05-18
Peluquería Esperanza,Cehegín,Murcia,,,,,osm,38.0912253,-1.7962708,2026-05-18
Perruqueria Núria,Cervià de les Garrigues,Catalunya,+34973178462,,,,osm,41.424632,0.8607918,2026-05-18
Kimetz,Eibar,Euskadi,,,,,osm,43.1855045,-2.4702895,2026-05-18
Luhma estilistas,Eibar,Euskadi,,,,,osm,43.1845947,-2.4706961,2026-05-18
Susana Blanco Peluqueros,Oviedo,Asturias / Asturies,,,,,osm,43.3691008,-5.8537186,2026-05-18
Josepa,Reus,Catalunya,,,,,osm,41.1555313,1.1093052,2026-05-18
Tonyi,Reus,Catalunya,,,,,osm,41.1558675,1.1103018,2026-05-18
Pedro Aranda,Torrejón de Ardoz,Madrid,+34916772679,info@pedroaranda.es,,https://pedroaranda.es/,osm,40.4608794,-3.4747089,2026-05-18
bellesa Perruqueria,Reus,Catalunya,,,,,osm,41.1526875,1.1113387,2026-05-18
Kiros,Reus,Catalunya,,,,,osm,41.1530306,1.1109375,2026-05-18
Jordi Pujol,Olot,Catalunya,,,,,osm,42.1817167,2.492681,2026-05-18
G Hair Lounge,Barcelona,Barcelona,,,,,osm,41.3752106,2.1579989,2026-05-18
Rosa Maria,Sant Feliu Sasserra,Catalunya,,,,,osm,41.9456929,2.0217064,2026-05-18
Veronica,Reus,Catalunya,,,,,osm,41.1540392,1.1141639,2026-05-18
KC,Pinto,Madrid,,,,,osm,40.2415459,-3.6983387,2026-05-18
Aim Peluqueros,Madrid,Madrid,,,,,osm,40.3732653,-3.7528174,2026-05-18
Salmerón,Tarragona,Catalunya,,,,,osm,41.1187732,1.2465115,2026-05-18
La Donna,Valladolid,Castilla y León,+34983391395,,,,osm,41.6432313,-4.703412,2026-05-18
La Barbería de Dani,Valladolid,Castilla y León,+34983082801,,,,osm,41.6429475,-4.7037225,2026-05-18
Peluquería Pacocho,Cieza,Murcia,+34695519588,,,,osm,38.2388881,-1.4234044,2026-05-18
Belte Hombre Mujer,Cieza,Murcia,+34609775138,,,,osm,38.2392001,-1.4228601,2026-05-18
Perruqueria Marga,l'Estany,Catalunya,,,,,osm,41.8684497,2.1133347,2026-05-18
TOC’s Perruqueria,Reus,Catalunya,+34679955188,,,,osm,41.1574721,1.1105577,2026-05-18
janna estilistes,Reus,Catalunya,,,,,osm,41.1564277,1.1079092,2026-05-18
Deluxe Estilistes,Reus,Catalunya,,,,,osm,41.1566645,1.1097425,2026-05-18
Peluquerías Low Cost,Lleida,Catalunya,,,,,osm,41.6122119,0.6190577,2026-05-18
Javier de Nicolás Peluqueros,Valladolid,Castilla y León,,,,,osm,41.6447149,-4.736401,2026-05-18
Roger Lookmaker,Madrid,Madrid,,,,,osm,40.4283515,-3.7005362,2026-05-18
The Town Barbers,Santa Cruz de Tenerife,Canarias,+34922691035,,,https://www.thetownbarberstenerife.com/,osm,28.4768088,-16.2976996,2026-05-18
Shalom Style R.R.,Madrid,Madrid,,,,,osm,40.3713443,-3.7533824,2026-05-18
Peluqueria Caballeros Andoni,Madrid,Madrid,,,,,osm,40.3708211,-3.7536747,2026-05-18
Peluqueria Barberia Yunes,Madrid,Madrid,,,,,osm,40.370628,-3.7532044,2026-05-18
Nilo,Madrid,Madrid,,,,,osm,40.3705321,-3.7532226,2026-05-18
Peluquería Mayte,Madrid,Madrid,,,,,osm,40.3694054,-3.75345,2026-05-18
Kolors M&K,Madrid,Madrid,,,,,osm,40.3691791,-3.7556537,2026-05-18
m&m,Reus,Catalunya,,,,,osm,41.1533662,1.1128739,2026-05-18
Barberia Olivé,Reus,Catalunya,,,,,osm,41.1527108,1.1145078,2026-05-18
Barber Rimka,Reus,Catalunya,,,,,osm,41.1532142,1.1134112,2026-05-18
Essència,Anglès,Catalunya,,,,,osm,41.9579312,2.6357242,2026-05-18
Albert,Beniarbeig,Comunitat Valenciana,,,,,osm,38.7962519,0.0340185,2026-05-18
Dorita & Inma Aguado,Dénia,Comunitat Valenciana,,,,,osm,38.8396867,0.1114091,2026-05-18
Rosa Pablo,Zaragoza,Aragón,,,,,osm,41.6396832,-0.8835418,2026-05-18
Raquel Recaj,Zaragoza,Aragón,,,,,osm,41.6441474,-0.8820825,2026-05-18
Perruqueria Estètica Esther,les Planes d'Hostoles,Catalunya,,,,,osm,42.051507,2.5481087,2026-05-18
Peluquería Núria,Dénia,Comunitat Valenciana,,,,,osm,38.8399135,0.1022664,2026-05-18
Perruqueria Aras,Llívia,Catalunya,,,,,osm,42.4631288,1.9830313,2026-05-18
Christian Peluqueros,Zaragoza,Aragón,,,,,osm,41.667174,-0.8323324,2026-05-18
Peluquería Chelo,Sevilla,Sevilla,,,,,osm,37.3854767,-5.9740342,2026-05-18
Samuel Ramos Barbería,Córdoba,Andalucía,,,,,osm,37.8967282,-4.7756722,2026-05-18
Bellesa Maria Estètica,Reus,Catalunya,,,,,osm,41.1561733,1.1082892,2026-05-18
Sabarich,Reus,Catalunya,,,,,osm,41.1565318,1.1088772,2026-05-18
Estils Fuen Perruqueria,Puigverd de Lleida,Catalunya,,,,,osm,41.5453264,0.7315019,2026-05-18
Beth’s,Reus,Catalunya,,,,,osm,41.1554722,1.1078096,2026-05-18
Malik Peluqueria,Alcoi / Alcoy,Comunitat Valenciana,,,,,osm,38.6975193,-0.4853069,2026-05-18
C Peluqueros,Arroyo de la Miel-Benalmádena Costa,Andalucía,+34952561518,,,,osm,36.5812572,-4.5427802,2026-05-18
Pirru,Les Planes d'Hostoles,Catalunya,+34606344955,,,,osm,42.0552595,2.5395416,2026-05-18
Beauty Shop,Oliva,Comunitat Valenciana,,,,,osm,38.9206767,-0.1181503,2026-05-18
Los Domi,Valladolid,Castilla y León,,,,,osm,41.6625213,-4.7224067,2026-05-18
Raquel Arranz,Valladolid,Castilla y León,+34983254631,,,,osm,41.6632229,-4.7216249,2026-05-18
Menstyle room,Mairena del Aljarafe,Andalucía,,,,,osm,37.3418101,-6.0558347,2026-05-18
Delegang,La Zubia,Andalucía,+34958045686,,,https://delegang.com,osm,37.149732,-3.598223,2026-05-18
Quiquepop,Alacant / Alicante,Comunitat Valenciana,,,,,osm,38.3406172,-0.4926567,2026-05-18
Tebareig,Dénia,Comunitat Valenciana,,,,,osm,38.83862,0.108316,2026-05-18
Simo Barber Shop,Dénia,Comunitat Valenciana,,,,,osm,38.8382851,0.1100773,2026-05-18
mariayus,Zaragoza,Aragón,,,,,osm,41.6462233,-0.8840978,2026-05-18
Madrid Shaving Club,Madrid,Madrid,,,,,osm,40.4547693,-3.6989501,2026-05-18
Rafa Gil,Elda,Comunitat Valenciana,,,,,osm,38.537642,-0.8182877,2026-05-18
Arte y Punto,Alcoi / Alcoy,Comunitat Valenciana,,,,,osm,38.6970164,-0.4866447,2026-05-18
Oshen,Barcelona,Catalunya,,,,,osm,41.3661199,2.1282333,2026-05-18
Marga Peluquería,Bocairent,Comunitat Valenciana,,,,,osm,38.7650218,-0.6150801,2026-05-18
Paraíso Blue,Málaga,Málaga,,,,,osm,36.7272634,-4.4125913,2026-05-18
Sonia Bravo,Lleida,Catalunya,+34973214126,,,,osm,41.604128,0.6469102,2026-05-18
K&M Barber Shop,Lleida,Catalunya,+34655994146,,,,osm,41.6052986,0.6430126,2026-05-18
Perruqueria Mariví,Lleida,Catalunya,+34973203071,,,http://www.perruqueriamarivi.com/,osm,41.6066179,0.6437883,2026-05-18
Ariadna Peluqueria,Lleida,Catalunya,,,,,osm,41.6031493,0.6450087,2026-05-18
Perruqueria Pili,Lleida,Catalunya,+34973202193,,,,osm,41.6039417,0.6428625,2026-05-18
Peluquería Carlos González,Granada,Andalucía,,,,,osm,37.1602735,-3.597194,2026-05-18
Franchesca,Granada,Andalucía,,,,,osm,37.1649014,-3.5885654,2026-05-18
Noves Formes,Lleida,Catalunya,+34973214581,,,,osm,41.6027946,0.6425975,2026-05-18
Grup Moda Perruqueria - Montse Ruiz,Lleida,Catalunya,,,,,osm,41.6035434,0.6419234,2026-05-18
Perruqueria Bis,Lleida,Catalunya,+34973201509,,,,osm,41.602088,0.6441789,2026-05-18
Anagen,Lleida,Catalunya,+34686522181,,,,osm,41.6004517,0.6434518,2026-05-18
Eider ileapaindegia,Elgorriaga,Navarra,,,,,osm,43.1292006,-1.706701,2026-05-18
Amer,Inca,Illes Balears,,,,,osm,39.7227696,2.9145048,2026-05-18
Esencia Estilistas Peluquería y Estética,Zaratán,Castilla y León,+34983072628,,,,osm,41.6603666,-4.7834163,2026-05-18
Miguel Miralles,Elda,Comunitat Valenciana,+34966955298,,,,osm,38.4872682,-0.7773042,2026-05-18
Homes Perruquers,Lleida,Catalunya,+34973203056,,,,osm,41.6005771,0.6430352,2026-05-18
Perruqueria Cristal,Lleida,Catalunya,+34973212201,,,,osm,41.6003313,0.6431747,2026-05-18
Amad'or,Lleida,Catalunya,+34973204343,,,http://www.perruqueriaamador.com/,osm,41.6032251,0.641172,2026-05-18
Barberia Richard,Lleida,Catalunya,+34651434623,,,,osm,41.6026838,0.6411408,2026-05-18
Maxi,Santa Cruz de Tenerife,Canarias,+34922621707,,,,osm,28.4382167,-16.3043473,2026-05-18
Centre De Perruqueria i Estètica Velvet,Lleida,Catalunya,+34973211829,,,,osm,41.6068476,0.6372697,2026-05-18
Perruqueria Sabares,Lleida,Catalunya,+34973673942,,,,osm,41.6042279,0.6393115,2026-05-18
THES,Lleida,Catalunya,+34645621007,,thespeluquerialleidabalayage,,osm,41.603151,0.6385892,2026-05-18
Matíces,Elda,Comunitat Valenciana,,,,,osm,38.4813421,-0.7777722,2026-05-18
Edy Rivera,Santa Cruz de Tenerife,Canarias,+34922888650,,,,osm,28.463396,-16.2583032,2026-05-18
Novetats,Lleida,Catalunya,+34973244410,,,,osm,41.6379049,0.627314,2026-05-18
Perruqueria García & García,Lleida,Catalunya,+34973232070,,,,osm,41.6363007,0.6290526,2026-05-18
tint&co,Lleida,Catalunya,+34973839839,,,,osm,41.6353196,0.6294961,2026-05-18
Perrqueria Trini Hidalgo,Lleida,Catalunya,+34973230026,,,,osm,41.6349157,0.6296901,2026-05-18
Jennifer Rodriguez,Lleida,Catalunya,+34686806411,,,,osm,41.6335592,0.6309349,2026-05-18
Perruqueria Sonia,Castelldans,Catalunya,+34688252824,,,https://perruqueria-sonia-hair-salon.negocio.site/,osm,41.4972816,0.7647644,2026-05-18
Barber Cappont,Lleida,Catalunya,,,,,osm,41.6121163,0.6310616,2026-05-18
Madrid Club Peluqueros,Madrid,Madrid,,,,,osm,40.4581443,-3.7112589,2026-05-18
Jaime & Gianni,Sevilla,Sevilla,,,,,osm,37.3801743,-5.9768823,2026-05-18
Esteti-k,Sevilla,Sevilla,,,,,osm,37.3803224,-5.9791281,2026-05-18
Tres14,Sevilla,Sevilla,,,,,osm,37.3882481,-5.9714086,2026-05-18
Peluquería Carlos Díaz,Sevilla,Sevilla,,,,,osm,37.3907274,-5.9694193,2026-05-18
H&G Peluqueria,Alcoi / Alcoy,Comunitat Valenciana,,,,,osm,38.6981302,-0.4685293,2026-05-18
Shayán,Soto del Real,Madrid,+34655038369,,,,osm,40.7535619,-3.7867824,2026-05-18
Peluquería de caballeros Marín,Burgos,Castilla y León,,,,,osm,42.3451311,-3.6882671,2026-05-18
Natalia,Burgos,Castilla y León,,,,,osm,42.3450723,-3.6882446,2026-05-18
Aguas peluquería,Sevilla,Andalucía,,,,,osm,37.385203,-5.9742848,2026-05-18
Pelquería Pablo Salazar,Granada,Andalucía,+34958294607,,,,osm,37.1779959,-3.6070575,2026-05-18
Peluquería Consu,Granada,Andalucía,,,,,osm,37.1547517,-3.5979387,2026-05-18
MACIA,Sant Vicenç dels Horts,Catalunya,,,,,osm,41.4482237,1.9730194,2026-05-18
Cromm,Lleida,Catalunya,+34973241672,,,https://cromm-perruqueria.negocio.site/,osm,41.6179654,0.630625,2026-05-18
Black and White,Tarragona,Catalunya,,,,,osm,41.1168643,1.2485432,2026-05-18
Jaime & Gianni,Sevilla,Andalucía,,,,,osm,37.3805384,-5.9784318,2026-05-18
Michelle Aldana Estilista,Puerto de la Cruz,Canarias,+34922892927,,@michelle_aldana_estilista,,osm,28.4163324,-16.5456987,2026-05-18
Loli Robles,Elda,Comunitat Valenciana,+34677240106,,,https://www.loliroblesestilistas.com/,osm,38.4799794,-0.7778259,2026-05-18
Hair Studio,Lleida,Catalunya,+34973246786,info@hairstudio.cat,hairstudio,https://hairstudio.cat/,osm,41.6178208,0.6313111,2026-05-18
Mata & Campaña Perruquers,Lleida,Catalunya,+34973234218;+34646231020,info@matacampanya.es,matacampanya,https://www.matacampanya.es/,osm,41.6170772,0.6329958,2026-05-18
Perruqueria Montse Canal,Lleida,Catalunya,+34973249334,,,,osm,41.6181367,0.6322049,2026-05-18
Peluquería Aziz,Lleida,Catalunya,,,,,osm,41.6181381,0.6325411,2026-05-18
Perruqueria Ghazouana,Lleida,Catalunya,,,,,osm,41.6185151,0.6328876,2026-05-18
Perruqueria Azzedine,Lleida,Catalunya,+34663996222,,,,osm,41.6178871,0.6347712,2026-05-18
Tovai,Errenteria,Euskadi,+34943516760,,,,osm,43.3118137,-1.9008878,2026-05-18
Carlos Conde Peluqueros,Ames,Galicia,,,,,osm,42.8596621,-8.6523658,2026-05-18
La pelu ecológica de Petrer,Elda,Comunitat Valenciana,,,,,osm,38.483215,-0.781192,2026-05-18
Ramiro Mata,Pamplona / Iruña,Navarra,+34948483773,,,https://www.lamorea.com/portfolio/ramiro-mata/,osm,42.7835933,-1.6332401,2026-05-18
Iconic by paco garcía,Cehegín,Murcia,,,,,osm,38.0920086,-1.7980039,2026-05-18
Salón de peluquería «Nina»,Benavente,Castilla y León,+34980636278,,,http://salon-nina.com,osm,42.0012168,-5.6785201,2026-05-18
Albert Bellet,Sidamon,Catalunya,,,,,osm,41.6298551,0.8305889,2026-05-18
Peluquería Convento,Cehegín,Murcia,,,,,osm,38.090506,-1.7946871,2026-05-18
Javi Keratina,Cehegín,Murcia,+34666297825,,,,osm,38.0910042,-1.7963851,2026-05-18
Peluquería Estética Neftis,Cehegín,Murcia,,,,,osm,38.0929591,-1.797972,2026-05-18
Peluquería y Estética Maravillas,Cehegín,Murcia,,,,,osm,38.0933649,-1.7983433,2026-05-18
Peluquería Gemma,Cehegín,Murcia,,,,,osm,38.0941123,-1.7977704,2026-05-18
Peluquería Inma Espada,Murcia,Murcia,,,,,osm,37.9588891,-1.0903169,2026-05-18
Divanext Peluqueras,Cehegín,Murcia,,,,,osm,38.0930565,-1.7989053,2026-05-18
Brisan,Cehegín,Murcia,,,,,osm,38.0921661,-1.7972512,2026-05-18
Alexis Díaz,Talavera de la Reina,Castilla-La Mancha,,,,,osm,39.9624855,-4.8283717,2026-05-18
Salón de Barbería Carlos Mata,Cehegín,Murcia,,,,,osm,38.0921172,-1.7982071,2026-05-18
Peluquería Sandra Medio,Villaviciosa,Asturias / Asturies,+34985892494,,,,osm,43.4827782,-5.4343859,2026-05-18
Peluquería Antonia Mª. Guillén,Cehegín,Murcia,,,,,osm,38.0929127,-1.7964994,2026-05-18
Toni Peluquería Hombre,Cehegín,Murcia,,,,,osm,38.0928675,-1.7969678,2026-05-18
D'Aires,Talavera de la Reina,Castilla-La Mancha,,,,,osm,39.9623812,-4.8276354,2026-05-18
María José Olmos Estilistas,Murcia,Murcia,,,,,osm,37.9579629,-1.0919214,2026-05-18
peluqueria espejos estilistas,Vigo,Galicia,,,,,osm,42.2115491,-8.7353179,2026-05-18
Barbería DIVO,Vigo,Galicia,,,,,osm,42.2116615,-8.7346983,2026-05-18
Del Pazo Estilistas,Vigo,Galicia,,,,,osm,42.2117608,-8.7337054,2026-05-18
Aurora Fernandez Estilistas,Vigo,Galicia,,,,,osm,42.2117879,-8.733416,2026-05-18
Del Pazo: Peluquería y Estética,Vigo,Galicia,,,,,osm,42.2113759,-8.7351984,2026-05-18
Peluquería Lucris S L,Vigo,Galicia,,,,,osm,42.2113669,-8.7352883,2026-05-18
Peluquería Stop,Cehegín,Murcia,,,,,osm,38.0915093,-1.7954392,2026-05-18
Antonio peluquero's,Cehegín,Murcia,+34647697622,,,,osm,38.091472,-1.7948844,2026-05-18
Ortega Peluquería Estética,Cehegín,Murcia,,,,,osm,38.0903337,-1.7976279,2026-05-18
Bucles d’or,Reus,Catalunya,,,,,osm,41.1550371,1.1158666,2026-05-18
Ole que tres,Alcoi / Alcoy,Comunitat Valenciana,,,,,osm,38.7035471,-0.4756745,2026-05-18
Peluquería Hamza,Gijón / Xixón,Asturias / Asturies,,,,,osm,43.5312739,-5.6670653,2026-05-18
Tu estilo,Talavera de la Reina,Castilla-La Mancha,,,,,osm,39.9619028,-4.8306243,2026-05-18
Jin Biao,Barcelona,Catalunya,,,,,osm,41.4031782,2.1541097,2026-05-18
Black Gold,Barcelona,Catalunya,,,,,osm,41.3793601,2.1731346,2026-05-18
Peluquería & Uńas,Madrid,Madrid,,,,,osm,40.4426028,-3.6702329,2026-05-18
Céspedes,Azuaga,Extremadura,,,,,osm,38.2598569,-5.6794336,2026-05-18
Perruqueria Maribel,Sant Vicenç dels Horts,Catalunya,,,,,osm,41.4477452,1.9682165,2026-05-18
Peluqueria Antonia,Sant Andreu de la Barca,Catalunya,,,,,osm,41.447406,1.9678549,2026-05-18
Marisa & Montse,Ayamonte,Andalucía,,,,,osm,37.213204,-7.4084591,2026-05-18
Angela Pons Creaciones,Vila-real,Comunitat Valenciana,,,,,osm,39.8905118,-0.0828636,2026-05-18
Rosa Garcia,Xàbia / Jávea,Comunitat Valenciana,,,,,osm,38.7897817,0.1655598,2026-05-18
Bali Hair,Talavera de la Reina,Castilla-La Mancha,,,,,osm,39.9597256,-4.8316391,2026-05-18
Barberia Leioa,Sestao,Euskadi,,,,,osm,43.3234314,-2.9861262,2026-05-18
Moss,Sestao,Euskadi,,,,,osm,43.3236019,-2.9858157,2026-05-18
Eos,Santiago de Compostela,Galicia,,,,,osm,42.8796326,-8.5295864,2026-05-18
Gaia,Santiago de Compostela,Galicia,,,,,osm,42.8797806,-8.5295763,2026-05-18
Umair Qamar,Barcelona,Catalunya,,,,,osm,41.3769635,2.169792,2026-05-18
Oussman,Barcelona,Catalunya,,,,,osm,41.3765601,2.1693119,2026-05-18
La Barbería de Cristián,Avilés,Asturias / Asturies,,,,,osm,43.553883,-5.9286311,2026-05-18
Poison,Avilés,Asturias / Asturies,,,,,osm,43.5523047,-5.9303179,2026-05-18
Liz,Avilés,Asturias / Asturies,,,,,osm,43.5526177,-5.9300846,2026-05-18
Pivibel,Avilés,Asturias / Asturies,,,,,osm,43.5523381,-5.928537,2026-05-18
Cadena's,Avilés,Asturias / Asturies,,,,,osm,43.5529958,-5.9277869,2026-05-18
Darriba,Avilés,Asturias / Asturies,,,,,osm,43.5520514,-5.9276585,2026-05-18
Jose Perales,València,Comunitat Valenciana,,,,,osm,39.506928,-0.3231165,2026-05-18
Peaky Barber,Granada,Andalucía,+34605696934,,,,osm,37.1695969,-3.5964048,2026-05-18
La Pelu de Laura,Granada,Andalucía,,,,,osm,37.1784297,-3.6065387,2026-05-18
Ismarc's,Granada,Andalucía,,,,,osm,37.1763448,-3.6090557,2026-05-18
MengLu,Talavera de la Reina,Castilla-La Mancha,,,,,osm,39.962725,-4.8335354,2026-05-18
Pedro Barber,Azuaga,Extremadura,,,,,osm,38.2603081,-5.6745416,2026-05-18
Maca VI Peluqueria,Santander,Cantabria,,,,,osm,43.4628966,-3.8045505,2026-05-18
Klasii,Alcoi / Alcoy,Comunitat Valenciana,,,,,osm,38.7080724,-0.4704615,2026-05-18
Almudena Moreno,Alcoi / Alcoy,Comunitat Valenciana,,,,,osm,38.7070342,-0.4716637,2026-05-18
Tu imagen,Alcoi / Alcoy,Comunitat Valenciana,,,,,osm,38.7059088,-0.4729574,2026-05-18
Peluquería Laguna,O Pazo do Río,Galicia,,,,,osm,43.3462941,-8.2562581,2026-05-18
Cristy,Talavera de la Reina,Castilla-La Mancha,,,,,osm,39.9647189,-4.8128738,2026-05-18
World Estilistas,Talavera de la Reina,Castilla-La Mancha,,,,,osm,39.9664642,-4.8339594,2026-05-18
Peluquería Llano,Piloña,Asturias / Asturies,,,,,osm,43.3473588,-5.3630224,2026-05-18
Felipe II,Talavera de la Reina,Castilla-La Mancha,,,,,osm,39.9635058,-4.8322507,2026-05-18
La Barberia del Cuartel,Sant Boi de Llobregat,Catalunya,,,,,osm,41.3398976,2.0400122,2026-05-18
Peluquería Silvia Roda,Piloña,Asturias / Asturies,,,,,osm,43.3462409,-5.3625392,2026-05-18
Perruqueria escola Blanca,Reus,Catalunya,+34977757277,,,,osm,41.1523497,1.1124405,2026-05-18
CGF,la Pobla de Farnals,Comunitat Valenciana,,,,,osm,39.5707864,-0.3314466,2026-05-18
Beni,Gijón / Xixón,Asturias / Asturies,,,,,osm,43.5330655,-5.6719666,2026-05-18
Hych,Madrid,Madrid,,,,,osm,40.4222534,-3.6899218,2026-05-18
LaFama,Alcoi / Alcoy,Comunitat Valenciana,,,,,osm,38.6955997,-0.4777201,2026-05-18
Masak,Alcoi / Alcoy,Comunitat Valenciana,,,,,osm,38.696728,-0.4840302,2026-05-18
Stil Jove,Consell,Illes Balears,,,,,osm,39.6683339,2.8120635,2026-05-18
Nova Imatge,Consell,Illes Balears,,,,,osm,39.6681602,2.81409,2026-05-18
Barberia Consell,Alaró,Illes Balears,,,,,osm,39.6654847,2.8057401,2026-05-18
Sofistyc,Ferrol,Galicia,,,,,osm,43.4932504,-8.2164818,2026-05-18
STILO84,Ferrol,Galicia,,,,,osm,43.4924681,-8.2141818,2026-05-18
Madrid Barber,Madrid,Madrid,,,,,osm,40.3815958,-3.7816758,2026-05-18
Om-bres,Alcoi / Alcoy,Comunitat Valenciana,,,,,osm,38.6962024,-0.4772535,2026-05-18
Norma Payà,Alcoi / Alcoy,Comunitat Valenciana,,,,,osm,38.6971051,-0.4759129,2026-05-18
J. Sánchez,Alcoi / Alcoy,Comunitat Valenciana,,,,,osm,38.7079539,-0.4650675,2026-05-18
Rockintage,Jerez de la Frontera,Andalucía,,,,,osm,36.6803762,-6.1390074,2026-05-18
Fernando,Córdoba,Andalucía,,,,,osm,37.8903784,-4.7753184,2026-05-18
Williams peluqueros,Madrid,Madrid,,,,,osm,40.3868918,-3.6376979,2026-05-18
Barbería Caeiro,Santiago de Compostela,Galicia,,,,,osm,42.8717039,-8.5564093,2026-05-18
Peluqueria Aida Ruiz,Azuaga,Extremadura,,,,,osm,38.2602953,-5.6767666,2026-05-18
Haros,Madrid,Madrid,,,,,osm,40.4527127,-3.7088899,2026-05-18
Virogas,Cádiz,Andalucía,,,,,osm,36.5300277,-6.2917662,2026-05-18
Galbor,Zaragoza,Aragón,+34876041040;+34691897004,,,,osm,41.6355417,-0.8782541,2026-05-18
Peluquería Jordana,Zaragoza,Aragón,,,,,osm,41.6403966,-0.8831476,2026-05-18
TM Peluqueros,Zaragoza,Aragón,,,,,osm,41.6415932,-0.8853022,2026-05-18
Unisex Ideas,Piloña,Asturias / Asturies,,,,,osm,43.3471668,-5.3638611,2026-05-18
La MAriquita Bien Peiná,Vejer de la Frontera,Andalucía,,,,,osm,36.2512772,-5.9679501,2026-05-18
Unik's estilistas,Orihuela,Comunitat Valenciana,+34966736255,,,,osm,38.0853517,-0.9475971,2026-05-18
Popea,Venta de Baños,Castilla y León,,,,,osm,41.9199107,-4.4918705,2026-05-18
La Pinturera,Vejer de la Frontera,Andalucía,,,,,osm,36.2495241,-5.9681546,2026-05-18
Me & Be,Vejer de la Frontera,Andalucía,,,,,osm,36.2495015,-5.9678419,2026-05-18
Suny Estilistas,Elda,Comunitat Valenciana,,,,,osm,38.4823584,-0.7795244,2026-05-18
Armengual Peluqueros,Arroyo de la Miel-Benalmádena Costa,Andalucía,,,,,osm,36.5916675,-4.5354904,2026-05-18
Aurah,Dénia,Comunitat Valenciana,,,,,osm,38.8369207,0.1116539,2026-05-18
Diamond,Beniarbeig,Comunitat Valenciana,,,,,osm,38.8174456,0.0198118,2026-05-18
La Plaza,Zaragoza,Aragón,,,,,osm,41.6322137,-0.8790452,2026-05-18
Toni Martín,Málaga,Andalucía,,,,,osm,36.717717,-4.4105531,2026-05-18
LC Estilistas,València,Comunitat Valenciana,+34961142417,,,,osm,39.4552841,-0.3670598,2026-05-18
YB Yualiás Beauty,Mérida,Extremadura,,,,,osm,38.9061403,-6.3604253,2026-05-18
Jaime Pena,Benidorm,Comunitat Valenciana,,,,,osm,38.5344231,-0.1068791,2026-05-18
Barber shop premium,Madrid,Madrid,,,,,osm,40.4013463,-3.6605497,2026-05-18
Silvia García,Montcada i Reixac,Catalunya,,,,,osm,41.4978597,2.1568175,2026-05-18
Avilés Tello,Montcada i Reixac,Catalunya,,,,,osm,41.4972234,2.1562979,2026-05-18
Alejandro Oviedo,Alacant / Alicante,Comunitat Valenciana,,,,,osm,38.3464169,-0.4945796,2026-05-18
WestSide Barbershop,Lleida,Catalunya,,,,,osm,41.6203824,0.629439,2026-05-18
Nouno + Belén,Elda,Comunitat Valenciana,,,,,osm,38.483878,-0.7777125,2026-05-18
Peluqueria Salomé,Badajoz,Extremadura,,,,,osm,38.8672121,-6.9894718,2026-05-18
La Niña Bonita,Gijón/Xixón,Asturias / Asturies,,,,,osm,43.5471727,-5.6655617,2026-05-18
Peluquería Anía,Dénia,Comunitat Valenciana,,,,,osm,38.8367075,0.1045861,2026-05-18
Peluquería Gomar,Orihuela,Comunitat Valenciana,+34965301140,,,,osm,38.086012,-0.943715,2026-05-18
Doble,Talavera de la Reina,Castilla-La Mancha,,,,,osm,39.9644695,-4.8352628,2026-05-18
Carol & Co,Sant Andreu de la Barca,Catalunya,,,,,osm,41.4457457,1.9759337,2026-05-18
Óliver Ramírez,Bilbao,Vizcaya,+34944760117,,,,osm,43.2711023,-2.9523169,2026-05-18
Barber Tree of Life,Zaragoza,Aragón,,,,,osm,41.6420098,-0.8748635,2026-05-18
Perruqueria Dreams,El Masnou,Catalunya,,,,,osm,41.4821657,2.3156378,2026-05-18
Peluquería SyD,Ponte Carreira,Galicia,,,,,osm,43.0190693,-8.2504635,2026-05-18
Marta,El Masnou,Catalunya,+34935404665,,,,osm,41.4817461,2.3265727,2026-05-18
Nawal,Benidorm,Comunitat Valenciana,,,,,osm,38.5418641,-0.1317143,2026-05-18
Beauty Hair,Benidorm,Comunitat Valenciana,,,,,osm,38.5416577,-0.131653,2026-05-18
CAP,Benidorm,Comunitat Valenciana,,,,,osm,38.5400917,-0.1312992,2026-05-18
Papabarber,Chiclana de la Frontera,Andalucía,,,,,osm,36.4254087,-6.1446845,2026-05-18
Marta MZ,Montcada i Reixac,Catalunya,,,,,osm,41.4975701,2.1573724,2026-05-18
Adats,Eibar,Euskadi,,,,,osm,43.1846066,-2.4761704,2026-05-18
Capeli,Logroño,La Rioja,,,,,osm,42.4582994,-2.4823969,2026-05-18
La Pelu,Torrelles de Foix,Catalunya,,,,,osm,41.38864,1.5696823,2026-05-18
Peluquería estética Mari,Torrelles de Foix,Catalunya,,,,,osm,41.3870329,1.5735385,2026-05-18
Yus Barber,Madrid,Madrid,,,,,osm,40.3758454,-3.7678972,2026-05-18
Trinidad's,Madrid,Madrid,,,,,osm,40.3758958,-3.7679226,2026-05-18
Peluquería de Caballeros Javier,Madrid,Madrid,,,,,osm,40.3764052,-3.7683882,2026-05-18
Tijerpein,Bilbao,Vizcaya,+34944760095,,,,osm,43.2716609,-2.9427519,2026-05-18
Berna,Basauri,Euskadi,,,,,osm,43.2114171,-2.887522,2026-05-18
Merce Peluqueros,Alcoi / Alcoy,Comunitat Valenciana,,,,,osm,38.705954,-0.4732371,2026-05-18
Silvia Casado Estilistas,Alcoi / Alcoy,Comunitat Valenciana,,,,,osm,38.7067043,-0.4692359,2026-05-18
Peluqueria Low Cost,Alcoi / Alcoy,Comunitat Valenciana,,,,,osm,38.7089123,-0.4646044,2026-05-18
Peluquería Imatge,Alcoi / Alcoy,Comunitat Valenciana,,,,,osm,38.7082083,-0.4642091,2026-05-18
D'rinha,Alcoi / Alcoy,Comunitat Valenciana,,,,,osm,38.7081095,-0.4657076,2026-05-18
Pili Rey,Santiago de Compostela,Galicia,,,,,osm,42.8796506,-8.5333871,2026-05-18
Sellarès,Torrelles de Foix,Catalunya,,,,,osm,41.3867071,1.6100305,2026-05-18
Perfiles Peluquería Estética,Orihuela,Comunitat Valenciana,,,,,osm,38.0867434,-0.950001,2026-05-18
Boxing Colors,Reus,Catalunya,+34977300985,,,,osm,41.1487687,1.1133661,2026-05-18
Oasis,Barakaldo,Euskadi,+34944991607;+34692213232,,,,osm,43.2814979,-2.9807612,2026-05-18
Peluquería Hemera,Granada,Andalucía,,,,,osm,37.1588334,-3.592505,2026-05-18
South Hair,Granada,Andalucía,,,,,osm,37.1570596,-3.5871001,2026-05-18
Ruiz Peluqueros,València,Comunitat Valenciana,,,,,osm,39.5286679,-0.4115462,2026-05-18
de la Cris,El Masnou,Catalunya,,,,,osm,41.4819998,2.3293,2026-05-18
NDS,Sevilla,Andalucía,,,,,osm,37.3916228,-6.0318186,2026-05-18
Stylo Colomer,Fuengirola,Andalucía,,,,,osm,36.5459045,-4.6347414,2026-05-18
Rebeca Saínz,Solares,Cantabria,,,,,osm,43.3819242,-3.7409354,2026-05-18
Basmi,Fuengirola,Andalucía,,,,,osm,36.5442697,-4.6312639,2026-05-18
José Bernal,Fuengirola,Andalucía,,,,,osm,36.5456485,-4.6214577,2026-05-18
Nacho Coto,Oviedo,Asturias / Asturies,,,,,osm,43.367265,-5.8654846,2026-05-18
Uleak Peluqueros,Basauri,Euskadi,,,,,osm,43.2089625,-2.8866709,2026-05-18
Yolanda Perruqueria,Torregrossa,Catalunya,+34973170656,,,,osm,41.5819586,0.8347426,2026-05-18
Imma Piró Perruqueria,Torregrossa,Catalunya,+34973170399,,,,osm,41.5789722,0.8306378,2026-05-18
Alba Perruqueria i Estètica,Torregrossa,Catalunya,+34973170100,,,,osm,41.5794963,0.8259357,2026-05-18
Esperanza Muñoz,Granada,Andalucía,,,,,osm,37.1724137,-3.5986786,2026-05-18
Peluquería Soulva,Granada,Andalucía,,,,,osm,37.1774481,-3.5996439,2026-05-18
Peluguema,Puntagorda,Canarias,,,,,osm,28.7657566,-17.9788794,2026-05-18
forme's,El Masnou,Catalunya,+34935554101,,,,osm,41.4801715,2.3210923,2026-05-18
El líder Barber Shop,Madrid,Madrid,,,,,osm,40.3896378,-3.736628,2026-05-18
Luis Style,Madrid,Madrid,,,,,osm,40.3912919,-3.7401831,2026-05-18
Perruqueria Gemma,Torregrossa,Catalunya,+34973170123,,,,osm,41.5782958,0.8292809,2026-05-18
Corta Viento,Tarifa,Andalucía,+34648703347,,,,osm,36.0182119,-5.6082383,2026-05-18
Javi,Bilbao,Vizcaya,+34944763201;+34605715608,javi@peluqueriajavi.com,,http://peluqueriajavi.com,osm,43.278205,-2.9592357,2026-05-18
L&C,Tarifa,Andalucía,,,,,osm,36.016175,-5.6034052,2026-05-18
Cal.liope,Reus,Catalunya,,,,,osm,41.1496616,1.1120953,2026-05-18
Cdm Estilistas,Reus,Catalunya,,,,,osm,41.1507176,1.1117698,2026-05-18
Le petit salón,Barcelona,Catalunya,,,,,osm,41.3538778,2.1180038,2026-05-18
Peluquería Amigo,Barcelona,Catalunya,,,,,osm,41.3542896,2.1182932,2026-05-18
Mare,Tarifa,Andalucía,+34610272136,,,,osm,36.0112578,-5.6069029,2026-05-18
Peluquería Loli,L'Hospitalet de Llobregat,Catalunya,+34932630076,,,,osm,41.3519343,2.1081535,2026-05-18
Ali - Peluquería barbería,València,Comunitat Valenciana,+34631099566,,,,osm,39.4569579,-0.3718301,2026-05-18
Peluquería Abdou,València,Comunitat Valenciana,+34665056752,,,,osm,39.4568534,-0.3718135,2026-05-18
Peluquería latina unisex,València,Comunitat Valenciana,+34601189992,,,,osm,39.4566392,-0.3717796,2026-05-18
Elián,València,Comunitat Valenciana,,,,,osm,39.4564414,-0.3717482,2026-05-18
Peluquería Yacaré,València,Comunitat Valenciana,,,,,osm,39.4564015,-0.3717419,2026-05-18
Brooklyn barber shop,València,Comunitat Valenciana,,,,,osm,39.4551683,-0.371638,2026-05-18
Mónica Cebrián Salón de Belleza,Alacant / Alicante,Comunitat Valenciana,,,,,osm,38.3872477,-0.491087,2026-05-18
Peluquería Montserrat Monasterio,Oviedo,Asturias / Asturies,,,,,osm,43.3676938,-5.8731611,2026-05-18
Perruqueria Alba,Barcelona,Catalunya,,,,,osm,41.3549699,2.1113178,2026-05-18
Paki Perruqueria,Barcelona,Catalunya,,,,,osm,41.3548429,2.1113743,2026-05-18
Up to You,Vilanova i la Geltrú,Catalunya,+34657855433,,,,osm,41.2213078,1.7201013,2026-05-18
Steel Roses Tattoo-Barber,Vilanova i la Geltrú,Catalunya,+34640812174,,,,osm,41.2216094,1.7183884,2026-05-18
La Pelu de Sesi,Santa Gertrudis de Fruitera,Illes Balears,+34669761636,,,,osm,38.9974407,1.4282299,2026-05-18
Trafalgar,San Roque,Andalucía,,,,,osm,36.2911304,-5.3016628,2026-05-18
Luis Fernández,Oviedo,Asturias / Asturies,,,,,osm,43.3675567,-5.8685131,2026-05-18
Peluqueria Vañó,Alcoi / Alcoy,Comunitat Valenciana,,,,,osm,38.710307,-0.467166,2026-05-18
molt guapa Salón De Belleza,Reus,Catalunya,,,,,osm,41.1532381,1.1061275,2026-05-18
E/S Estela Santos Perruqueria,Vilanova i la Geltrú,Catalunya,+34688426617,,,,osm,41.2264032,1.7174265,2026-05-18
Embassi,Oviedo,Asturias / Asturies,,,,,osm,43.3634697,-5.8596873,2026-05-18
Silvia Ribes,València,Comunitat Valenciana,,,,,osm,39.4536875,-0.3714012,2026-05-18
Rigel,València,Comunitat Valenciana,,,,,osm,39.4545835,-0.371391,2026-05-18
La Suca,València,Comunitat Valenciana,,,,,osm,39.453664,-0.3710149,2026-05-18
Milan estilistes,València,Comunitat Valenciana,+34963363990,,,,osm,39.4542117,-0.369674,2026-05-18
Bronalash and barber,València,Comunitat Valenciana,+34631971719,,,https://booksy.com/es-es/35950_bronalash-gmail-com_barberia_58087_valencia,osm,39.4540361,-0.3701036,2026-05-18
The Factory,Santander,Cantabria,,,,,osm,43.4618614,-3.8179958,2026-05-18
Mei Mei Perruqueria Manicura,Barcelona,Catalunya,+34691592569,,,,osm,41.3536685,2.1135337,2026-05-18
Peluquería Reyma,Barcelona,Catalunya,+34932632833,,,,osm,41.3550783,2.1113064,2026-05-18
Peluquería Reus,Reus,Catalunya,,,,,osm,41.1496475,1.1110115,2026-05-18
Montserrat Esteve,Reus,Catalunya,,,,,osm,41.1519817,1.1093594,2026-05-18
Marco &Janeth,Reus,Catalunya,,,,,osm,41.1507934,1.1100912,2026-05-18
Yi Jian,Reus,Catalunya,,,,,osm,41.1510532,1.1102571,2026-05-18
Tomàs,Reus,Catalunya,,,,,osm,41.1522721,1.108928,2026-05-18
Perruqueria Toni,Vilanova i la Geltrú,Catalunya,+34938935618,,,,osm,41.2222953,1.7220084,2026-05-18
Barber & Beauty Room,Vilanova i la Geltrú,Catalunya,+34930381459,,,,osm,41.2236757,1.7221284,2026-05-18
OD Franquicias,Vilanova i la Geltrú,Catalunya,+34639379992,ivan@crisan.cat,,,osm,41.2234271,1.7243238,2026-05-18
BEAUGOSSEBARBER,Vilanova i la Geltrú,Catalunya,+34624290670,beaugossebarber@gamil.com,,,osm,41.2240764,1.7231164,2026-05-18
Cristina Carballo,El Masnou,Catalunya,,,,,osm,41.4812957,2.3171878,2026-05-18
Level2,El Masnou,Catalunya,+34693476108,,,,osm,41.4810353,2.3185396,2026-05-18
Beauty salon estética,Vilanova i la Geltrú,Catalunya,+34931434235,narc61@hotmail.com,,,osm,41.2233711,1.7255851,2026-05-18
Brian Tineo,Vilanova i la Geltrú,Catalunya,+34607733663,,,,osm,41.2249522,1.7270871,2026-05-18
Pels & cap,Vilanova i la Geltrú,Catalunya,+34646190708,delgado2.ana86@gmail.com,,,osm,41.2259473,1.7249695,2026-05-18
Arias Peluqueros,Madrid,Madrid,,,,,osm,40.4704128,-3.6427112,2026-05-18
Hierbabuena,Gijón / Xixón,Asturias / Asturies,,,,,osm,43.5392237,-5.6532518,2026-05-18
Mondragon,Gijón / Xixón,Asturias / Asturies,,,,,osm,43.532189,-5.6666361,2026-05-18
Ana Busto,Gijón / Xixón,Asturias / Asturies,,,,,osm,43.5334081,-5.6712716,2026-05-18
VISI Peluqueros,Campohermoso,Andalucía,,,,,osm,36.9370287,-2.1317392,2026-05-18
Victor Hugo Perruqueria Unisex,L'Hospitalet de Llobregat,Catalunya,+34931801332,,,,osm,41.3540964,2.11336,2026-05-18
Stylish cut,L'Hospitalet de Llobregat,Catalunya,,,,,osm,41.3538608,2.1134727,2026-05-18
Murillo,Oviedo,Asturias / Asturies,,,,,osm,43.3645167,-5.8647346,2026-05-18
Celebrity Hair & Body,Oviedo,Asturias / Asturies,,,,,osm,43.3650655,-5.8660975,2026-05-18
Carmen Mulet,Alacant / Alicante,Comunitat Valenciana,,,,,osm,38.3871133,-0.4904893,2026-05-18
Peluqueria de Caballeros J.Andrés Valle,Sevilla,Sevilla,+34605208351,,,,osm,37.3754542,-5.9962952,2026-05-18
Peluquería y Estética Yadira,Córdoba,Andalucía,,,,,osm,37.8791709,-4.7954592,2026-05-18
The New Look Barberia,L'Hospitalet de Llobregat,Catalunya,+34631322603,,,,osm,41.3512656,2.1059334,2026-05-18
Marina Allegue,Ferrol,Galicia,+34981329775,,,https://www.salonmarinaallegue.com/,osm,43.4843802,-8.2269941,2026-05-18
Peluqueria Estilo,Reus,Catalunya,,,,,osm,41.1515196,1.1123166,2026-05-18
Palpelo barber,Orihuela,Comunitat Valenciana,,,,,osm,37.9313083,-0.7368688,2026-05-18
OGs Barber,Calafell,Catalunya,,,,,osm,41.1960188,1.6354511,2026-05-18
La Barberia,El Masnou,Catalunya,,,,,osm,41.4814123,2.3121486,2026-05-18
Centro de Belleza Cristal Peluquería y Estética,Fuengirola,Andalucía,,,,,osm,36.5435619,-4.622863,2026-05-18
Peluqueria Leyre,San Martín de Unx,Navarra,,,,,osm,42.5223706,-1.5641064,2026-05-18
Dill'arte,O Porriño,Galicia,,,,,osm,42.1602572,-8.6182704,2026-05-18
Keiths Barbers Shop,Torrox Costa,Andalucía,,,,,osm,36.7292368,-3.9588091,2026-05-18
Loly & Irene,Barcelona,Catalunya,,,,,osm,41.3507315,2.10564,2026-05-18
Veronica ile-apaindegia,Ordizia,Euskadi,,,,,osm,43.0602772,-2.1721229,2026-05-18
Barbería Julián González,Mairena del Aljarafe,Andalucía,,,,,osm,37.3419057,-6.0674635,2026-05-18
Anaceli Alancón,Torrox-Costa,Andalucía,,,,,osm,36.7306061,-3.9609858,2026-05-18
Elisabet Gasi,El Masnou,Catalunya,+34935555627,,,https://www.elisabetgasi.com,osm,41.4792224,2.3180902,2026-05-18
Enrike Andaluz Peluquería,Mairena del Aljarafe,Andalucía,,,,,osm,37.3444807,-6.0653363,2026-05-18
First class,València,Comunitat Valenciana,+34963361955,,,,osm,39.4575302,-0.3715419,2026-05-18
Maviux,Ourense,Galicia,,,,,osm,42.3578599,-7.8625412,2026-05-18
Neno,Ourense,Galicia,,,,,osm,42.3572593,-7.8619825,2026-05-18
Lucía Hermida,Ourense,Galicia,,,,,osm,42.3555582,-7.8652748,2026-05-18
Mimar Ileapaindegia,Soraluze - Placencia de Las Armas,Euskadi,+34943751513,,,,osm,43.1756054,-2.4135119,2026-05-18
Perruqueria Tere,Barcelona,Catalunya,,,,,osm,41.35653,2.1026254,2026-05-18
Osiris peluqueros,Barcelona,Catalunya,,,,,osm,41.3568734,2.1024216,2026-05-18
Auri’s,Reus,Catalunya,,,,,osm,41.1596679,1.1150604,2026-05-18
Peluqueria X Los Pelos,Madrid,Madrid,+34917641045,,,,osm,40.4753272,-3.6493145,2026-05-18
Mabel Ileapaindegia,Soraluze - Placencia de Las Armas,Euskadi,+34943751489,,,,osm,43.1728989,-2.4130507,2026-05-18
Marisol Moro,El Masnou,Catalunya,+34935405755,,,,osm,41.4806645,2.3190232,2026-05-18
EVA perruquers,Barcelona,Catalunya,,,,,osm,41.3529906,2.1103414,2026-05-18
Erica,Las Navas del Marqués,Castilla y León,,,,,osm,40.599338,-4.3367493,2026-05-18
Perruqueria Dolo Vilardell,Vic,Catalunya,,,,,osm,41.8736308,2.2863194,2026-05-18
Miguel Ros,Córdoba,Andalucía,,,,,osm,37.889157,-4.7752034,2026-05-18
Beatriz Valle,Gijón / Xixón,Asturias / Asturies,,,,,osm,43.5358356,-5.6689505,2026-05-18
Walther Peluqueros,Madrid,Madrid,,,,,osm,40.4847684,-3.7015802,2026-05-18
Alehop Peluquería,Madrid,Madrid,,,,,osm,40.4845871,-3.7002839,2026-05-18
Isabel Soto,Ourense,Galicia,,,,,osm,42.3511378,-7.8652251,2026-05-18
Peluquería Joana,Vejer de la Frontera,Andalucía,,,,,osm,36.2505439,-5.9690075,2026-05-18
Charol 5,Ourense,Galicia,,,,,osm,42.3493865,-7.8739259,2026-05-18
Tu pelu unisex,Barcelona,Catalunya,,,,,osm,41.3535836,2.1107784,2026-05-18
H&G,Sevilla,Andalucía,+34633644564,,hairstudio_hyg,,osm,37.3984785,-5.991524,2026-05-18
Alison,Nerja,Andalucía,,,,,osm,36.7493243,-3.8723785,2026-05-18
Design,Málaga,Andalucía,,,,,osm,36.7171977,-4.4229742,2026-05-18
Negabi Ileapaindegia,Soraluze - Placencia de Las Armas,Euskadi,+34943751263,,,,osm,43.1739781,-2.4130217,2026-05-18
Rosa Abellás,Ourense,Galicia,,,,,osm,42.3493021,-7.874577,2026-05-18
Estela Peluquería y Estética,Losar de la Vera,Extremadura,+34927570597,,,,osm,40.121523,-5.6071314,2026-05-18
Ana Belén Cubero,Elda,Comunitat Valenciana,,,,,osm,38.533519,-0.8216139,2026-05-18
Asif,Barcelona,Catalunya,,,,,osm,41.3709858,2.0997754,2026-05-18
Wapatu,Pineda de Mar,Catalunya,,,,,osm,41.6369457,2.716993,2026-05-18
Laia Coiffeur,Zaragoza,Aragón,,,,,osm,41.6482254,-0.8800475,2026-05-18
Cris Ileapaindegia,Soraluze - Placencia de Las Armas,Euskadi,+34943753090,,,,osm,43.1767169,-2.4140873,2026-05-18
Vany,Madrid,Madrid,,,,,osm,40.3806396,-3.6227052,2026-05-18
The One,Madrid,Madrid,,,,,osm,40.380038,-3.6218181,2026-05-18
Barber Sudio 20,Alacant / Alicante,Comunitat Valenciana,,,,,osm,38.3854977,-0.4167992,2026-05-18
La Suite,Barcelona,Catalunya,,,,,osm,41.3880665,2.1614903,2026-05-18
Barberia Xavi Cuba,Barcelona,Catalunya,,,,,osm,41.3869641,2.1614905,2026-05-18
Dong Ni,Madrid,Madrid,,,,,osm,40.4318463,-3.7020566,2026-05-18
Brothers Barber Shop,Bilbao,Euskadi,,,,,osm,43.2596019,-2.9346667,2026-05-18
La navaja barbera,Vigo,Galicia,,,,,osm,42.2251777,-8.7246262,2026-05-18
Ana María Gil,Vigo,Galicia,,,,,osm,42.2251643,-8.725088,2026-05-18
Isabel Alcaide,Barcelona,Catalunya,,,,,osm,41.3876697,2.161372,2026-05-18
Sorkun,Gernika-Lumo,Euskadi,,,,,osm,43.3131389,-2.6773874,2026-05-18
Argeny,Santander,Cantabria,,,,,osm,43.4618305,-3.8155434,2026-05-18
Peliceria Organic,València,Comunitat Valenciana,,,,,osm,39.4932684,-0.4001707,2026-05-18
Cuts & Roses VI,València,Comunitat Valenciana,,,,,osm,39.494175,-0.4008279,2026-05-18
L'Atelier,València,Comunitat Valenciana,+34629684453,,,,osm,39.4940505,-0.4007565,2026-05-18
Sernapeluqueros,Valladolid,Castilla y León,+34983130573,,,https://www.sernapeluqueros.com/,osm,41.6596482,-4.7151645,2026-05-18
La Niña de los Peines,Barcelona,Barcelona,+34933688605,,,https://www.laninadelospeines.net,osm,41.4004604,2.1611149,2026-05-18
Alberto Rivas,València,Comunitat Valenciana,,,,,osm,39.4908289,-0.401702,2026-05-18
Frank & Pier,València,Comunitat Valenciana,,,,,osm,39.4907352,-0.4008683,2026-05-18
Caparrós Barber's,Benalúa,Andalucía,,,,,osm,37.3526756,-3.1652943,2026-05-18
Yolanda Mendoza Estilistas,Torrejón de Ardoz,Madrid,+34910021066,yolandaymestilistas@hotmail.com,,,osm,40.4603385,-3.4626515,2026-05-18
Peluquería Raúl,Elda,Comunitat Valenciana,,,,,osm,38.5371254,-0.8174303,2026-05-18
Buenavista Tanger,Leganés,Madrid,,,,,osm,40.2998399,-3.7535277,2026-05-18
Mariví Gayán,Reus,Catalunya,,,,,osm,41.1578831,1.1161314,2026-05-18
Salón de Peluquería Mar,Cilleros,Extremadura,,,,,osm,40.1147025,-6.7925238,2026-05-18
The Hair Salon,Tarifa,Andalucía,+34656480402,,,,osm,36.012949,-5.6018643,2026-05-18
Noelia Álvarez Estilistes,Mollet del Vallès,Catalunya,+34935790493,,,,osm,41.5405366,2.2112865,2026-05-18
Tatiana Styling,Getafe,Madrid,,,,,osm,40.2918364,-3.7475354,2026-05-18
Perruqueria Chacón,Barcelona,Catalunya,,,,,osm,41.3559538,2.1122271,2026-05-18
Perruqueria d'homes Antonio,Barcelona,Catalunya,,,,,osm,41.356093,2.1121558,2026-05-18
Eldan's look,Barcelona,Catalunya,,,,,osm,41.3545611,2.1106217,2026-05-18
9PM,Barcelona,Catalunya,+34663548844,,https://www.instagram.com/@9pmhairstyle,,osm,41.4014331,2.159375,2026-05-18
Tribu,Barcelona,Catalunya,,,,,osm,41.399489,2.1603374,2026-05-18
Sartoria,Barcelona,Catalunya,,,,,osm,41.3998264,2.1600626,2026-05-18
C & K,Reus,Catalunya,,,,,osm,41.1566057,1.1190771,2026-05-18
Hermanos Villanueva,Oviedo,Asturias / Asturies,,,,,osm,43.346871,-5.9686166,2026-05-18
Peluquería Sabina,Cehegín,Murcia,,,,,osm,38.093848,-1.7863729,2026-05-18
GUS,Barcelona,Catalunya,,,,,osm,41.4013573,2.1589932,2026-05-18
Peluquería María del Carmen,Cehegín,Murcia,,,,,osm,38.0979956,-1.7997008,2026-05-18
CUTFY,Oviedo,Asturias / Asturies,,,,,osm,43.365104,-5.8496135,2026-05-18
Tamara,San Andrés y Sauces,Canarias,,,,,osm,28.8021053,-17.7731762,2026-05-18
Los Peques de Patri,Santander,Cantabria,,,,,osm,43.4641519,-3.8212631,2026-05-18
STYLE.BUDDHAS,Barcelona,Catalunya,,,,,osm,41.4002007,2.156147,2026-05-18
Saloon de Gràcia,Barcelona,Catalunya,,,,,osm,41.3995018,2.155203,2026-05-18
Peluquería Abdul,Madrid,Madrid,,,,,osm,40.4560453,-3.7005786,2026-05-18
Yolanda Ruiz estilistas,Getafe,Madrid,,,,,osm,40.3017365,-3.751973,2026-05-18
Sos,Vitoria-Gasteiz,Euskadi,,,,,osm,42.8547727,-2.6745571,2026-05-18
Unixes Me Gusta,Vitoria-Gasteiz,Euskadi,,,,,osm,42.8536835,-2.6743469,2026-05-18
Marina,Villa de Mazo,Canarias,,,,,osm,28.6066983,-17.7803952,2026-05-18
Pódame,Barcelona,Catalunya,,,,,osm,41.3986575,2.1612349,2026-05-18
The Barber Job,Barcelona,Catalunya,+34665830605;+34936609553,barcelona@thebarberjob.com,thebarberjobbarcelona,http://www.thebarberjob.com,osm,41.3984931,2.1614064,2026-05-18
El Barber,Barcelona,Catalunya,,,,,osm,41.4050676,2.1630869,2026-05-18
Hair Simon,Barcelona,Barcelona,,,,,osm,41.403398,2.1609761,2026-05-18
Peluquería Froilán,La Curva,Andalucía,+34699858845,,,,osm,36.759132,-2.9787152,2026-05-18
Perruqueria 132,Barcelona,Catalunya,,,,,osm,41.3735783,2.1683936,2026-05-18
Acapel,Oviedo,Asturias / Asturies,+34985297092,,,,osm,43.370283,-5.8561859,2026-05-18
Ali Barber,Barcelona,Catalunya,,,,,osm,41.3760665,2.1646758,2026-05-18
Johnny's Barbershop,Ferrol,Galicia,,,,,osm,43.4819013,-8.2369009,2026-05-18
Mateos,Palomero,Extremadura,,,,,osm,40.2466967,-6.2781744,2026-05-18
El Moreno Barbershop,Villarcayo de Merindad de Castilla la Vieja,Castilla y León,,,,,osm,42.9382653,-3.5738897,2026-05-18
Peluquería José Núñez,València,Comunitat Valenciana,,,,,osm,39.4606565,-0.4009075,2026-05-18
Bronze estilistas,La Curva,Andalucía,,,@_estilistasbronze_,,osm,36.7584163,-2.9783619,2026-05-18
Peluquería Mágica,Santiago de Compostela,Galicia,,,,,osm,42.8692282,-8.5481951,2026-05-18
Mi-Sol,Gijón / Xixón,Asturias / Asturies,,,,,osm,43.5345589,-5.6708847,2026-05-18
Sumaq,Gijón / Xixón,Asturias / Asturies,,,,,osm,43.5350896,-5.6706104,2026-05-18
Brothers for men,Torroella de Montgrí,Catalunya,,,,,osm,42.03975,3.1280308,2026-05-18
Peluquería - Barbería,Madrid,Madrid,,,,,osm,40.4309987,-3.6573312,2026-05-18
Barberia Oró,Lleida,Catalunya,,,,,osm,41.6237058,0.6257007,2026-05-18
Albertto,Valladolid,Castilla y León,+34983250097,,,,osm,41.6596831,-4.7182067,2026-05-18
joaQuim,Reus,Catalunya,,,,,osm,41.1443884,1.1129343,2026-05-18
Peluquería y Estética Sara Sánchez,El Retamar,Andalucía,+34950209249,,,,osm,36.8519565,-2.3104464,2026-05-18
Elegans,Barcelona,Catalunya,,,,,osm,41.4275362,2.1666569,2026-05-18
Barbería Centelles,Castellón de la Plana / Castelló de la Plana,Comunitat Valenciana,+34611422666,,,,osm,39.9876127,-0.0403449,2026-05-18
Studio 55,Madrid,Madrid,+34915354266,salonstudio55@gmail.com,,,osm,40.4419017,-3.696541,2026-05-18
Cristina Hernández Peluquería y Estética,Majadahonda,Madrid,+34916384661,,,https://cristinahernandez.com/majadahonda/,osm,40.4745611,-3.8722179,2026-05-18
Pentinat,la Selva del Camp,Catalunya,,,,,osm,41.2113883,1.1396081,2026-05-18
Roma,Reus,Catalunya,,,,,osm,41.1513744,1.1074442,2026-05-18
Barbería Melián,Santa Lucía de Tirajana,Canarias,,,,,osm,27.9211391,-15.5554067,2026-05-18
Jesús Gil,Madrid,Madrid,,,,,osm,40.4630731,-3.6867566,2026-05-18
Cotton Beauty,Rocafort,Comunitat Valenciana,+34961311908,,,,osm,39.529536,-0.4126712,2026-05-18
Peluquería Mima,Agüimes,Canarias,,,,,osm,27.9058506,-15.445016,2026-05-18
Imperio Barbier,Barcelona,Catalunya,,,,,osm,41.397687,2.1725085,2026-05-18
Montricard,Barcelona,Catalunya,,,,,osm,41.4042179,2.1636378,2026-05-18
Luxor Beauty Studio,Torrevieja,Comunitat Valenciana,+34674520303,,,,osm,37.9781708,-0.6650148,2026-05-18
MovieHair Salon,Torrevieja,Comunitat Valenciana,+34693790662,,,,osm,37.9772488,-0.6866481,2026-05-18
Azul de Ríos Perruqueria,Manresa,Catalunya,,,,,osm,41.7287619,1.8233244,2026-05-18
Force Barbería Club,Fuengirola,Andalucía,,,,,osm,36.5479743,-4.6357274,2026-05-18
Mariví,Errenteria,Euskadi,,,,,osm,43.3121006,-1.9081829,2026-05-18
New Zaar men's & women's,Torrevieja,Comunitat Valenciana,+34695971725,,,,osm,37.9785544,-0.6847737,2026-05-18
Mendiola,Torrevieja,Comunitat Valenciana,,,,,osm,37.9789038,-0.6823881,2026-05-18
Imagen,Torrevieja,Comunitat Valenciana,+34965709106,,,,osm,37.9783396,-0.6812628,2026-05-18
Gago's,Torrevieja,Comunitat Valenciana,+34966702844,,,,osm,37.9788354,-0.6788682,2026-05-18
Peluquería Zammit,Torrevieja,Comunitat Valenciana,+34965710752,,,,osm,37.9832836,-0.6767519,2026-05-18
Inma,Torrevieja,Comunitat Valenciana,+34965705697,,,,osm,37.9778579,-0.6858604,2026-05-18
Del Germans,Barcelona,Catalunya,,,,,osm,41.3846362,2.1788708,2026-05-18
La Do Salon,València,Comunitat Valenciana,,,,,osm,39.4664534,-0.3799028,2026-05-18
La Barbería Dani Sanz,Balaguer,Catalunya,+34646283769,,,https://barberiadanisanz.com/,osm,41.7885352,0.8086734,2026-05-18
Victor Glamutey,València,Comunitat Valenciana,,,,,osm,39.4664951,-0.380037,2026-05-18
L Cut,València,Comunitat Valenciana,,,,,osm,39.4665153,-0.3800981,2026-05-18
Peluquería Marchan,Barbate,Andalucía,,,,,osm,36.1901722,-5.9221437,2026-05-18
Noelia Garcia Salón de belleza,Arroyo de la Miel,Andalucía,,,,,osm,36.5977006,-4.5336836,2026-05-18
Barbería Benalmádena,Arroyo de la Miel-Benalmádena Costa,Andalucía,,,,,osm,36.598775,-4.5313181,2026-05-18
Onda's,Arévalo,Castilla y León,+34920301723,,,,osm,41.063168,-4.7201914,2026-05-18
Rose,Arévalo,Castilla y León,,,,,osm,41.0639228,-4.7202089,2026-05-18
David Peluqueros,Barbate,Andalucía,,,,,osm,36.194411,-5.9187552,2026-05-18
Mireia,Manresa,Catalunya,,,,,osm,41.7265239,1.82696,2026-05-18
Reflexes,Manresa,Catalunya,,,,,osm,41.7245262,1.8226302,2026-05-18
Alba Paris,Manresa,Catalunya,,,,,osm,41.7308974,1.8225567,2026-05-18
Amaia Elorza,Donostia / San Sebastián,Euskadi,,,,,osm,43.3131518,-2.0070228,2026-05-18
Royan Peluqueros,Leganés,Madrid,+34916211290,,,,osm,40.3478167,-3.8075256,2026-05-18
Elijah,Barcelona,Barcelona,,,,,osm,41.388831,2.1745184,2026-05-18
Con estos pelos,Logroño,La Rioja,,,,,osm,42.4647002,-2.4499854,2026-05-18
Di Classe Barbershop,Madrid,Madrid,,,,,osm,40.4041457,-3.5650023,2026-05-18
Rizai,Madrid,Madrid,,,,,osm,40.4042265,-3.5651538,2026-05-18
Dymas,Logroño,La Rioja,,,,,osm,42.4645648,-2.4487591,2026-05-18
Apallu Ileapaindegia,Mutriku,Euskadi,,,,,osm,43.3203847,-2.4219303,2026-05-18
IZ Ileapaindegia,Zamudio,Euskadi,,,,,osm,43.2828988,-2.8615972,2026-05-18
Ana Belen,Zamudio,Euskadi,,,,,osm,43.283533,-2.8624734,2026-05-18
Gentleman,Córdoba,Córdoba,+34957467762,,,,osm,37.8921491,-4.7988775,2026-05-18
Eva Ramírez,Córdoba,Córdoba,+34957817979,,,,osm,37.8923629,-4.7989793,2026-05-18
Esnou,Santiago de Compostela,Galicia,,,,,osm,42.873473,-8.5500906,2026-05-18
Khol,Eibar,Euskadi,+34943254776,,,,osm,43.1861523,-2.4663115,2026-05-18
CZ,Torrevieja,Comunitat Valenciana,+34965704237,,,,osm,37.9782236,-0.6795877,2026-05-18
Forma y Color Peluqueros,Alcorcón,Madrid,,,,,osm,40.3377348,-3.8327893,2026-05-18
U y J Peluqueros,Leganés,Madrid,,,,,osm,40.3376319,-3.8321716,2026-05-18
Barbería Rpakro Retamas,Leganés,Madrid,,,,,osm,40.3379155,-3.8313303,2026-05-18
Looks & Look,Leganés,Madrid,,,,,osm,40.3386449,-3.8355676,2026-05-18
Brushing Peluqueros,Leganés,Madrid,,,,,osm,40.3371996,-3.8301835,2026-05-18
Cuyar,Gijón / Xixón,Asturias / Asturies,,,,,osm,43.5342579,-5.6621038,2026-05-18
El Salon de Roci,Gijón / Xixón,Asturias / Asturies,,,,,osm,43.5318079,-5.6645349,2026-05-18
Verissima,Gijón / Xixón,Asturias / Asturies,,,,,osm,43.5311673,-5.6650287,2026-05-18
Patricia Pérez,Madrid,Madrid,,,,,osm,40.4635109,-3.6889034,2026-05-18
La Barbería de Ronda,Ronda,Andalucía,,,,,osm,36.7451685,-5.163749,2026-05-18
Armand Stils,Manresa,Catalunya,,,,,osm,41.7236943,1.8274951,2026-05-18
Ahmed,Manresa,Catalunya,,,,,osm,41.724482,1.827943,2026-05-18
L.A Barbers,Sevilla,Sevilla,,,,,osm,37.3832921,-5.9123046,2026-05-18
Amparo Perruqueria,Barcelona,Catalunya,,,,,osm,41.4005274,2.1629085,2026-05-18
Peluquería Canina In Love,Leganés,Madrid,,,,,osm,40.2902477,-3.8029845,2026-05-18
Barbería Loranca,Leganés,Madrid,,,,,osm,40.2969162,-3.8381351,2026-05-18
Espiral peluqueros,Leganés,Madrid,,,,,osm,40.2980839,-3.8379347,2026-05-18
B'Aires Colors,Fuenlabrada,Madrid,+34916045516,,,,osm,40.2980602,-3.8369796,2026-05-18
Alhambra peluquería,Torrevieja,Comunitat Valenciana,+34602889435,,,,osm,37.9765322,-0.6787105,2026-05-18
Zenn,Torrevieja,Comunitat Valenciana,+34965716594,,,,osm,37.9766284,-0.6789016,2026-05-18
SKANDALO,Torrevieja,Comunitat Valenciana,,,,,osm,37.9766544,-0.6804752,2026-05-18
Peluquería Elena hair stylist,Torrevieja,Comunitat Valenciana,+34722162197,,,,osm,37.9769814,-0.676093,2026-05-18
Peluquería Julia López,Albacete,Albacete,+34967237554,,,https://salonjulia.es,osm,38.9988736,-1.8657281,2026-05-18
Maria Jesus Carús,Gijón / Xixón,Asturias / Asturies,,,,,osm,43.5387613,-5.6627504,2026-05-18
The Studio,Alcaucín,Andalucía,,,,,osm,36.8889125,-4.1464115,2026-05-18
Llongueras Oviedo,Oviedo,Asturias / Asturies,+34984993055,,,https://www.llongueras.com/store/oviedo,osm,43.3627662,-5.8532828,2026-05-18
Peluqueria Say jo,Madrid,Madrid,,,,,osm,40.4006545,-3.7222795,2026-05-18
Peluquería Olivia,Vejer de la Frontera,Andalucía,,,,,osm,36.2516505,-5.9686416,2026-05-18
Peluqueria Jose Alberola,Torrevieja,Comunitat Valenciana,+34678926256,,,,osm,37.9792778,-0.6789841,2026-05-18
Speedy,Torrevieja,Comunitat Valenciana,+34643086734,,,,osm,37.979143,-0.6801962,2026-05-18
Barberia Miraflores,Gijón / Xixón,Asturias / Asturies,,,,,osm,43.5302727,-5.6628463,2026-05-18
Particia Fernández,Madrid,Madrid,,,,,osm,40.3934342,-3.6787182,2026-05-18
Silvia's Hair World SHW,Torrevieja,Comunitat Valenciana,+34966341950,,,,osm,37.9772648,-0.6791372,2026-05-18
Maen,Sestao,Euskadi,,,,,osm,43.324845,-2.9861772,2026-05-18
Youssaf,Pedrezuela,Madrid,,,,,osm,40.7441181,-3.6026211,2026-05-18
Makay,Madrid,Madrid,,,,,osm,40.4004303,-3.6740638,2026-05-18
El Fénix,Ferrol,Galicia,,,,,osm,43.4840194,-8.2306281,2026-05-18
Shubaira,Zaragoza,Aragón,,,,,osm,41.640051,-0.8745989,2026-05-18
Arantza Rueda,Zaragoza,Aragón,,,,,osm,41.6396444,-0.8751582,2026-05-18
Peluquería Nina,Vejer de la Frontera,Andalucía,,,,,osm,36.2525875,-5.9682701,2026-05-18
Vidal Peluqueros,Almería,Almería,,,,,osm,36.8441319,-2.4584772,2026-05-18
Begoña Guzmán,Santiago de Compostela,Galicia,,,,,osm,42.8771795,-8.5453581,2026-05-18
Barbería House Man,Gijón / Xixón,Asturias / Asturies,,,,,osm,43.5103454,-5.6707027,2026-05-18
Peluquería Pereira,Oliva de la Frontera,Extremadura,,,,,osm,38.2755891,-6.9194877,2026-05-18
La Barbería de Fran,Oliva de la Frontera,Extremadura,,,,,osm,38.2772189,-6.9182619,2026-05-18
Nieves Esparza,València,Comunitat Valenciana,,,,,osm,39.4558795,-0.3718984,2026-05-18
María José,València,Comunitat Valenciana,,,,,osm,39.4558555,-0.3717082,2026-05-18
la Firma,València,Comunitat Valenciana,+34654440002,,,,osm,39.4558722,-0.3717904,2026-05-18
Zaca Barber,Gijón / Xixón,Asturias / Asturies,,,,,osm,43.536943,-5.6647838,2026-05-18
Jon Otero,Gijón / Xixón,Asturias / Asturies,,,,,osm,43.5346609,-5.6654934,2026-05-18
Peluquería Cinzia Novello,Vejer de la Frontera,Andalucía,,,,,osm,36.2528853,-5.9672679,2026-05-18
Marouane,Zaragoza,Aragón,,,,,osm,41.6555049,-0.8894967,2026-05-18
Peluqería Y Estética Tarzut,Torrevieja,Comunitat Valenciana,+34632939042,,,,osm,37.9788411,-0.6786683,2026-05-18
Route 66,Reus,Catalunya,,,,,osm,41.1498652,1.1101652,2026-05-18
David Lorca Peluqueros,Torrevieja,Comunitat Valenciana,+34965711179,,,,osm,37.9785593,-0.6784524,2026-05-18
Peluquería Emilia,Ademuz,Comunitat Valenciana,,,,,osm,40.0589613,-1.2863373,2026-05-18
Peluquería Vilchez,Rubí,Catalunya,+34936978723,,,,osm,41.4963781,2.0338105,2026-05-18
Raquel Hevia,Gijón / Xixón,Asturias / Asturies,,,,,osm,43.5357559,-5.6590958,2026-05-18
Tu Salón,Móstoles,Madrid,,,,,osm,40.273829,-3.9081987,2026-05-18
Peluquería Unisex Gabel,Nambroca,Castilla-La Mancha,,,,,osm,39.7979699,-3.9443023,2026-05-18
Barrena,Eibar,Euskadi,,,,,osm,43.1885515,-2.4597116,2026-05-18
12 Colores,Huesca,Aragón,+34974710827,,,,osm,42.1381892,-0.4068676,2026-05-18
Capri,Huesca,Aragón,+34974230980,,,,osm,42.1385822,-0.4070462,2026-05-18
Perruqueria Barberia Rayan,Reus,Catalunya,,,,,osm,41.1471978,1.1073092,2026-05-18
Perruqueria Barberia Moda,Reus,Catalunya,,,,,osm,41.1466085,1.1065731,2026-05-18
Extrem Perruquers,Reus,Catalunya,,,,,osm,41.1463466,1.1062662,2026-05-18
Premier Space,Barcelona,Catalunya,,,,,osm,41.3847681,2.1480159,2026-05-18
Kika,Palma,Illes Balears,+34971792771,,,,osm,39.5946239,2.6168434,2026-05-18
Maite,Reus,Catalunya,,,,,osm,41.1486718,1.1069303,2026-05-18
Barbería Nour Benitachell,Benissa,Comunitat Valenciana,,,,,osm,38.729469,0.1434646,2026-05-18
Bámbula,Huesca,Aragón,+34974246592,bambula@telefonica.net,,,osm,42.1402433,-0.4100427,2026-05-18
Yákara,Alcoi / Alcoy,Comunitat Valenciana,,,,,osm,38.6973235,-0.4847477,2026-05-18
Saló de perruqueria Lola,Vilanova i la Geltrú,Catalunya,+34650855385,,,,osm,41.2223079,1.7106251,2026-05-18
Centre de perruqueria i estètica Paloma Medina,Vilanova i la Geltrú,Catalunya,+34938160077,,,,osm,41.2212583,1.7111287,2026-05-18
Natura’l Zen,Reus,Catalunya,,,,,osm,41.1564795,1.1101183,2026-05-18
Vip peluqueria by daniela,Vilanova i la Geltrú,Catalunya,+34930074704,vip.perruqueria@gmail.com,,,osm,41.2208821,1.7160834,2026-05-18
Yitong perruqueria i estètica,Vilanova i la Geltrú,Catalunya,,,,,osm,41.2211618,1.7151525,2026-05-18
Trebol's,Vilanova i la Geltrú,Catalunya,+34938150870,xelicalzado@hotmail.com,,,osm,41.2207043,1.7155623,2026-05-18
Moha Barbershop,Vilanova i la Geltrú,Catalunya,+34935109541,,,,osm,41.2200763,1.7137569,2026-05-18
Emes estilistas,Vilanova i la Geltrú,Catalunya,+34676204837,,,,osm,41.2199656,1.7134977,2026-05-18
Perruqueria la Pelu de la Neus,Vilanova i la Geltrú,Catalunya,+34938159045,info@pc-vilanova.com,,http://pc-vilanova.com/informatica,osm,41.2199399,1.7134166,2026-05-18
Peluqueria Vero,Vilanova i la Geltrú,Catalunya,+34938160181,,,,osm,41.2186088,1.7124161,2026-05-18
Stilos Maldà,Vilanova i la Geltrú,Catalunya,+34930084342,,,,osm,41.2211176,1.716831,2026-05-18
Leire Muñoz,Errenteria,Euskadi,,,,,osm,43.3129239,-1.9012814,2026-05-18
Kepa,Tolosa,Euskadi,,,,,osm,43.1365092,-2.0763613,2026-05-18
XL Perruquers,Manresa,Catalunya,,,,,osm,41.7277575,1.8238082,2026-05-18
Perruqueria Ioük,Vilanova i la Geltrú,Catalunya,+34938165659,,,http://www.perruqueriaiouk.com,osm,41.2228723,1.7187341,2026-05-18
Kanttalen,Errenteria,Euskadi,,,,,osm,43.3124181,-1.9005932,2026-05-18
The Barber Flow La Movie,Tarragona,Catalunya,,,,,osm,41.1166349,1.2486027,2026-05-18
Barbershop,Torrox-Costa,Andalucía,,,,,osm,36.731095,-3.9649351,2026-05-18
Perruqueria Luna,Torredembarra,Catalunya,,,,,osm,41.1446624,1.4035419,2026-05-18
El somni de la Nina,Torredembarra,Catalunya,,,,,osm,41.1446139,1.4031861,2026-05-18
Perruqueria Maral,Vilanova i la Geltrú,Catalunya,+34931189127,,,,osm,41.2231774,1.7159057,2026-05-18
Virtu Callejas Estètica i Perruqueria,Vilanova i la Geltrú,Catalunya,+34938160704,virtucallejas@hotmail.com,,,osm,41.2237837,1.7143044,2026-05-18
Perruqueria Ambar,Vilanova i la Geltrú,Catalunya,+34931188683,ambar.peluqueria@hotmail.com,,,osm,41.2226004,1.7152995,2026-05-18
Perruqueria Monty,Vilanova i la Geltrú,Catalunya,+34938156633,gorettimontoliu@hotmail.com,,,osm,41.2226589,1.7146598,2026-05-18
Barberia ca la Rifà,Vilanova i la Geltrú,Catalunya,+34601541582,holacalarifa@gmail.com,,,osm,41.2221826,1.7141183,2026-05-18
Francesc Perruquer,Vilanova i la Geltrú,Catalunya,+34938937463,,,,osm,41.2229469,1.7194965,2026-05-18
Villar Barber VNG,Vilanova i la Geltrú,Catalunya,,,,,osm,41.2231512,1.718555,2026-05-18
Xampú,Vilanova i la Geltrú,Catalunya,+34938142796,loli-gutierrez-m@hotmail.com,,,osm,41.2237458,1.7159405,2026-05-18
La Chiave,Reus,Catalunya,,,,,osm,41.1578858,1.1090516,2026-05-18
Perruqueria Nogues,Vilanova i la Geltrú,Catalunya,+34938153543,,,,osm,41.220469,1.7243922,2026-05-18
Entre peines,Vilanova i la Geltrú,Catalunya,+34660625908,,,https://entrepeinesestilistas.business.site/,osm,41.2200877,1.7239898,2026-05-18
Lluna estil,Vilanova i la Geltrú,Catalunya,+34931886048,info@perruquerialluna.com,,https://perruquerialluna.com/,osm,41.2213012,1.7185275,2026-05-18
Melenina,Vilanova i la Geltrú,Catalunya,+34938153167,,,,osm,41.2215514,1.7160156,2026-05-18
Geometric,Vilanova i la Geltrú,Catalunya,+34931567741,,,,osm,41.2162427,1.727189,2026-05-18
Perruqueria Garraf,Vilanova i la Geltrú,Catalunya,,,,,osm,41.2201941,1.729135,2026-05-18
X tendències,Vilanova i la Geltrú,Catalunya,,,,,osm,41.2201058,1.7287655,2026-05-18
Sotillo Barberia,Vilanova i la Geltrú,Catalunya,+34622359783,,,,osm,41.2187712,1.7292765,2026-05-18
Barber Nor,Vilanova i la Geltrú,Catalunya,,,,,osm,41.2186159,1.7288098,2026-05-18
Perruqueria La pau,Vilanova i la Geltrú,Catalunya,+34632778706,,,,osm,41.2173297,1.7288004,2026-05-18
Irina Vikhrova - Hair Studio,Vilanova i la Geltrú,Catalunya,+34655610964,ivgestudio107@gmail.com,,,osm,41.216342,1.7293181,2026-05-18
Perruqueria Crisstyl,Vilanova i la Geltrú,Catalunya,+34938158594,,,,osm,41.2166528,1.7285711,2026-05-18
Vila Look,Vilanova i la Geltrú,Catalunya,+34938144748,vilalooksl@msn.com,,,osm,41.2211297,1.7256555,2026-05-18
MPNG cabello pret a porter,Vilanova i la Geltrú,Catalunya,+34938157479,mpngcabellopret-a-porter@hotmail.com,,,osm,41.2208004,1.7264635,2026-05-18
Perruqueria masculina Maite Alonso,Vilanova i la Geltrú,Catalunya,+34602689645,,,,osm,41.2207146,1.7265232,2026-05-18
Barberia Francis Álvarez,Vilanova i la Geltrú,Catalunya,+34606620813,chescobilly@hotmail.com,,,osm,41.2202491,1.7270965,2026-05-18
Serrell,Vilanova i la Geltrú,Catalunya,+34938156729,,,,osm,41.2203338,1.7263556,2026-05-18
Perruqueria Juanma Ortiz,Vilanova i la Geltrú,Catalunya,+34938150131,,,,osm,41.2207857,1.7279233,2026-05-18
barberia Tarik,Vilanova i la Geltrú,Catalunya,+34678162203,,,,osm,41.220473,1.7273748,2026-05-18
Xavier Pla Lluch,Vilanova i la Geltrú,Catalunya,+34938106999,elcabelldinamicvlg@hotmail.com,,,osm,41.2204354,1.7287389,2026-05-18
Perruqueria Xavier Noel,Vilanova i la Geltrú,Catalunya,+34938936133,xaviernoel@gmail.com,,,osm,41.221679,1.7285067,2026-05-18
Perruqueria Roser,Vilanova i la Geltrú,Catalunya,+34938141588,,,,osm,41.2244141,1.7176437,2026-05-18
Perruqueria Carisma,Vilanova i la Geltrú,Catalunya,+34935112051,carisma_vng@hotmail.com,,,osm,41.2254732,1.7163429,2026-05-18
Estil 83,Vilanova i la Geltrú,Catalunya,+34637132922,kekaoox@hotmail.com,,,osm,41.2248599,1.7168176,2026-05-18
Barbería Estilos MB,Vilanova i la Geltrú,Catalunya,+34664069690,,,,osm,41.2246763,1.7165574,2026-05-18
Just Beauty,Vilanova i la Geltrú,Catalunya,+34636777432,,,,osm,41.2204649,1.7218226,2026-05-18
Institut de Perruqueria i Estètica,Vilanova i la Geltrú,Catalunya,+34938103108,window@institutperruqueriaestetica.cat,,,osm,41.220351,1.7214055,2026-05-18
Rosana Perruqueria,Vilanova i la Geltrú,Catalunya,+34938152078,,,,osm,41.2201189,1.7205633,2026-05-18
Lourdes Romeu,Torredembarra,Catalunya,,,,,osm,41.144344,1.4024545,2026-05-18
Perruqueria Vanesa,Vilanova i la Geltrú,Catalunya,+34938936261,vanesaestilista@yahoo.es,,,osm,41.2260683,1.7214122,2026-05-18
Perruqueria Laura,Vilanova i la Geltrú,Catalunya,,,,,osm,41.2262327,1.7210582,2026-05-18
Joana perruqueria-estilista,Vilanova i la Geltrú,Catalunya,+34938140063,joannaro42@gmail.com,,,osm,41.2261914,1.7218629,2026-05-18
Colom blanc - barberia,Vilanova i la Geltrú,Catalunya,+34664874248,hichamahakkam@gmail.com,,,osm,41.2302279,1.7282666,2026-05-18
QUIROGARRAF ESTILISTES,Vilanova i la Geltrú,Catalunya,+34674652847,,,,osm,41.2303822,1.7288433,2026-05-18
Peluquería Marta Alonso,Viveiro,Galicia,,,,,osm,43.6709677,-7.6112331,2026-05-18
DeDavid Peluqueros,Ampuero,Cantabria,,,,,osm,43.3434574,-3.4172601,2026-05-18
Temple Barbershop,Cambre,Galicia,+34689472797,,,,osm,43.3165708,-8.3552677,2026-05-18
Mila,Errenteria,Euskadi,,,,,osm,43.3121229,-1.8997705,2026-05-18
Lorena Style,Santo Tomé,Andalucía,+34636438500,,,,osm,38.0282964,-3.1031229,2026-05-18
L&C Estilismo e Beleza,Santiago de Compostela,Galicia,,,@lc.estilismoebeleza,,osm,42.8831962,-8.5302496,2026-05-18
Classic,Tolosa,Euskadi,,,,,osm,43.135084,-2.074768,2026-05-18
Scorpio,Almería,Almería,,,,,osm,36.843442,-2.4602684,2026-05-18
Peluquería Emilio,Ampuero,Cantabria,,,,,osm,43.3425251,-3.4175663,2026-05-18
Perruqueria Yolanda i Montse,Torredembarra,Catalunya,,,,,osm,41.1453615,1.401272,2026-05-18
José Manuel López,Santiago de Compostela,Galicia,,,,,osm,42.8921011,-8.547695,2026-05-18
Peluquría Kamal,Vera,Andalucía,,,,,osm,37.2481325,-1.8692325,2026-05-18
Peluquría Gema,Vera,Andalucía,,,,,osm,37.2476374,-1.8702091,2026-05-18
Peluquería Laura,Torrox-Costa,Andalucía,+34952530759,,,,osm,36.7271192,-3.9581059,2026-05-18
Perruqueria Època,Vilanova i la Geltrú,Catalunya,+34938143615,elisabethpoca@gmail.com,,,osm,41.2228607,1.7211641,2026-05-18
Sandra Gisbert Perruqueria Unisex,Vilanova i la Geltrú,Catalunya,,,,,osm,41.2229908,1.7228338,2026-05-18
Integrity Staff,Vilanova i la Geltrú,Catalunya,,,,,osm,41.2227618,1.7227024,2026-05-18
Mar Estilistes,Vilanova i la Geltrú,Catalunya,+34938155042,estilistasmar@hotmail.es,,,osm,41.2221072,1.7237458,2026-05-18
Salon Merdi (barberia),Vilanova i la Geltrú,Catalunya,+34662425420,,,,osm,41.2217531,1.7253967,2026-05-18
Kati,Vilanova i la Geltrú,Catalunya,+34938156203,,,,osm,41.2216573,1.7247301,2026-05-18
Arrels estilistes,Vilanova i la Geltrú,Catalunya,+34936786401,,,,osm,41.2207736,1.7242165,2026-05-18
Rolling Peluqueros,Leganés,Madrid,,,,,osm,40.2997344,-3.7533164,2026-05-18
Peluquería Masculina,Leganés,Madrid,,,,,osm,40.3005086,-3.7534704,2026-05-18
Beyoan,Burgos,Castilla y León,,,,,osm,42.3507626,-3.6958871,2026-05-18
Bella Roma Peluquería Y Estética,Leganés,Madrid,,,,,osm,40.2944374,-3.8328395,2026-05-18
Barbería Dominican Republic,Madrid,Madrid,+34601447379,,,,osm,40.4563802,-3.7039241,2026-05-18
Félix 2,Madrid,Madrid,+34624362579,,,,osm,40.4568099,-3.7021284,2026-05-18
Dadu Perruqueria,Barcelona,Catalunya,,,,,osm,41.3602394,2.140208,2026-05-18
Arbi Barber Shop,Leganés,Madrid,,,,,osm,40.2941214,-3.8326561,2026-05-18
D&F Peluqueros,Santiago de Compostela,Galicia,,,,,osm,42.8752317,-8.5498533,2026-05-18
Estil Trenta-Dos,Barcelona,Catalunya,,,,,osm,41.360223,2.1352221,2026-05-18
Perruqueria I Estetica Jessica,Barcelona,Catalunya,,,,,osm,41.359003,2.1363446,2026-05-18
Va De Pelos Perruqueria,Barcelona,Catalunya,,,,,osm,41.3594293,2.1392166,2026-05-18
La Pelu De Rakel,Barcelona,Catalunya,,,,,osm,41.3582586,2.1395364,2026-05-18
Perruqueria Premium,Barcelona,Catalunya,,,,,osm,41.3573144,2.1369347,2026-05-18
Suxang Peluqueria,Barcelona,Barcelona,,,,,osm,41.3684171,2.1321389,2026-05-18
Miss Cosmetics,Barcelona,Barcelona,,,,,osm,41.3685163,2.1323488,2026-05-18
9 Estil Perruqueria Centre d'estetica,Barcelona,Barcelona,,,,,osm,41.3675818,2.1332661,2026-05-18
Cluny,Tolosa,Euskadi,,,,,osm,43.1360123,-2.0760987,2026-05-18
Xinda,Tolosa,Euskadi,,,,,osm,43.1364016,-2.0771158,2026-05-18
Just Beauty Silvia Lozano,Vilanova i la Geltrú,Catalunya,+34938158438,,,http://laniñadelospeines.com/,osm,41.2205413,1.7220067,2026-05-18
Eva Roca Perruqueria,Vilanova i la Geltrú,Catalunya,+34938937050,eva@evarocaperruqueria.com,,https://www.evarocaperruqueria.com/,osm,41.223014,1.7245775,2026-05-18
DM estilistes,Vilanova i la Geltrú,Catalunya,+34627688923,,,,osm,41.2213847,1.72353,2026-05-18
Barberia - Perruqueria Tutusaus,Vilanova i la Geltrú,Catalunya,+34938934969,a.tutusaus@telefonica.net,,,osm,41.2258184,1.7256218,2026-05-18
Rosa Ferré Perruquers,Vilanova i la Geltrú,Catalunya,+34938936818,viqueperru@hotmail.com,,,osm,41.2235633,1.7259655,2026-05-18
Vila 8,Vilanova i la Geltrú,Catalunya,,,,,osm,41.2237694,1.7256503,2026-05-18
Lola Ramirez,Vilanova i la Geltrú,Catalunya,+34938933326,lola_ramirez27@hotmail.com,,,osm,41.2243513,1.7263764,2026-05-18
Clodette,Vilanova i la Geltrú,Catalunya,+34938934865,clodettescp@hotmail.com,,,osm,41.2219553,1.7273103,2026-05-18
Larache SRH,Vilanova i la Geltrú,Catalunya,,,,,osm,41.222727,1.7217556,2026-05-18
Perruqueria Araceli,Vilanova i la Geltrú,Catalunya,+34938156604,,,,osm,41.2209542,1.7217757,2026-05-18
Peluquería Y Estética Esther De Las Heras,Leganés,Madrid,,,,,osm,40.289241,-3.7505726,2026-05-18
Fister Lewis,Barcelona,Catalunya,,,,,osm,41.3865381,2.1268013,2026-05-18
Reche,Barcelona,Catalunya,,,,,osm,41.3864234,2.1278085,2026-05-18
Scarlata,Barcelona,Catalunya,,,,,osm,41.3840025,2.12726,2026-05-18
Salon4648 Emotions Barcelona,Barcelona,Catalunya,,,,,osm,41.3829839,2.1282643,2026-05-18
Andrea Vasarini,Barcelona,Catalunya,,,,,osm,41.3819014,2.12864,2026-05-18
Giuseppe Galli,Barcelona,Catalunya,,,,,osm,41.3779719,2.1535389,2026-05-18
Franck-Provost,Barcelona,Catalunya,,,,,osm,41.3763285,2.1493114,2026-05-18
M&M Estilistes,Barcelona,Barcelona,,,,,osm,41.3732803,2.1463063,2026-05-18
Perruqueria Qianyi,Barcelona,Catalunya,,,,,osm,41.3705735,2.14372,2026-05-18
Perruqueria Barberia,Barcelona,Catalunya,,,,,osm,41.3851352,2.163041,2026-05-18
Milla Perruquers,Barcelona,Catalunya,,,,,osm,41.3838012,2.1613307,2026-05-18
Alter Ego,Barcelona,Catalunya,,,,,osm,41.3837338,2.1601867,2026-05-18
Organic Salon,Barcelona,Catalunya,,,,,osm,41.3903831,2.1690695,2026-05-18
Fontanet Perruquers,Barcelona,Catalunya,,,,,osm,41.393828,2.1736789,2026-05-18
Harry Barber Shop,Barcelona,Catalunya,,,,,osm,41.4071757,2.1914358,2026-05-18
Hair Line Estilistes,Barcelona,Catalunya,,,,,osm,41.3943708,2.1742509,2026-05-18
Angeles Perruqueria,Barcelona,Catalunya,,,,,osm,41.4158668,2.2043923,2026-05-18
Ali Perruqueria,Barcelona,Catalunya,,,,,osm,41.4154887,2.2039309,2026-05-18
Artfusio,Barcelona,Catalunya,,,,,osm,41.4162352,2.2031262,2026-05-18
Toni Reina Peluqueros,Barcelona,Catalunya,,,,,osm,41.4162824,2.2031866,2026-05-18
Yolanda Romero,Barcelona,Catalunya,,,,,osm,41.4149214,2.2031759,2026-05-18
Perruqueria Roma 3,Barcelona,Catalunya,,,,,osm,41.4135803,2.2013466,2026-05-18
Va D. Atienza,Barcelona,Catalunya,,,,,osm,41.4129984,2.1985182,2026-05-18
Perruqueria Noemi,Barcelona,Catalunya,,,,,osm,41.4117357,2.1991298,2026-05-18
Marlen,Barcelona,Catalunya,,,,,osm,41.4107756,2.1979013,2026-05-18
R&A Perruquers,Barcelona,Catalunya,,,,,osm,41.4110921,2.1983073,2026-05-18
Perruqueria M. Cinta,Barcelona,Catalunya,,,,,osm,41.4179748,2.2072287,2026-05-18
D'junior,Barcelona,Catalunya,,,,,osm,41.4176198,2.2067419,2026-05-18
Star Perruqueria,Barcelona,Catalunya,,,,,osm,41.4174126,2.2065045,2026-05-18
Ideas Peluqueros,Barcelona,Catalunya,,,,,osm,41.4183409,2.2058748,2026-05-18
Nico,Gijón / Xixón,Asturias / Asturies,,,,,osm,43.5342661,-5.6700714,2026-05-18
Elsa Rodriguez,Gijón / Xixón,Asturias / Asturies,,,,,osm,43.5368725,-5.6642275,2026-05-18
C&N,Gijón / Xixón,Asturias / Asturies,,,,,osm,43.5337709,-5.6629263,2026-05-18
Color & Chocolate,Gijón / Xixón,Asturias / Asturies,,,,,osm,43.5324366,-5.662577,2026-05-18
Compte,Barcelona,Catalunya,,,,,osm,41.3913002,2.1967587,2026-05-18
Gaudi Hair,Barcelona,Catalunya,,,,,osm,41.4104513,2.1745307,2026-05-18
Sixty Six,Barcelona,Catalunya,,,,,osm,41.4102341,2.1745199,2026-05-18
Fernand Vero,Barcelona,Catalunya,,,,,osm,41.4056971,2.1742523,2026-05-18
Beths,Barcelona,Catalunya,,,,,osm,41.3859384,2.1770753,2026-05-18
Marc Calvache,Barcelona,Catalunya,,,,,osm,41.391972,2.1445243,2026-05-18
Perruqueria Home i Dona,Barcelona,Catalunya,,,,,osm,41.3885826,2.1427739,2026-05-18
Els Perruquers,Barcelona,Catalunya,,,,,osm,41.4145986,2.1635583,2026-05-18
Roche Estilista,Barcelona,Catalunya,,,,,osm,41.4141802,2.1628341,2026-05-18
S&S Style,Barcelona,Catalunya,,,,,osm,41.422224,2.1744095,2026-05-18
Pakos Perruqueria,Barcelona,Catalunya,,,,,osm,41.4233571,2.1752273,2026-05-18
Roser Perruqueria,Barcelona,Catalunya,,,,,osm,41.4222782,2.1747625,2026-05-18
Low Cost Estilistas,Barcelona,Catalunya,,,,,osm,41.4215672,2.1742851,2026-05-18
Perruqueria Love BCN,Barcelona,Catalunya,,,,,osm,41.4202911,2.1733903,2026-05-18
Estilistes Mary,Barcelona,Catalunya,,,,,osm,41.4169275,2.1706187,2026-05-18
Destyla,Barcelona,Catalunya,,,,,osm,41.4093202,2.1464445,2026-05-18
L'equip Perruquers,Barcelona,Catalunya,,,,,osm,41.4129652,2.1390469,2026-05-18
Peluqueria Scarlata,Barcelona,Catalunya,,,,,osm,41.4127279,2.1393473,2026-05-18
Xaloc,Barcelona,Catalunya,,,,,osm,41.4127243,2.1399374,2026-05-18
Peluqueria Hombre Mujer,Barcelona,Catalunya,,,,,osm,41.4115933,2.1412638,2026-05-18
May Fra,Barcelona,Catalunya,,,,,osm,41.4116768,2.1423645,2026-05-18
Lucy's Pelu,Oviedo-Uviéu,Asturias / Asturies,,,,,osm,43.3691422,-5.8463742,2026-05-18
Fabio's,Barcelona,Catalunya,,,,,osm,41.3900898,2.145448,2026-05-18
Ali,Barcelona,Catalunya,,,,,osm,41.3761982,2.1173552,2026-05-18
Perruqueria Inedit,Barcelona,Catalunya,,,,,osm,41.3773731,2.1163796,2026-05-18
Pepa Checa,Barcelona,Catalunya,,,,,osm,41.3768342,2.1166348,2026-05-18
Interiores,Barcelona,Catalunya,,,,,osm,41.3783573,2.1129933,2026-05-18
Marisol Gonzalez,Barcelona,Catalunya,,,,,osm,41.410057,2.1475053,2026-05-18
Universal,Barcelona,Catalunya,,,,,osm,41.4095993,2.1479901,2026-05-18
Indian Perruqueria - Asian Parlor,Barcelona,Catalunya,,,,,osm,41.3751764,2.1661159,2026-05-18
Xiomara Fashion Perruqueria Unisex,Barcelona,Catalunya,,,,,osm,41.3747918,2.1560521,2026-05-18
Pelakos,Vilanova i la Geltrú,Catalunya,+34938933367,monikapalakos@hotmail.com,,,osm,41.2250438,1.7246791,2026-05-18
Gloss Beauty Salon,Vilanova i la Geltrú,Catalunya,+34938143376,gloss_vilanova@hotmail.com,,,osm,41.2257703,1.7236746,2026-05-18
Equip Galo,Vilanova i la Geltrú,Catalunya,+34938935855,,,,osm,41.2265848,1.7247516,2026-05-18
Perruqueria Lauri,Vilanova i la Geltrú,Catalunya,+34931195658,,,,osm,41.2249194,1.7267735,2026-05-18
Perruqueria Monika Estilista,Vilanova i la Geltrú,Catalunya,+34938147848,monicaps10@hotmail.com,,,osm,41.2253775,1.7268193,2026-05-18
Perruqueria Vicky V,Vilanova i la Geltrú,Catalunya,+34938142995,,,,osm,41.2241956,1.7302144,2026-05-18
Juan Carlos Quesada Vivancos (Estilistes),Vilanova i la Geltrú,Catalunya,+34938930749,jcquesadavng@gmail.com,,,osm,41.2229148,1.7291846,2026-05-18
Vilanova Stil,Vilanova i la Geltrú,Catalunya,+34938155966,,,,osm,41.2223992,1.7265873,2026-05-18
Vila Perruquers,Vilanova i la Geltrú,Catalunya,+34938157719,vilaperruquers@hotmail.com,,,osm,41.2221261,1.7247496,2026-05-18
Perruqueria Yi Tong,Vilanova i la Geltrú,Catalunya,+34688005129,,,,osm,41.2239676,1.7203256,2026-05-18
Brillantina,Vilanova i la Geltrú,Catalunya,+34931433125,vanessavvnn@hotmail.com,,,osm,41.224367,1.7215516,2026-05-18
Ascen Perruqueria,Vilanova i la Geltrú,Catalunya,+34938932300,,,,osm,41.2235525,1.7207019,2026-05-18
El Mirall 9,Vilanova i la Geltrú,Catalunya,+34938149309,,,,osm,41.2236764,1.7209297,2026-05-18
Perruqueria Amistat,Vilanova i la Geltrú,Catalunya,+34678074920,asouitou@hotmail.com,,,osm,41.2250714,1.7207764,2026-05-18
Taki Taki Barber,Vilanova i la Geltrú,Catalunya,+34633569722,,,,osm,41.2249872,1.7205093,2026-05-18
Perruqueria Juanjo,Vilanova i la Geltrú,Catalunya,+34938143165,perruqueriajuanjo@hotmail.es,,,osm,41.2248613,1.7205824,2026-05-18
Salon 23,Vilanova i la Geltrú,Catalunya,+34619593933,,,,osm,41.2245431,1.7197657,2026-05-18
New Bucles Estilistes,Vilanova i la Geltrú,Catalunya,+34938935787,,,,osm,41.2254458,1.7193138,2026-05-18
Mireya Estilista,Gijón / Xixón,Asturias / Asturies,,,,,osm,43.5294385,-5.6670342,2026-05-18
Perruqueria Scarlata,Barcelona,Catalunya,,,,,osm,41.3767331,2.1574435,2026-05-18
Pelo Artesano Pas,Barcelona,Catalunya,,,,,osm,41.3762196,2.1557901,2026-05-18
Giovane,Barcelona,Catalunya,,,,,osm,41.3765298,2.1554594,2026-05-18
Pako Moreno Barber Shop,Barcelona,Catalunya,,,,,osm,41.3757116,2.1541022,2026-05-18
Cenia,Barcelona,Catalunya,,,,,osm,41.375759,2.1542296,2026-05-18
Belkys i Yinet,Barcelona,Catalunya,,,,,osm,41.3755486,2.1535054,2026-05-18
Perruqueria Inai,Barcelona,Barcelona,,,,,osm,41.3757158,2.1528386,2026-05-18
Mkulture Barber,Barcelona,Barcelona,,,,,osm,41.3758384,2.1532063,2026-05-18
Symbol Perruqueria,Montcada i Reixac,Catalunya,,,,,osm,41.4622205,2.1784419,2026-05-18
Perruqueria Tony,Montcada i Reixac,Catalunya,,,,,osm,41.4610394,2.1766679,2026-05-18
Perruqueria Royal,Montcada i Reixac,Catalunya,,,,,osm,41.4609492,2.1787356,2026-05-18
Nerea Lopez,Gijón / Xixón,Asturias / Asturies,,,,,osm,43.5274884,-5.6686551,2026-05-18
Barberia Juan Moreno,Vera,Andalucía,,,,,osm,37.2482217,-1.8664195,2026-05-18
La Teva Pelu,Barcelona,Catalunya,,,,,osm,41.4029379,2.1502079,2026-05-18
Princep 32,Barcelona,Catalunya,,,,,osm,41.4034383,2.150105,2026-05-18
Barber Hall,Barcelona,Catalunya,,,,,osm,41.4013461,2.1513518,2026-05-18
Ana Perruquers,Barcelona,Catalunya,,,,,osm,41.4013314,2.1510592,2026-05-18
Sergio Todoli,Barcelona,Catalunya,,,,,osm,41.4009582,2.1510384,2026-05-18
Mario Soler,Vilanova i la Geltrú,Catalunya,+34938930643,soler.b.mario@gmail.com,,,osm,41.2274504,1.7194433,2026-05-18
Peluqueria Mary,Vilanova i la Geltrú,Catalunya,+34938935201,mariagamero@hotmail.com,,,osm,41.2248084,1.7304416,2026-05-18
Elit,Vilanova i la Geltrú,Catalunya,+34938934188,,,,osm,41.2255484,1.7249635,2026-05-18
359 perruquers,Vilanova i la Geltrú,Catalunya,+34938140506,serjan_son@hotmail.com,,,osm,41.2267319,1.7259469,2026-05-18
Vam & Co Beauty Gallery,Vilanova i la Geltrú,Catalunya,+34931289696,beautygallery.peluqueria@gmail.com,,,osm,41.2257723,1.7233935,2026-05-18
Centro de peluqueria y estética,Vilanova i la Geltrú,Catalunya,+34667719559,,,,osm,41.2239454,1.7225407,2026-05-18
Zaida Bárcena,Santiago de Compostela,Galicia,,,,,osm,42.8856259,-8.5411246,2026-05-18
Salomó,Barcelona,Catalunya,,,,,osm,41.4019932,2.1749755,2026-05-18
Bailén,Barcelona,Catalunya,,,,,osm,41.3997637,2.16663,2026-05-18
Jean Claude Olivier,Granada,Andalucía,,,,,osm,37.1762139,-3.6104478,2026-05-18
Arrel,Barcelona,Catalunya,,,,,osm,41.4006644,2.1576952,2026-05-18
Padis,Reus,Catalunya,,,,,osm,41.159394,1.1050412,2026-05-18
Oasis,Santiago de Compostela,Galicia,,,,,osm,42.8724129,-8.5555127,2026-05-18
The Barber Scool,Santiago de Compostela,Galicia,,,,,osm,42.8722282,-8.5551029,2026-05-18
Romi,Santiago de Compostela,Galicia,,,,,osm,42.8754703,-8.5479031,2026-05-18
La Doncel Perruqueria,Barcelona,Catalunya,,,,,osm,41.3788202,2.1284978,2026-05-18
Bajo Mi Sombrero,Barcelona,Catalunya,,,,,osm,41.3804751,2.1307107,2026-05-18
David Celmsa Perruqueria,Barcelona,Catalunya,,,,,osm,41.3814466,2.1338998,2026-05-18
Elite Perruqueria,Barcelona,Catalunya,,,,,osm,41.381413,2.134992,2026-05-18
Perruqueria Norma,Barcelona,Catalunya,,,,,osm,41.4409369,2.1832618,2026-05-18
Marona,Barcelona,Catalunya,,,,,osm,41.438842,2.1812066,2026-05-18
Palace,Barcelona,Catalunya,,,,,osm,41.4305539,2.1822184,2026-05-18
Romeo Perruqueria,Barcelona,Catalunya,,,,,osm,41.4273824,2.1751488,2026-05-18
Inspira't,Barcelona,Catalunya,,,,,osm,41.427657,2.1748953,2026-05-18
Salon Pedralbes,Barcelona,Catalunya,,,,,osm,41.3882667,2.1245308,2026-05-18
Rambla,Santa Cruz de Tenerife,Canarias,,,,,osm,28.4682598,-16.2608144,2026-05-18
Lashbrowbcn,Barcelona,Catalunya,,,,,osm,41.3916071,2.1417292,2026-05-18
Mar Sánchez Estilistas,Vigo,Galicia,+34986238642,,,,osm,42.2243838,-8.7522125,2026-05-18
Armando,Santiago de Compostela,Galicia,,,,,osm,42.8720358,-8.5472012,2026-05-18
Casas Perruquers,Barcelona,Catalunya,,,,,osm,41.4022623,2.1602445,2026-05-18
Mirage peluqueros,Santa Cruz de Tenerife,Canarias,,,,,osm,28.4612597,-16.2633939,2026-05-18
Tony cañadas peluqueros,Santa Cruz de Tenerife,Canarias,,,,,osm,28.4683459,-16.2607124,2026-05-18
Bente's,Santa Cruz de Tenerife,Canarias,,,,,osm,28.4687572,-16.2602867,2026-05-18
Pepe Mesas barbería,Santa Cruz de Tenerife,Canarias,,,,,osm,28.4674731,-16.2616699,2026-05-18
Laly Fajardo,Santa Cruz de Tenerife,Canarias,,,,,osm,28.4664806,-16.2599889,2026-05-18
Diego Moriano,Santa Cruz de Tenerife,Canarias,,,,,osm,28.4661618,-16.2584964,2026-05-18
Altair,Eibar,Euskadi,,,,,osm,43.1840242,-2.4722934,2026-05-18
Anna Vidal,Anglès,Catalunya,,,,,osm,41.9568632,2.6340041,2026-05-18
Mum,Santiago de Compostela,Galicia,,,,,osm,42.8730994,-8.547473,2026-05-18
3M,Santa Eulàlia de Ronçana,Catalunya,,,,,osm,41.6390403,2.2324251,2026-05-18
Imma Perruquers,Santa Eulàlia de Ronçana,Catalunya,,,,,osm,41.6392751,2.2324857,2026-05-18
LUC & hair,Crevillent,Comunitat Valenciana,,,,,osm,38.177971,-0.8098327,2026-05-18
Issan the Black,Cartagena,Murcia,,,,,osm,37.6499025,-0.7175886,2026-05-18
Peluquería Jesús,Sonseca,Castilla-La Mancha,+34636085969,,,,osm,39.6761585,-3.9741037,2026-05-18
Joana,Anglès,Catalunya,+34972420563,joanabalasteguisola2@gmail.com,,,osm,41.9563786,2.6377539,2026-05-18
Aude,Barcelona,Catalunya,,,,,osm,41.3991342,2.1710265,2026-05-18
Orizzont,Barcelona,Catalunya,,,,,osm,41.3996332,2.1730674,2026-05-18
Porter,Barcelona,Catalunya,,,,,osm,41.3991887,2.1712221,2026-05-18
Babylight Aduho,Barcelona,Catalunya,,,,,osm,41.3983446,2.1657114,2026-05-18
Perruqueria Cecilia Fernandez,Barcelona,Catalunya,,,,,osm,41.4008394,2.1756195,2026-05-18
Peluquería Santi,Sonseca,Castilla-La Mancha,,,,,osm,39.6748713,-3.9744206,2026-05-18
Perruqueria Elena,Barcelona,Catalunya,,,,,osm,41.4115239,2.2181869,2026-05-18
Perruqueria Cubells,Barcelona,Catalunya,,,,,osm,41.4104815,2.2129452,2026-05-18
Perruqueria Solena,Barcelona,Catalunya,,,,,osm,41.4100937,2.2122954,2026-05-18
Perruqueria Mar,Barcelona,Catalunya,,,,,osm,41.4095123,2.2105627,2026-05-18
Mi Corte,Barcelona,Catalunya,,,,,osm,41.4053883,2.1941999,2026-05-18
Peluquería Maricarmen,Sonseca,Castilla-La Mancha,,,,,osm,39.6697947,-3.9808226,2026-05-18
Doble Alfa,Madrid,Madrid,+34619545464,,,,osm,40.4366363,-3.6987819,2026-05-18
Perruquería Masculina Jordi,Barcelona,Catalunya,+34931256992,,,,osm,41.4032126,2.1650265,2026-05-18
Olga Triviño,Palamós,Catalunya,,,,,osm,41.8517426,3.1255178,2026-05-18
Color,Oviedo,Asturias / Asturies,,,,,osm,43.3642166,-5.8618558,2026-05-18
Perruqueria Xiss,Vilanova i la Geltrú,Catalunya,+34938165022,xiss_peluqueria@hotmail.com,,,osm,41.2234725,1.7196428,2026-05-18
Momo Barber Shop,Vilanova i la Geltrú,Catalunya,,,,,osm,41.2232323,1.7209364,2026-05-18
Patro Valle Perruquers,Vilanova i la Geltrú,Catalunya,+34938142293,patrocinioberlanga@hotmail.com,,,osm,41.2229481,1.7200072,2026-05-18
Israel (Perruqueria homes),Vilanova i la Geltrú,Catalunya,+34610709100,,,,osm,41.2229618,1.7202789,2026-05-18
Perruqueria i estètica Naim,Vilanova i la Geltrú,Catalunya,+34938930774,peluquerianaim@gmail.com,,,osm,41.2249542,1.7232992,2026-05-18
Elisabet Codina perruqueria unisex,Vilanova i la Geltrú,Catalunya,+34931289582,,,,osm,41.2238357,1.7222859,2026-05-18
Ribada perruquers,Vilanova i la Geltrú,Catalunya,+34938142217,ribadaperruquers@hotmail.com,,,osm,41.2256971,1.7182767,2026-05-18
Jairo GM Style,Vilanova i la Geltrú,Catalunya,+34683187289,jairo0138@gmail.com,,,osm,41.2265595,1.7232996,2026-05-18
Barberia Bartolomé,Vilanova i la Geltrú,Catalunya,+34938933144,,,,osm,41.226488,1.7233276,2026-05-18
Errëlive perruquers,Vilanova i la Geltrú,Catalunya,+34931195660,,,https://www.erreliveofficial.com,osm,41.2272727,1.7267713,2026-05-18
Perruqueria Sant Jordi,Vilanova i la Geltrú,Catalunya,+34931189198,santjordi1@hotmail.com,,,osm,41.2265303,1.7301911,2026-05-18
Arzua estilistes,Vilanova i la Geltrú,Catalunya,+34938141843,,,,osm,41.2234742,1.727223,2026-05-18
Rosa Carbó Unisex,Vilanova i la Geltrú,Catalunya,+34931819229,rosacarbo14@hotmail.com,,,osm,41.2230181,1.7258175,2026-05-18
Safi peluqueria,Vilanova i la Geltrú,Catalunya,+34609735576,,,,osm,41.22673,1.7263549,2026-05-18
Christian Rios Hair Couture,Vilanova i la Geltrú,Catalunya,+34629426573,,,,osm,41.2256306,1.7201355,2026-05-18
Perruquería Fabré,Vilanova i la Geltrú,Catalunya,+34938140769,cris362005@yahoo.es,,,osm,41.2259091,1.7260398,2026-05-18
Perruqueria i estètica Iman,Vilanova i la Geltrú,Catalunya,+34938141149,,,,osm,41.2250375,1.7254516,2026-05-18
Cano Barber's Shop,Vilanova i la Geltrú,Catalunya,+34938938825,info@canoperruquers.com,,,osm,41.224057,1.7310762,2026-05-18
Arnedo Peluquería,Nambroca,Castilla-La Mancha,,,,,osm,39.7972691,-3.9455623,2026-05-18
Peluquería Caballeros Manuel Pérez,O Porriño,Galicia,+34636360033,,,,osm,42.2210261,-8.633748,2026-05-18
Extensionmania,Getafe,Madrid,,,,,osm,40.339908,-3.7350837,2026-05-18
Peluquería Marco,Oviedo,Asturias / Asturies,,,,,osm,43.3619218,-5.8595251,2026-05-18
Peluquería Molano,Derio,Euskadi,,,,,osm,43.292004,-2.8859012,2026-05-18
Ane Aretxabaleta,Bilbao,Euskadi,,,,,osm,43.2926853,-2.887477,2026-05-18
Loga,Ferrol,Galicia,,,,,osm,43.4864333,-8.2339344,2026-05-18
Ayadi,Ferrol,Galicia,+34605452566,,,https://ayadis-barbershop.negocio.site/,osm,43.4855559,-8.2330337,2026-05-18
Tribeca,Ferrol,Galicia,,,@tribecapeluqueros,,osm,43.4849095,-8.2332206,2026-05-18
Marta Sierra,Piloña,Asturias / Asturies,,,,,osm,43.3620344,-5.2582233,2026-05-18
L'Estil,Creixell,Catalunya,,,,,osm,41.1678562,1.4406994,2026-05-18
Peluquerías Linde,Villalbilla,Madrid,+34918792389,,,,osm,40.4428688,-3.3616937,2026-05-18
La Bigotuda Barber Shop,Vila-real,Comunitat Valenciana,,,,,osm,39.9324693,-0.1037232,2026-05-18
Carlos González Peluqueria Y Estética,Vila-real,Comunitat Valenciana,+34964837071,,,,osm,39.9341072,-0.1033329,2026-05-18
Peluquería Sonia López,Oviedo,Asturias / Asturies,,,,,osm,43.3609382,-5.8674997,2026-05-18
Urban Styl,Benidorm,Comunitat Valenciana,,,,,osm,38.5372936,-0.1391812,2026-05-18
Elyan,Colindres,Cantabria,,,,,osm,43.3952465,-3.4499026,2026-05-18
Peluquería Estética Nou Estil,Llucena / Lucena del Cid,Comunitat Valenciana,,,,,osm,40.1377963,-0.2811161,2026-05-18
Creativa,Gijón / Xixón,Asturias / Asturies,,,,,osm,43.53186,-5.6637939,2026-05-18
Unicornios de Colores,Gijón / Xixón,Asturias / Asturies,,,,,osm,43.5302635,-5.6638293,2026-05-18
Blanco Acebal,Gijón / Xixón,Asturias / Asturies,,,,,osm,43.5291991,-5.6634345,2026-05-18
Hemiste Barber,Gijón / Xixón,Asturias / Asturies,,,,,osm,43.529566,-5.6636843,2026-05-18
Navarro,Gijón / Xixón,Asturias / Asturies,,,,,osm,43.5290745,-5.6648474,2026-05-18
Fernando Barbershop,Gijón / Xixón,Asturias / Asturies,,,,,osm,43.529142,-5.6635539,2026-05-18
Golden Barbers Manila,Toledo,Castilla-La Mancha,+34633412842,,,,osm,39.8630314,-3.9429519,2026-05-18
Panther,Miraflores de la Sierra,Madrid,,,,,osm,40.7528983,-3.7847078,2026-05-18
Batán Style,Madrid,Madrid,,,,,osm,40.4061899,-3.749286,2026-05-18
Barber house,Madrid,Madrid,,,,,osm,40.4138196,-3.7075898,2026-05-18
Mario’s,Somo,Cantabria,,,,,osm,43.4535907,-3.74275,2026-05-18
Night and Day,Somo,Cantabria,,,,,osm,43.4535747,-3.7444005,2026-05-18
Karla morales,Madrid,Madrid,,,,,osm,40.4298988,-3.5610036,2026-05-18
César Samper,Madrid,Madrid,,,,,osm,40.4290863,-3.5613379,2026-05-18
Doina Vlad,Madrid,Madrid,,,,,osm,40.4271278,-3.5621022,2026-05-18
Susana Escalona Estilista,Madrid,Madrid,,,,,osm,40.425599,-3.5624064,2026-05-18
Allexys Style,Madrid,Madrid,,,,,osm,40.4242727,-3.562474,2026-05-18
Peluquería Esmeralda,Aldeacentenera,Extremadura,,,,,osm,39.5270965,-5.6304725,2026-05-18
Romeo's Barber Shop,El Escorial,Madrid,,,,,osm,40.5836297,-4.1290597,2026-05-18
Peluquería Pruden,Marbella,Andalucía,,,,,osm,36.510638,-4.8775167,2026-05-18
Almudena,Cicero,Cantabria,,,,,osm,43.3962122,-3.4533587,2026-05-18
Peluquería Camp Redó,Palma,Islas Baleares,+34613166440,,,,osm,39.5914499,2.6466635,2026-05-18
Zitane,Santa Uxía de Ribeira,Galicia,,,,,osm,42.5570691,-8.9913175,2026-05-18
Cardel,Colindres,Cantabria,,,,,osm,43.3975819,-3.4492948,2026-05-18
Silvana,Candelaria,Canarias,,,,,osm,28.3602508,-16.3677797,2026-05-18
Natalia González,Lanjarón,Andalucía,,,,,osm,36.9179951,-3.4846839,2026-05-18
Bordaila,Lanjarón,Andalucía,,,,,osm,36.9178421,-3.4862703,2026-05-18
Peluquería El Chato,El Escorial,Madrid,,,,,osm,40.5843303,-4.1294466,2026-05-18
De Peño,Avilés,Asturias / Asturies,,,,,osm,43.5569024,-5.9230158,2026-05-18
Amabe,Avilés,Asturias / Asturies,,,,,osm,43.5568159,-5.9233559,2026-05-18
Jade Estilistas,El Escorial,Madrid,,,,,osm,40.5843892,-4.1283382,2026-05-18
Kolams,El Escorial,Madrid,,,,,osm,40.5854078,-4.1302712,2026-05-18
Matt,El Escorial,Madrid,,,,,osm,40.5852658,-4.1284432,2026-05-18
Becover,Colindres,Cantabria,,,,,osm,43.3967426,-3.4529076,2026-05-18
velvet,Colindres,Cantabria,,,,,osm,43.3967223,-3.4529173,2026-05-18
María Canales,Colindres,Cantabria,,,,,osm,43.3966223,-3.4529533,2026-05-18
Celeste Graña,Cangas de Morrazo,Galicia,,,,,osm,42.2645485,-8.7843313,2026-05-18
Napavi,Santa Cruz de La Palma,Canarias,+34922083616,,,,osm,28.6507229,-17.7598358,2026-05-18
La Pelu de Lola,Ferrol,Galicia,,,,,osm,43.4821677,-8.2372522,2026-05-18
OK Peluquería,Barcelona,Catalunya,+34632199338,,,,osm,41.3990155,2.1653622,2026-05-18
Barbería Adrian La Rosa,Motril,Andalucía,,,,,osm,36.8331455,-3.5157411,2026-05-18
Blanca García Delgado,Motril,Andalucía,,,,,osm,36.8338848,-3.5157132,2026-05-18
Botanika,València,Comunitat Valenciana,,,,,osm,39.4759751,-0.3648896,2026-05-18
Melisa Pérez,Candelaria,Canarias,,,,,osm,28.3558905,-16.3701107,2026-05-18
Ondas y rizos,Alcázar de San Juan,Castilla-La Mancha,,,,,osm,39.3903688,-3.2126758,2026-05-18
Loli & Jesús,San Fernando,Andalucía,,,,,osm,36.4708981,-6.1953893,2026-05-18
Olga Franco Estilistas,València,Comunitat Valenciana,,,,,osm,39.4669456,-0.3370035,2026-05-18
Peluquería A.V.S. Unisex,València,Comunitat Valenciana,,,,,osm,39.4677055,-0.3368522,2026-05-18
Cool&Chic Peluquería,València,Comunitat Valenciana,,,,,osm,39.4703126,-0.3665439,2026-05-18
Peluquería Selene,San Fernando,Andalucía,,,,,osm,36.4689684,-6.1977973,2026-05-18
Perruqueria Clips,Reus,Catalunya,,,,,osm,41.1421255,1.112724,2026-05-18
Perruqueria Salvador,Reus,Catalunya,,,,,osm,41.141791,1.1124823,2026-05-18
Lola Martí Estilistas,València,Comunitat Valenciana,,,,,osm,39.4748611,-0.3471527,2026-05-18
Sandra difusió,Lleida,Catalunya,,,,,osm,41.6176839,0.6176179,2026-05-18
Rbk&Patricce,León,Castilla y León,,,,,osm,42.6065868,-5.5663747,2026-05-18
Domine,Zaragoza,Aragón,,,,,osm,41.650151,-0.8834417,2026-05-18
La barbería del Tío Jorge,Zaragoza,Aragón,,,,,osm,41.6456236,-0.8837865,2026-05-18
Peluquería y Estética Gloria,Colmenar Viejo,Madrid,+34918457584,,,,osm,40.6602759,-3.7705288,2026-05-18
Barber shop Miami,Vera,Andalucía,,,,,osm,37.2483134,-1.8670439,2026-05-18
Comercial Azalea,Vera,Andalucía,,,,,osm,37.2479832,-1.8673061,2026-05-18
Peluquería AG,Vera,Andalucía,,,,,osm,37.2480412,-1.867464,2026-05-18
Guada,Guadalix de la Sierra,Madrid,,,,,osm,40.784455,-3.699606,2026-05-18
Street,Isla Cristina,Andalucía,,,,,osm,37.200819,-7.3255387,2026-05-18
Hair Cult,Sevilla,Sevilla,,,,,osm,37.3817944,-5.9722033,2026-05-18
Peluquería Domingo,Zaragoza,Aragón,,,,,osm,41.6496137,-0.8816584,2026-05-18
Barberia Grasso,Getafe,Madrid,+34916816045,,,https://barberiagrasso.es/,osm,40.316749,-3.6980535,2026-05-18
Sam,Madrid,Madrid,,,,,osm,40.3946394,-3.6777356,2026-05-18
Micky,Madrid,Madrid,,,,,osm,40.3942064,-3.6775505,2026-05-18
S&P,Sant Andreu de la Barca,Catalunya,,,,,osm,41.446873,1.976237,2026-05-18
Barber Shop Villava,Pamplona / Iruña,Navarra,,,,,osm,42.8321877,-1.6096666,2026-05-18
Peluqueria la glorieta,San Fernando,Andalucía,+34601145890,,,,osm,36.4738705,-6.1946303,2026-05-18
Studio 53,Zaragoza,Aragón,,,,,osm,41.6507029,-0.8837218,2026-05-18
Peluquería Ramoni,Alcalá de Henares,Madrid,,,,,osm,40.4835646,-3.3559121,2026-05-18
Al Corte Barber,Alcalá de Henares,Madrid,,,,,osm,40.4826827,-3.3543952,2026-05-18
Barborius,A Coruña,Galicia,,,,,osm,43.3554405,-8.4012549,2026-05-18
Arte,Pamplona / Iruña,Navarra,,,,,osm,42.8079613,-1.6452432,2026-05-18
Cadillac,Perlora,Asturias / Asturies,,,,,osm,43.582452,-5.7572388,2026-05-18
AC Peluqueros,Madrid,Madrid,,,,,osm,40.3954866,-3.7117923,2026-05-18
Rosa Ruis,Madrid,Madrid,,,,,osm,40.3960986,-3.7125275,2026-05-18
Sofiley,Madrid,Madrid,+34915659276,,,,osm,40.3962125,-3.712766,2026-05-18
Matrix Criver,Pravia,Asturias / Asturies,,,,,osm,43.4884144,-6.1134318,2026-05-18
Coto's Barber,Pravia,Asturias / Asturies,,,,,osm,43.4902146,-6.1108673,2026-05-18
Raul Peluquería Suarez,Pravia,Asturias / Asturies,+34984089054,,,,osm,43.4895569,-6.1109886,2026-05-18
Peluquería Javier López,Granada,Andalucía,+34958082422,,,,osm,37.1596693,-3.5986468,2026-05-18
Peluquería Antonio Muñoz,La Zubia,Andalucía,,,,,osm,37.1190389,-3.5847821,2026-05-18
Barbería Reyes,Granada,Andalucía,,,,,osm,37.1592771,-3.5970049,2026-05-18
Art of Hair,Madrid,Madrid,,,,,osm,40.3952691,-3.7107897,2026-05-18
Trebor,Sestao,Euskadi,,,,,osm,43.320297,-2.9885762,2026-05-18
X los pelos,Madrid,Madrid,,,,,osm,40.3943194,-3.7088096,2026-05-18
Twenty-one,Granada,Andalucía,,,,,osm,37.1755922,-3.601855,2026-05-18
Beata Sunset,Madrid,Madrid,+34658278253,,,,osm,40.4255577,-3.7111793,2026-05-18
Gloria & Anna,Madrid,Madrid,,,,,osm,40.4289489,-3.6820887,2026-05-18
Lois Rosende,Santiago de Compostela,Galicia,,,,,osm,42.8745141,-8.5439113,2026-05-18
Busi i Vicenç,Palma,Illes Balears,,,,,osm,39.5858076,2.651692,2026-05-18
Akahai,València,Comunitat Valenciana,,,,,osm,39.477382,-0.3978492,2026-05-18
Shahzad,València,Comunitat Valenciana,,,,,osm,39.4873729,-0.3903584,2026-05-18
Pedro Caldero,València,Comunitat Valenciana,+34963474679,,,,osm,39.4862808,-0.3892082,2026-05-18
5 Jotas,València,Comunitat Valenciana,,,,,osm,39.4881687,-0.3850105,2026-05-18
Chico Malo,Madrid,Madrid,,,,,osm,40.4258412,-3.7041988,2026-05-18
Maite & Jerusalén,Pamplona / Iruña,Navarra,,,,,osm,42.8309341,-1.593925,2026-05-18
Pi2k,Pamplona / Iruña,Navarra,,,,,osm,42.8145343,-1.6602076,2026-05-18
Peluquería Iyad,Pamplona / Iruña,Navarra,,,,,osm,42.8307716,-1.6092101,2026-05-18
The Paradise,Rincón de la Victoria,Andalucía,,,,,osm,36.7153087,-4.2819958,2026-05-18
Peluquería Leyda Díaz,Madrid,Madrid,,,,,osm,40.3898449,-3.7151622,2026-05-18
Casado,Molina de Aragón,Castilla-La Mancha,,,,,osm,40.8435044,-1.8886161,2026-05-18
Peluquería Hermanos Valencia,Madrid,Madrid,,,,,osm,40.3956488,-3.7150391,2026-05-18
Fernando Navarro,Madrid,Madrid,,,,,osm,40.4296627,-3.7087592,2026-05-18
Renaissance Italia,Barcelona,Catalunya,,,,,osm,41.4023305,2.1603539,2026-05-18
Soul,Eibar,Euskadi,+34943567232,,,,osm,43.1855824,-2.4673894,2026-05-18
Nene Barber 7,Aracena,Andalucía,+34611588221,,@nenebarber7,,osm,37.8884209,-6.5696699,2026-05-18
Pablo Márquez,Madrid,Madrid,,,,,osm,40.3929259,-3.7085867,2026-05-18
Peluquería Relax,Madrid,Madrid,,,,,osm,40.3928833,-3.7085047,2026-05-18
Peluquería caballero Demoo,Mancha Real,Andalucía,,,,,osm,37.7836877,-3.605161,2026-05-18
Peluquería Aitana,Badajoz,Extremadura,,,,,osm,38.889312,-6.7007259,2026-05-18
Nueva Onda,Madrid,Madrid,+34913580531,,,,osm,40.4962169,-3.6875176,2026-05-18
HMD peluquería de caballeros,Madrid,Madrid,+34622210302,,,,osm,40.4932447,-3.6871787,2026-05-18
Symétrie Estilistas,Pamplona/Iruña,Navarra,+34948263339,,,,osm,42.8091859,-1.6580665,2026-05-18
Bea Perruqueiros,O Carballiño,Galicia,,,,,osm,42.4350456,-8.0739971,2026-05-18
Barber Station,A Coruña,Galicia,+34881887795,,,https://barberstation.es/,osm,43.354551,-8.4018039,2026-05-18
Centre D’estètica Diana,la Selva del Camp,Catalunya,,,,,osm,41.2142536,1.1400672,2026-05-18
Nou Look Raquel,La Selva del Camp,Catalunya,,,,,osm,41.2115559,1.1410934,2026-05-18
Pálida Barber,Roquetas de Mar,Andalucía,,,,,osm,36.7652574,-2.6139769,2026-05-18
Gran Barbería Malditos Bastardos,Barcelona,Catalunya,,,,,osm,41.4003234,2.1582647,2026-05-18
Gema Sierco,Sobrarbe,Aragón,,,,,osm,42.4138253,0.1404594,2026-05-18
Sisters Peluqueras,Getafe,Madrid,+34916954342,,,,osm,40.2924245,-3.7410667,2026-05-18
Rona,Roquetas de Mar,Andalucía,,,,,osm,36.7636926,-2.6121728,2026-05-18
Ela Rosi,Roquetas de Mar,Andalucía,,,,,osm,36.7628415,-2.6113715,2026-05-18
Karmary Peluqueros,Valladolid,Castilla y León,,,,,osm,41.6547858,-4.713051,2026-05-18
Doña Carlota,Madrid,Madrid,,,,,osm,40.3952945,-3.7136632,2026-05-18
Barbería-Peluquería Nicolás,Paradas,Andalucía,,,,,osm,37.2885629,-5.4959107,2026-05-18
Rosa de la Habana,Oviedo / Uviéu,Asturias / Asturies,,,,,osm,43.3705111,-5.8534776,2026-05-18
Glomar,Barcelona,Catalunya,,,,,osm,41.4050274,2.1611529,2026-05-18
Room 28,Barcelona,Catalunya,,,,,osm,41.3999021,2.1615831,2026-05-18
Alvoela,Oviedo / Uviéu,Asturias / Asturies,,,,,osm,43.3707791,-5.8560196,2026-05-18
Adrian Pintado,Sevilla,Andalucía,,,,,osm,37.4014137,-5.9943946,2026-05-18
Coraje,Sevilla,Andalucía,+34954874367,,@corajeespacio,,osm,37.4007426,-5.9932052,2026-05-18
Sergio Solis,Sevilla,Andalucía,,,,,osm,37.3977979,-5.9914284,2026-05-18
El barbero de Sevilla,Sevilla,Andalucía,,,,,osm,37.3914936,-5.9965137,2026-05-18
La Barbería De Vergara,Madrid,Madrid,,,,,osm,40.434125,-3.6795925,2026-05-18
Joel Hita Bertomeu,Rubí,Catalunya,+34663286339,,,,osm,41.4899816,2.0254796,2026-05-18
Corta Cabeza,Madrid,Madrid,+34911904820,,,https://cortacabeza.com,osm,40.4238625,-3.6770349,2026-05-18
America,Burgos,Castilla y León,,,,,osm,42.348513,-3.679568,2026-05-18
Aura Estilistas,Zaragoza,Aragón,+34976584084,,,,osm,41.6492627,-0.8229322,2026-05-18
Peluquería An-pel,Laviana,Asturias / Asturies,,,,,osm,43.2410851,-5.5608788,2026-05-18
Peluquería Nueva Centtra,Ferrol,Galicia,,,,,osm,43.4835777,-8.2332,2026-05-18
Maria Garcia,Logrosán,Extremadura,,,,,osm,39.3371582,-5.4924074,2026-05-18
Antonella,Madrid,Madrid,,,,,osm,40.4010111,-3.562253,2026-05-18
Gala,Madrid,Madrid,+34744710771,,,,osm,40.4024382,-3.5617027,2026-05-18
Carolina Guerra,Valladolid,Castilla y León,,,,,osm,41.6604879,-4.7227669,2026-05-18
Enzo,Tarragona,Catalunya,,,,,osm,41.1161351,1.2520167,2026-05-18
Carlos & Cristina,San Javier,Murcia,,,,,osm,37.8012503,-0.8268213,2026-05-18
Salvadore Gutiérrez,Beniarbeig,Comunitat Valenciana,,,,,osm,38.8264473,0.0172554,2026-05-18
Narváez & Lorente,Madrid,Madrid,,,,,osm,40.3947253,-3.7130654,2026-05-18
Peluquería eva,Hospitalet de Llobregat,Catalunya,+34692211436,evanildaguzman62@gmail.com,,https://www.peluqueriaeva.es/,osm,41.3714594,2.1033229,2026-05-18
J. Luque Peluqueros,Gáldar,Canarias,,,,,osm,28.1462,-15.6511818,2026-05-18
Touch,Barcelona,Catalunya,,,,,osm,41.3984432,2.1621816,2026-05-18
Trimariel,Barcelona,Catalunya,,,,,osm,41.3990335,2.1630856,2026-05-18
Barbería Edu,Cabezón de la Sal,Cantabria,,,,,osm,43.3077043,-4.2373249,2026-05-18
Barbería Munir,Madrid,Madrid,,,,,osm,40.3692545,-3.7533989,2026-05-18
Radikal,Barcelona,Catalunya,,,,,osm,41.3995276,2.1652676,2026-05-18
Cap Estilistes,Barcelona,Catalunya,,,,,osm,41.3995759,2.1650959,2026-05-18
Primas,Sevilla,Andalucía,,,,,osm,37.3987333,-5.9917202,2026-05-18
Peluquería,A Coruña,Galicia,+34981129222,,,,osm,43.3751535,-8.4276185,2026-05-18
Peluquería Diana Durán,Redondela,Galicia,,,,,osm,42.2837592,-8.6067851,2026-05-18
Lago’s,Redondela,Galicia,+34986402963,,,,osm,42.2847331,-8.6084977,2026-05-18
Carmen,Redondela,Galicia,,,,,osm,42.2828617,-8.6071621,2026-05-18
Peluquería Ébano,Madrid,Madrid,+34913760435,,,https://peluqueria-ebano.business.site/,osm,40.5207273,-3.776666,2026-05-18
Look Peluquería,Toreno,Castilla y León,+34626792682,,,,osm,42.6966262,-6.5148777,2026-05-18
Peluquería Mari Santin,Toreno,Castilla y León,,,,,osm,42.697838,-6.5127485,2026-05-18
Le Barbier,A Coruña,Galicia,+34981924136,,,https://lebarbiercoruna.es/,osm,43.3260384,-8.4328466,2026-05-18
Juana,Castelló de la Plana / Castellón de la Plana,Comunitat Valenciana,,,,,osm,39.9884331,-0.0493189,2026-05-18
Jorge Rubín,Redondela,Galicia,+34986400390,,,,osm,42.282347,-8.609172,2026-05-18
The Barber,València,Comunitat Valenciana,,,,,osm,39.4718456,-0.3339951,2026-05-18
Barber Colombiano Haminton,Madrid,Madrid,+34674898442,,,,osm,40.4566689,-3.7054141,2026-05-18
Manuel Bioque Peluqueros,Córdoba,Córdoba,,,@bioquepeluqueros,,osm,37.8803534,-4.7956582,2026-05-18
Acosta Barberia,Madrid,Madrid,+34917632219,,,,osm,40.4734611,-3.6435553,2026-05-18
Peluquería Ángela,La Cabrera,Madrid,+34918688769,,,,osm,40.8622937,-3.6141816,2026-05-18
Estilo y Belleza,La Cabrera,Madrid,+34918688390,,,,osm,40.8635273,-3.6150958,2026-05-18
Centro de estética y peluquería Carolina,La Cabrera,Madrid,+34918688929,,,https://www.centrodeesteticacarolina.com/,osm,40.863569,-3.6155494,2026-05-18
Barbería Barbados,Ferrol,Galicia,+34611190323,,,,osm,43.4832651,-8.2248919,2026-05-18
La Barbería de Gràcia,Barcelona,Catalunya,,,,,osm,41.405176,2.1539461,2026-05-18
Peluquería Nexus,Salvaterra de Miño,Galicia,,,,,osm,42.0840538,-8.4988721,2026-05-18
Miguel Fábrega Peluqueros,Madrid,Madrid,,,,,osm,40.3844914,-3.6424269,2026-05-18
Hair Cut Day,Barcelona,Catalunya,,,,,osm,41.3895566,2.1610991,2026-05-18
ADTEMEXI Salón de belleza,Gáldar,Canarias,,,,,osm,28.1457561,-15.656033,2026-05-18
La Lendrera,Majadahonda,Madrid,+34911384888,lalendrera@gmail.com,,https://www.lalendrera.com/,osm,40.4728494,-3.8740888,2026-05-18
Peluquería Tendencias,Majadahonda,Madrid,+34910813457,,,,osm,40.4730932,-3.8741116,2026-05-18
Peluquería de caballeros Alfonso,Montalbán de Córdoba,Andalucía,,,,,osm,37.580555,-4.7472542,2026-05-18
Perruqueria Plaça d'Espanya,Barcelona,Catalunya,,,,,osm,41.3724119,2.1482943,2026-05-18
Peluqueria Yassir,Getafe,Madrid,,,,,osm,40.2883516,-3.7482698,2026-05-18
Bárbara,Vila de Cruces,Galicia,,,,,osm,42.7925853,-8.1724942,2026-05-18
Le Bigoudi,Madrid,Madrid,,,,,osm,40.42075,-3.7091941,2026-05-18
Barbería Grisales,Vera,Andalucía,,,,,osm,37.2473985,-1.8651227,2026-05-18
Salón Oramai,Madrid,Madrid,+34911542565,,,,osm,40.4218634,-3.687797,2026-05-18
Ripland Barber Shop,Madrid,Madrid,,,,,osm,40.392498,-3.7121834,2026-05-18
Ones,Dénia,Comunitat Valenciana,,,,,osm,38.7744361,0.0845931,2026-05-18
Noèlia Molano Estilista,Calonge i Sant Antoni,Catalunya,+34663464008,,,,osm,41.8492394,3.1310777,2026-05-18
Central Barber Shop,Girona,Catalunya,+34603278297,,,,osm,41.969851,2.8216891,2026-05-18
Peluqueria Raquel,Vila de Cruces,Galicia,,,,,osm,42.7960359,-8.2693575,2026-05-18
Iona,Reus,Catalunya,,,,,osm,41.1569469,1.0989463,2026-05-18
Barber Shop,Reus,Catalunya,,,,,osm,41.156307,1.0984706,2026-05-18
Kap’s,Reus,Catalunya,,,,,osm,41.1569936,1.0977906,2026-05-18
Estil Marta,Reus,Catalunya,,,,,osm,41.1568439,1.0981919,2026-05-18
Oaya,Reus,Catalunya,,,,,osm,41.156477,1.0988216,2026-05-18
Barbería Celebrity,Donostia / San Sebastián,Euskadi,,,,,osm,43.3107747,-1.9659115,2026-05-18
Raquel Díaz Estilistes,Mataró,Catalunya,+34931279107,,,,osm,41.5532492,2.4386667,2026-05-18
Xevi Martinez,Girona,Catalunya,,,,,osm,41.9770659,2.8220683,2026-05-18
Ruvy,Santiago de Compostela,Galicia,,,,,osm,42.8712747,-8.5477405,2026-05-18
Álvaro Martín Peluqueros,Málaga,Andalucía,,,,,osm,36.7273607,-4.4421982,2026-05-18
Peluquería E. Marquez,La Línea de la Concepción,Andalucía,,,,,osm,36.1640485,-5.3500389,2026-05-18
Natural Hair Men,La Línea de la Concepción,Andalucía,,,,,osm,36.1617848,-5.3520664,2026-05-18
Perruquería Ghedellas,A Picota,Galicia,,,,,osm,42.9098713,-8.9570899,2026-05-18
Evaristo Fariña,Santiago de Compostela,Galicia,,,,,osm,42.8811896,-8.5328655,2026-05-18
Conchi Nieto,Santiago de Compostela,Galicia,,,,,osm,42.880622,-8.532792,2026-05-18
Barbería JR,Tarragona,Catalunya,,,,,osm,41.1165217,1.2441834,2026-05-18
Bonfill,Tarragona,Catalunya,,,,,osm,41.1161756,1.2439638,2026-05-18
Alfonso,Tarragona,Catalunya,,,,,osm,41.115958,1.243672,2026-05-18
Ya Xuan,Tarragona,Catalunya,,,,,osm,41.1159818,1.2428489,2026-05-18
klass,Tarragona,Catalunya,,,,,osm,41.1159705,1.2432486,2026-05-18
Infinit Estilistas Peluquería,Leganés,Madrid,+34912957565,,,,osm,40.3350229,-3.7654838,2026-05-18
Lahcen Le Magicien,Tres Cantos,Madrid,,,,,osm,40.5500934,-3.6553982,2026-05-18
La Barbera,Málaga,Andalucía,,,labarberamalaga,https://labarberamalaga.booksy.com,osm,36.7267579,-4.4148124,2026-05-18
Peluquería para Caballeros Barber Shop,Torrox-Costa,Andalucía,,,,,osm,36.7314435,-3.9661413,2026-05-18
Barbería Torrox Ferrara,Torrox,Andalucía,,,,,osm,36.7321452,-3.9690331,2026-05-18
Laura Barreiro,O Pino,Galicia,,,,,osm,42.8994876,-8.4425048,2026-05-18
Colitas Barber 2.0,Ávila,Castilla y León,,,,,osm,40.6672667,-4.6621943,2026-05-18
Passaro,Ávila,Castilla y León,,,,,osm,40.6692405,-4.6634,2026-05-18
COP Peluqueros,Valladolid,Castilla y León,+34983042260,,,,osm,41.6605869,-4.7189927,2026-05-18
GRAB,Chiclana de la Frontera,Andalucía,,,,,osm,36.4126164,-6.1581155,2026-05-18
Club Barber's 33,Móstoles,Madrid,+34634242073,,,,osm,40.3226374,-3.8704081,2026-05-18
El salón,Castelló de la Plana / Castellón de la Plana,Comunitat Valenciana,,,,,osm,39.9929714,-0.0617994,2026-05-18
A Barbería de Iago,Melide,Galicia,+34881295224,,,,osm,42.9138951,-8.0130453,2026-05-18
Peluquería Marian Resano,Pamplona / Iruña,Navarra,,,@marianresano,https://marianresano.com/,osm,42.8156588,-1.6491567,2026-05-18
Decisión Peluqueros,Oviedo,Asturias / Asturies,,,,,osm,43.3659712,-5.8524961,2026-05-18
Minué,Zaragoza,Aragón,,,,,osm,41.6519914,-0.8836282,2026-05-18
Tersan,Zaragoza,Aragón,,,,,osm,41.6509534,-0.8841911,2026-05-18
Avantgarde,Colmenar Viejo,Madrid,,,,,osm,40.6629555,-3.7665879,2026-05-18
Antonio Quintela,Santiago de Compostela,Galicia,,,,,osm,42.8852649,-8.5309853,2026-05-18
Jean Louis David,Oviedo,Asturias / Asturies,,,,,osm,43.3628746,-5.85149,2026-05-18
Peluquría Rosi,Caminomorisco,Extremadura,,,,,osm,40.3277309,-6.2870149,2026-05-18
Style Fresh,Zaragoza,Aragón,,,,,osm,41.6409403,-0.8921662,2026-05-18
Ana Garzón,Zaragoza,Aragón,,,,,osm,41.6407585,-0.8911148,2026-05-18
Barber shop Dixon,Zaragoza,Aragón,,,,,osm,41.6408347,-0.8909635,2026-05-18
Merche y Mara,Santiago de Compostela,Galicia,,,,,osm,42.881522,-8.5362995,2026-05-18
Hermanos Gonzalez Peluqueros,Pravia,Asturias / Asturies,,,,,osm,43.4876717,-6.1116856,2026-05-18
Vero Perruqueria Unisex,Juneda,Catalunya,+34973150376,,,,osm,41.5464453,0.8284378,2026-05-18
Absolute Style by Joana Miron,Juneda,Catalunya,,,,,osm,41.5466644,0.8282941,2026-05-18
María Calviño,Santiago de Compostela,Galicia,,,,,osm,42.8674311,-8.5609036,2026-05-18
Clips,Manresa,Catalunya,,,,,osm,41.7315211,1.8224322,2026-05-18
Rosa,Ibarra,Euskadi,,,,,osm,43.1330706,-2.069235,2026-05-18
Laos,Ibarra,Euskadi,,,,,osm,43.1328017,-2.0692036,2026-05-18
La Pelu de Noe,Pamplona/Iruña,Navarra,+34619726451;+34948078800,,,,osm,42.8077091,-1.6731304,2026-05-18
Patri y Sonia,La Línea de la Concepción,Andalucía,,,,,osm,36.1667592,-5.3603525,2026-05-18
Peluquería Eyma,Motril,Andalucía,+34858109884,,,,osm,36.7420084,-3.5298899,2026-05-18
The King,Ponteareas,Galicia,,,,,osm,42.1741147,-8.5019929,2026-05-18
Peluquería Magenta,Ponteareas,Galicia,,,,,osm,42.1743051,-8.5008123,2026-05-18
Peluquería Saura,Ponteareas,Galicia,,,,,osm,42.1743114,-8.5008718,2026-05-18
Barbería Golden,Oviedo,Asturias / Asturies,,,,,osm,43.3675675,-5.8453226,2026-05-18
La barbería de David Soler,Murcia,Murcia,,,,,osm,37.9936318,-1.1294888,2026-05-18
Rachid,Madrid,Madrid,,,,,osm,40.4010681,-3.6656037,2026-05-18
SGXXI,Eibar,Euskadi,,,,,osm,43.185375,-2.4693263,2026-05-18
Ache,Dénia,Comunitat Valenciana,,,,,osm,38.8381757,0.1056232,2026-05-18
Centros de Belleza Expansión,Motril,Andalucía,+34958019974,,,,osm,36.7440314,-3.523489,2026-05-18
Champú,Cabeza del Buey,Extremadura,,,,,osm,38.7210818,-5.2198939,2026-05-18
Nuria Tena,Cabeza del Buey,Extremadura,,,,,osm,38.7196195,-5.2245043,2026-05-18
Peluquería de Caballeros La Serena,Cabeza del Buey,Extremadura,,,,,osm,38.7209534,-5.2195131,2026-05-18
Mimo & Nails,Motril,Andalucía,+34656329712,,,http://www.mimonails.es/,osm,36.7437499,-3.5137211,2026-05-18
Arias,Ávila,Castilla y León,,,,,osm,40.6545497,-4.6944237,2026-05-18
Alpelo,Ávila,Castilla y León,,,,,osm,40.6565983,-4.7008548,2026-05-18
Parrón Peluqueros,Motril,Andalucía,+34958608837,,,https://www.parronpeluqueros.com/,osm,36.7461311,-3.5156125,2026-05-18
El Mansour's,Motril,Andalucía,+34643575719,,,,osm,36.7432225,-3.5201061,2026-05-18
Peluquería Alhambra,Motril,Andalucía,+34958562349,,,https://www.tejidosmalagon.com/,osm,36.7431879,-3.52039,2026-05-18
Barber Shop D'Rafa,Las Gabias,Andalucía,+34613014219,,@dayron_mojena,,osm,37.1351197,-3.6688028,2026-05-18
Peluqueria Arabache,Santiago de Compostela,Galicia,,,,,osm,42.8816731,-8.5422679,2026-05-18
Bella Beauty,Sant Vicenç dels Horts,Catalunya,,,,,osm,41.3953742,2.0107952,2026-05-18
Peina2 estilistas,Pamplona/Iruña,Navarra,+34948045805,peina2.peluqueria@gmail.com,,,osm,42.8074538,-1.6719378,2026-05-18
Abrakadabra,Pamplona/Iruña,Navarra,+34618930096,,,,osm,42.8074989,-1.6701955,2026-05-18
Aisha,Puente Mayorga,Andalucía,,,,,osm,36.1811053,-5.3839531,2026-05-18
La Barberia de Fran,El Masnou,Catalunya,+34632256039,,,,osm,41.4866051,2.3094102,2026-05-18
Candy's,Murcia,Murcia,,,,,osm,37.9939508,-1.1286692,2026-05-18
ᴋᴇʏʙ,Valle Gran Rey,Canarias,,,,,osm,28.088157,-17.3356785,2026-05-18
Miquel,Besalú,Catalunya,,,,,osm,42.198618,2.6999133,2026-05-18
Urban Style Miky Rome,Lleida,Catalunya,+34973098418,info@urbanstylemr.com,,https://urbanstylemr.com/,osm,41.607341,0.6279553,2026-05-18
Peluquería Centro de Estética Integral,Guadarrama,Madrid,,,,,osm,40.6729426,-4.08987,2026-05-18
The King Barber Shop,Guadarrama,Madrid,,,,,osm,40.6730775,-4.0904509,2026-05-18
Ellas,Reus,Catalunya,,,,,osm,41.15568,1.1060325,2026-05-18
Tuca Peluqueros,Los Alcázares,Murcia,,,,,osm,37.7425406,-0.8515921,2026-05-18
Mimate,Motril,Andalucía,+34642714797,,,,osm,36.7458296,-3.5174572,2026-05-18
Los Dinámicos,Motril,Andalucía,+34958605422,,,,osm,36.7460169,-3.5170983,2026-05-18
Aida Cano,Los Alcázares,Murcia,,,,,osm,37.7399498,-0.8519419,2026-05-18
Isabel Zamora,Los Alcázares,Murcia,,,,,osm,37.7397675,-0.8520397,2026-05-18
María Ángeles,Motril,Andalucía,+34958823324,,,,osm,36.7499337,-3.519758,2026-05-18
Adnan Peluquería,Zaragoza,Aragón,,,,,osm,41.6551369,-0.9032136,2026-05-18
Peluquería Víctor,Ferrol,Galicia,,,,,osm,43.4854545,-8.2075565,2026-05-18
Peluquería Chyss,Madrid,Madrid,,,,https://peluqueriachyss.wordpress.com/,osm,40.3748797,-3.7753798,2026-05-18
Imperio Barber Shop,Pamplona/Iruña,Navarra,+34602842762,,@imperiobarbershoppamplona,,osm,42.8076289,-1.6719269,2026-05-18
C&C Peluqueros,Motril,Andalucía,+34858995554,,,,osm,36.7473831,-3.518181,2026-05-18
Leyva's,Torredembarra,Catalunya,,,,,osm,41.1430889,1.3998064,2026-05-18
Perruqueria Rosalía Martí,Torredembarra,Catalunya,,,,,osm,41.1430083,1.400547,2026-05-18
Peluquería La Torre,Torredembarra,Catalunya,,,,,osm,41.142914,1.4006956,2026-05-18
Aloha Estilista,Motril,Andalucía,+34645114231,,,https://aloha-estilista.negocio.site/,osm,36.7481582,-3.5185581,2026-05-18
Charo Napal,Pamplona/Iruña,Navarra,+34948275056,,,,osm,42.8081573,-1.672594,2026-05-18
Hanako,Pamplona / Iruña,Navarra,+34622185320,,hanako_pamplona,,osm,42.8175505,-1.6441061,2026-05-18
Zúñiga Blanco Peluquería,Murcia,Murcia,+34968202599,,,,osm,37.9933671,-1.12676,2026-05-18
Peluquería Duna,Colmenar Viejo,Madrid,,,,,osm,40.6560937,-3.7748755,2026-05-18
Barbershop,Pinto,Madrid,,,,,osm,40.2524487,-3.6998387,2026-05-18
Zibá hair and beauty salon,Pinto,Madrid,,,,,osm,40.255646,-3.6993576,2026-05-18
Ana.art,Colmenar Viejo,Madrid,,,,,osm,40.6609143,-3.7668956,2026-05-18
3 Tijeras,Colmenar Viejo,Madrid,,,,,osm,40.6610033,-3.7670108,2026-05-18
Peluqueria Ma Angeles Bilbao,Santander,Cantabria,,,,,osm,43.4562096,-3.8132358,2026-05-18
Aqua Estilistas,Vitoria-Gasteiz,Euskadi,,,,,osm,42.8620831,-2.6981883,2026-05-18
Jey Barber,Vitoria-Gasteiz,Euskadi,,,,,osm,42.8615867,-2.6974734,2026-05-18
Peluquería Naranco,Oviedo / Uviéu,Asturias / Asturies,,,,,osm,43.3697002,-5.8536721,2026-05-18
Barbería AHG,Frontera,Canarias,,,,,osm,27.7521667,-18.0149585,2026-05-18
Barbelogia,Madrid,Madrid,+34919362469,info@barbelogia.es,,,osm,40.4289317,-3.7155314,2026-05-18
Nails & Body,Barcelona,Catalunya,,,,,osm,41.4006931,2.1580178,2026-05-18
Raffel Pages,Lleida,Catalunya,+34973300476,,,https://raffelpages.com/es/lleida-placa-ricard-vinyes,osm,41.6184872,0.6192073,2026-05-18
Puzzle,Mojácar Playa,Andalucía,,,,,osm,37.134681,-1.8306452,2026-05-18
Nivek,Telde,Canarias,,,,,osm,28.0081989,-15.3776354,2026-05-18
Pop Art,Granadilla de Abona,Canarias,,,,,osm,28.0445227,-16.5369739,2026-05-18
Calaguerr,Sestao,Euskadi,,,,,osm,43.3227232,-3.0095397,2026-05-18
Susana Dopazo,Sestao,Euskadi,,,,,osm,43.3232286,-3.0092929,2026-05-18
Peinados J.M. Unisex,San Fernando de Henares,Madrid,,,,,osm,40.4230803,-3.5447346,2026-05-18
Creative,Telde,Canarias,,,,,osm,27.9962548,-15.4177211,2026-05-18
Hebe,Oviedo,Asturias / Asturies,,,,,osm,43.3671131,-5.8527842,2026-05-18
La Peluquería,Vielha,Catalunya,+34973641415,lapeluqueriavielha@gmail.com,,,osm,42.6995034,0.8012342,2026-05-18
Llaneza,Oviedo,Asturias / Asturies,,,,,osm,43.3663315,-5.8451627,2026-05-18
Barbería El 13,Oviedo,Asturias / Asturies,,,,,osm,43.365307,-5.8463937,2026-05-18
Duetto,La Línea de la Concepción,Andalucía,,,,,osm,36.1610967,-5.3524423,2026-05-18
Maheva,Vista de los Ángeles-Rumina,Andalucía,,,,,osm,37.1210947,-1.8342331,2026-05-18
Perruqueria Bibi Rodríguez,Barcelona,Barcelona,+34937607836,,@peluqueriabibi,,osm,41.3770724,2.1218918,2026-05-18
J&F,Ponteareas,Galicia,,,,,osm,42.1735067,-8.5040471,2026-05-18
Nevada,Barcelona,Catalunya,,,,,osm,41.396826,2.1637748,2026-05-18
Llodrà,Alcoi / Alcoy,Comunitat Valenciana,,,,,osm,38.697328,-0.4837923,2026-05-18
Bottino,Calvià,Illes Balears,,,,,osm,39.5357999,2.5709676,2026-05-18
Diva's,Calvià,Illes Balears,,,,,osm,39.5354755,2.5713639,2026-05-18
NB,Errenteria,Euskadi,,,,,osm,43.3099953,-1.8915442,2026-05-18
Atelier 74,Colmenar Viejo,Madrid,,,,,osm,40.664566,-3.7692931,2026-05-18
Kapsalon Modern,Colmenar Viejo,Madrid,,,,,osm,40.663551,-3.7685485,2026-05-18
Joan Barbershop,Colmenar Viejo,Madrid,,,,,osm,40.6642596,-3.7693501,2026-05-18
Partagás,Colmenar Viejo,Madrid,,,,,osm,40.6621237,-3.7664723,2026-05-18
Espino Peluquería de Caballeros,Madrid,Madrid,,,,,osm,40.4069026,-3.7014112,2026-05-18
Jotta's Barbaershop,Colmenar Viejo,Madrid,,,,,osm,40.6629088,-3.7693635,2026-05-18
Laura Roig,El Masnou,Catalunya,+34935401543,,,,osm,41.4806324,2.3255118,2026-05-18
K-Lorey,Barcelona,Catalunya,,,,,osm,41.3743841,2.1187324,2026-05-18
Valverde Peluqueros,Madrid,Madrid,,,,,osm,40.4936669,-3.6892298,2026-05-18
Bel Serra,sa Pobla,Illes Balears,,,,,osm,39.7721026,3.0301544,2026-05-18
Barbershop perillán,Puerto Santiago,Canarias,+34624284640,,,,osm,28.2360832,-16.8425157,2026-05-18
Chantal,La Línea de la Concepción,Andalucía,,,,,osm,36.1621451,-5.3521945,2026-05-18
Ana,La Línea de la Concepción,Andalucía,,,,,osm,36.1633281,-5.3543821,2026-05-18
El Tokke,San Enrique de Guadiaro,Andalucía,,,,,osm,36.304995,-5.2924445,2026-05-18
Silvia Gutiérrez,Puente Mayorga,Andalucía,,,,,osm,36.181767,-5.3856615,2026-05-18
Mariluz,Puente Mayorga,Andalucía,,,,,osm,36.1830482,-5.3856675,2026-05-18
Elena Monedero,Burgos,Castilla y León,,,,,osm,42.3470817,-3.6991205,2026-05-18
Barber shop Black and white,Majadahonda,Madrid,,,,,osm,40.4734476,-3.8742528,2026-05-18
Garta,Majadahonda,Madrid,+34910263081,,,https://www.gartabeautyexperience.com/,osm,40.4737234,-3.8740084,2026-05-18
Peluquería y Belleza Esther,A Coruña,Galicia,+34981635457,,peluqueria_esther_perillo,https://peluqueriaesther.com/,osm,43.3371709,-8.3738457,2026-05-18
Peluquería CRF,Granada,Granada,,,,,osm,37.1846485,-3.6082049,2026-05-18
AnaSanz,Gijón / Xixón,Asturias / Asturies,,,,,osm,43.5311892,-5.6664516,2026-05-18
Peluquería Neker,Andoain,Euskadi,+34943593090,,,,osm,43.2186634,-2.0217464,2026-05-18
New project,Almería,Andalucía,,,,,osm,36.8467673,-2.4428562,2026-05-18
Claudia Londoño,Ávila,Castilla y León,,,,,osm,40.6527958,-4.6923552,2026-05-18
Vivacce,Colmenar Viejo,Madrid,,,,,osm,40.6567715,-3.7699678,2026-05-18
Yoani,Colmenar Viejo,Madrid,,,,,osm,40.6625196,-3.772397,2026-05-18
Instale,Madrid,Madrid,,,,,osm,40.4066948,-3.6719586,2026-05-18
Baliela Barber Shop,Oviedo,Asturias / Asturies,,,,,osm,43.3670185,-5.8504214,2026-05-18
Perruqueria Divina Barberia Elena,Tremp,Catalunya,,,,,osm,42.1684305,0.8937863,2026-05-18
Homii,Colmenar Viejo,Madrid,,,,,osm,40.66346,-3.7718288,2026-05-18
Aqua,Reus,Catalunya,,,,,osm,41.1489885,1.1104676,2026-05-18
Williams,La Línea de la Concepción,Andalucía,,,,,osm,36.1605092,-5.3488558,2026-05-18
Lody's,Errenteria,Euskadi,,,,,osm,43.3174981,-1.9165668,2026-05-18
Head Quarters,Barcelona,Catalunya,,,,,osm,41.404191,2.1613476,2026-05-18
Perruquería Universel,Barcelona,Catalunya,+34632772924,,,,osm,41.403784,2.1604491,2026-05-18
Urban Barber,Barcelona,Catalunya,,,,,osm,41.403677,2.1602692,2026-05-18
Pelucón,Burgos,Castilla y León,+34947470836,,,https://www.peluconburgos.com/,osm,42.3513255,-3.6657354,2026-05-18
Turin Turán,Burgos,Castilla y León,,,,,osm,42.3481508,-3.6966773,2026-05-18
Celia Rodriguez peluquería y belleza,Colmenar Viejo,Madrid,,,,,osm,40.6614589,-3.7712497,2026-05-18
Verosal,Colmenar Viejo,Madrid,,,,,osm,40.66164,-3.7714594,2026-05-18
Everest,Colmenar Viejo,Madrid,,,,,osm,40.6615946,-3.7716956,2026-05-18
Salón Essência orgánico y nails,Majadahonda,Madrid,+34910026575,,,https://peluqueria-essencia-organico-y-estetica.negocio.site/,osm,40.4726798,-3.8728339,2026-05-18
Cristina Valle Peluquería,Lugo,Galicia,+34982223220,,,,osm,42.9961796,-7.5548513,2026-05-18
Alexanko,Sestao,Euskadi,,,,,osm,43.3360028,-2.9971768,2026-05-18
La Pelu de Isa,Oviedo,Asturias / Asturies,,,,,osm,43.3850772,-5.8216543,2026-05-18
Andrés Ronco,Toledo,Toledo,+34925254488,,,https://andresronco.es,osm,39.8802185,-4.034275,2026-05-18
Barber Shop El Idrissi,Sant Andreu de la Barca,Catalunya,,,,,osm,41.4480326,1.9711086,2026-05-18
Antonia Tomás de Gruta,Palma,Illes Balears,,,,,osm,39.5566723,2.6851015,2026-05-18
Peluquería Sito (El Único),Arrecife,Canarias,,,,,osm,28.9605443,-13.5527182,2026-05-18
Max Studio,Madrid,Madrid,,,,,osm,40.3968138,-3.6231802,2026-05-18
Artez Ile-apaindegia,Oñati,Euskadi,,,,,osm,43.0343336,-2.4105329,2026-05-18
Peluqueria y Estética Pili,Labastida / Bastida,Euskadi,,,,,osm,42.5631329,-2.758391,2026-05-18
Francisco De La Torre,Sopela,Euskadi,,,,,osm,43.3530792,-3.0107026,2026-05-18
Emi Gomez Ileapandegia,Zarautz,Euskadi,,,,,osm,43.2800847,-2.1686027,2026-05-18
Ioaneder,Zarautz,Euskadi,,,,,osm,43.2800623,-2.168421,2026-05-18
Mirela Nails & Beauty,Aiarako kuadrilla,Euskadi,,,,,osm,43.0525892,-3.0018081,2026-05-18
Beldarrain,Aiarako kuadrilla,Euskadi,,,,,osm,43.0524458,-3.0021837,2026-05-18
A+A Ileapaindegia,Aiarako kuadrilla,Euskadi,,,,,osm,43.051224,-3.0031134,2026-05-18
Tu Mach,Ponferrada,Castilla y León,,,,,osm,42.5505842,-6.5961774,2026-05-18
La Factoría Barber Shop,Colmenar Viejo,Madrid,,,,,osm,40.6579225,-3.7689031,2026-05-18
La Peineta,Madrid,Madrid,,,,,osm,40.4381428,-3.7098686,2026-05-18
Crisbel,León,Castilla y León,,,,,osm,42.5935638,-5.5646831,2026-05-18
Peluquería Eloy,León,Castilla y León,,,,,osm,42.5943051,-5.5654836,2026-05-18
Studio10,Santa Cruz de Tenerife,Canarias,,,,,osm,28.4881498,-16.314703,2026-05-18
Barberia Sheraz,Barcelona,Catalunya,+34670014492,,,,osm,41.4008407,2.1590155,2026-05-18
Perruqueria 152,Barcelona,Catalunya,,,,,osm,41.4008377,2.157265,2026-05-18
The Corner Barbershop,Sevilla,Andalucía,,,,,osm,37.3500968,-6.042066,2026-05-18
Peluqueria Ángeles,Puerto Santiago,Canarias,+34922860033,,,,osm,28.237071,-16.8412295,2026-05-18
Peluquería Angeli,Huércal-Overa,Andalucía,,,,,osm,37.401689,-1.9409526,2026-05-18
Perruqueria Ignasi,el Pla de Santa Maria,Catalunya,+34977631831,,,,osm,41.3649513,1.2896046,2026-05-18
Rosa Gutiérrez,Burgos,Castilla y León,+34947006439,,,https://www.estilistasrosagutierrez.com/,osm,42.3356234,-3.7117293,2026-05-18
Tomás Maroño Peluquero,Ferrol,Galicia,,,,,osm,43.4840918,-8.2309388,2026-05-18
TendenZias Unisex,Getafe,Madrid,,,,,osm,40.3075566,-3.7380854,2026-05-18
Peluquería Zeus,Motril,Andalucía,,,,,osm,36.7477653,-3.5173035,2026-05-18
Christopher The Barber,Motril,Andalucía,+34958197561,,,,osm,36.7469174,-3.5161905,2026-05-18
La Barbería,Motril,Andalucía,+34625872197,,,http://www.labarberiademotril.blogspot.com.es/,osm,36.746723,-3.5159299,2026-05-18
Peluquería Mari Nieves,Solares,Cantabria,,,,,osm,43.384591,-3.739159,2026-05-18
Peluquería Alfonso Marcos,León,Castilla y León,,,,,osm,42.592991,-5.5685795,2026-05-18
Mirna Scavone Estilistas,Oviedo,Asturias / Asturies,,,,,osm,43.3631392,-5.8622427,2026-05-18
Carmen Rubio Salón de Peluquería,Oviedo,Asturias / Asturies,+34985245233,,,https://www.peluqueriacarmenrubio.com/,osm,43.3632133,-5.8622092,2026-05-18
Ana de León,Toledo,Castilla-La Mancha,,,,,osm,39.8617929,-3.9427938,2026-05-18
Barbería Blal,La Línea de la Concepción,Andalucía,,,,,osm,36.1616475,-5.3484573,2026-05-18
Formas,La Línea de la Concepción,Andalucía,,,,,osm,36.161381,-5.3487085,2026-05-18
Hicham,La Línea de la Concepción,Andalucía,,,,,osm,36.1620073,-5.3483785,2026-05-18
Salón Ferrando,La Línea de la Concepción,Andalucía,,,,,osm,36.1620869,-5.3484415,2026-05-18
Peluquería Ana,San Vicente de la Barquera,Cantabria,,,,,osm,43.3877419,-4.3994223,2026-05-18
Marius Escoda,Barcelona,Catalunya,,,,,osm,41.3780171,2.161557,2026-05-18
Daniel Barber Shop,Barcelona,Catalunya,,,,,osm,41.4261812,2.1730841,2026-05-18
Peluquería El Salón,Turre,Andalucía,+34950479040,,,,osm,37.1539578,-1.8950736,2026-05-18
Peluquería Damian,Turre,Andalucía,,,,,osm,37.154163,-1.8947279,2026-05-18
Peluqueria Enea,Turre,Andalucía,+34950479415,,,,osm,37.1530791,-1.8899383,2026-05-18
Unique Style,Turre,Andalucía,+34666133511,,,,osm,37.1525583,-1.8888592,2026-05-18
Rosabel,Vera,Andalucía,,,,,osm,37.1522054,-1.8942015,2026-05-18
Savenue estilistas,León,Castilla y León,,,,,osm,42.5969179,-5.5718175,2026-05-18
Raices Peluqueros,Madrid,Madrid,,,,,osm,40.4633663,-3.6474206,2026-05-18
Alaire,Zaragoza,Aragón,,,,,osm,41.6570579,-0.8574271,2026-05-18
Harry BarberShop,Barcelona,Catalunya,,,,,osm,41.4017796,2.1576947,2026-05-18
Bonfill,Reus,Catalunya,,,,,osm,41.160872,1.1054254,2026-05-18
Garrido's,Oviedo,Asturias / Asturies,,,,,osm,43.3675373,-5.8413052,2026-05-18
Barber Shop Peluquería,León,León,,,,,osm,42.592922,-5.5670466,2026-05-18
L'art de mirar-te,Barcelona,Barcelona,,,,,osm,41.4009629,2.162434,2026-05-18
La Jaula,Barcelona,Catalunya,,,,,osm,41.3934858,2.1690997,2026-05-18
N'Gaje,Barcelona,Catalunya,,,,,osm,41.3960981,2.1673697,2026-05-18
Cano Peluqueros,Colmenar Viejo,Madrid,,,,,osm,40.6631972,-3.7723057,2026-05-18
Rosa Hurtado,San Fernando,Andalucía,,,,,osm,36.5239896,-6.1702545,2026-05-18
Otra Tijera,San Fernando,Andalucía,,,,,osm,36.5232475,-6.1685187,2026-05-18
Los Honorables,València,Comunitat Valenciana,,,,https://linktr.ee/loshonorables_barbershop,osm,39.4712389,-0.3802734,2026-05-18
Chester,Barcelona,Catalunya,,,,,osm,41.3993357,2.1531933,2026-05-18
Ana Lens,Ames,Galicia,,,,,osm,42.9117862,-8.7351702,2026-05-18
Aurelio,La Línea de la Concepción,Andalucía,,,,,osm,36.1627731,-5.3508668,2026-05-18
Peluqueria Barbershop,Madrid,Madrid,,,,,osm,40.4068933,-3.7395463,2026-05-18
Barbería Vargas,Santa Cruz de Tenerife,Canarias,,,,,osm,28.4585742,-16.2656982,2026-05-18
Campos Curlyhair,Granada,Andalucía,,,,,osm,37.1755233,-3.6094648,2026-05-18
Peluquería Riosan,A Feira do Monte,Galicia,,,,,osm,43.2340504,-7.5567522,2026-05-18
Ana Elvira Peluqueros,Almería,Andalucía,,,,,osm,36.8557162,-2.446778,2026-05-18
"Peluquería ""Ella La Holandesa""",Benissa,Comunitat Valenciana,+34965747184,,,https://www.laholandesa.es/,osm,38.6864577,0.0983606,2026-05-18
Romo Estilistas,Madrid,Madrid,,,,,osm,40.4582322,-3.7107416,2026-05-18
Laura Guerrero,Ponferrada,Castilla y León,,,,,osm,42.5491817,-6.5964861,2026-05-18
La pelu de Sofi,Ponferrada,Castilla y León,,,,,osm,42.549247,-6.5968274,2026-05-18
Nicrischa,Madrid,Madrid,,,,,osm,40.4782604,-3.7047841,2026-05-18
Lap Barber,Barcelona,Catalunya,,,,,osm,41.3995668,2.1668889,2026-05-18
Luis Manuel,La Línea de la Concepción,Andalucía,,,,,osm,36.1629949,-5.3541578,2026-05-18
Peluquería y estética B&P,La Robla,Castilla y León,,,,,osm,42.8037295,-5.6295499,2026-05-18
Shambal Peluqueros,Torrejón de Ardoz,Madrid,+34918841328,,,,osm,40.544635,-3.4590698,2026-05-18
Sophia SalonSuite,Getafe,Madrid,,,,,osm,40.3110399,-3.7262612,2026-05-18
Lidia Caballero,Getafe,Madrid,+34915458691,,,https://lidiacaballero.negocio.site,osm,40.3099022,-3.7254193,2026-05-18
Coliseum Barbería,Getafe,Madrid,+34632913635,,,,osm,40.3188048,-3.7240851,2026-05-18
Peluquería Mercedes Serna,Getafe,Madrid,,,,,osm,40.3191478,-3.7243764,2026-05-18
La mafia,Vigo,Galicia,+34886122188,,,,osm,42.2364959,-8.7034766,2026-05-18
Salón Rosa Estay,Las Palmas de Gran Canaria,Canarias,,,,,osm,28.110739,-15.4311442,2026-05-18
Xclusiv,Las Palmas de Gran Canaria,Canarias,,,,,osm,28.1104912,-15.4323069,2026-05-18
Adexe Martín,Las Palmas de Gran Canaria,Canarias,,,,,osm,28.110428,-15.4327321,2026-05-18
Salomé,Lleida,Catalunya,,,,,osm,41.6081198,0.6272777,2026-05-18
Blaze Barber Studio,València,Comunitat Valenciana,,,,,osm,39.4904245,-0.401875,2026-05-18
Peluquería Lourdes Zamorano,Picanya,Comunitat Valenciana,+34961591760,,,,osm,39.4351031,-0.4398691,2026-05-18
Moncayo Peluquero,Picanya,Comunitat Valenciana,+34961590969,,,,osm,39.4358515,-0.4353312,2026-05-18
Jesús i Mónica,Picanya,Comunitat Valenciana,+34961592704,,,,osm,39.4341944,-0.433507,2026-05-18
O Tocador de Sandra,A Feira do Monte,Galicia,,,,,osm,43.2363485,-7.5547101,2026-05-18
Nature Peluqueros,Picanya,Comunitat Valenciana,+34961590507,,,,osm,39.4351297,-0.434345,2026-05-18
Gilmar Barber,Picanya,Comunitat Valenciana,+34654969279,,,,osm,39.4352995,-0.4337764,2026-05-18
Tau 17,Picanya,Comunitat Valenciana,+34961591683,,,,osm,39.4345501,-0.4315832,2026-05-18
Més que Pèls,Picanya,Comunitat Valenciana,+34688695559,,,,osm,39.4337242,-0.4329849,2026-05-18
Echedey Morán Barber,Las Palmas de Gran Canaria,Canarias,,,,,osm,28.1102282,-15.4300299,2026-05-18
Barba y Cabello,La Línea de la Concepción,Andalucía,,,,,osm,36.1642754,-5.3491707,2026-05-18
Martín Quirós,La Línea de la Concepción,Andalucía,,,,,osm,36.1653756,-5.3482219,2026-05-18
Arines,Valverde,Canarias,+34636662572,,,,osm,27.8122996,-17.9149258,2026-05-18
Peluquería Yugueros,León,Castilla y León,,,,,osm,42.5954673,-5.5618741,2026-05-18
La Corona Baerber,Aldaia,Comunitat Valenciana,,,,,osm,39.4916701,-0.4611718,2026-05-18
Peluquería Berto,Oviedo,Asturias / Asturies,,,,,osm,43.3719469,-5.8379525,2026-05-18
Hermanos Almeida,Las Palmas de Gran Canaria,Canarias,+34928715493,,,,osm,28.0404721,-15.4290716,2026-05-18
Infinity Estilistas,Oviedo,Asturias / Asturies,,,,,osm,43.3681863,-5.8693315,2026-05-18
Perruqueria internacional (peluqueria),Terrassa,Catalunya,+34664893175,,,,osm,41.573325,2.0299082,2026-05-18
Cristian Maez,Sant Andreu de la Barca,Catalunya,,,,,osm,41.455125,1.9594059,2026-05-18
Glam,Gurb,Catalunya,+34931287638,,,,osm,41.9454139,2.2399447,2026-05-18
Laura Styles,Madrid,Madrid,,,,,osm,40.4382225,-3.6981098,2026-05-18
La Barberia,les Borges Blanques,Catalunya,,,,,osm,41.5224717,0.8632045,2026-05-18
Eva María Gil,Burgos,Castilla y León,,,,,osm,42.3536007,-3.6913831,2026-05-18
Peluquería Toño,Valladolid,Valladolid,+34983206743,,,,osm,41.6482945,-4.7233934,2026-05-18
Los Tres Peluqueros,Madrid,Madrid,,,,,osm,40.4498024,-3.7047347,2026-05-18
La Adanes,Madrid,Madrid,,,,,osm,40.4501449,-3.7047635,2026-05-18
Biemba,Madrid,Madrid,,,,,osm,40.4489667,-3.7048573,2026-05-18
D'K'Che,Madrid,Madrid,,,,,osm,40.4498702,-3.7047117,2026-05-18
Peluquería Latina,Madrid,Madrid,,,,,osm,40.4506972,-3.704442,2026-05-18
Peluquería Ann Stilo,Madrid,Madrid,,,,,osm,40.4517226,-3.7043034,2026-05-18
Fa Famen,Madrid,Madrid,,,,,osm,40.4563922,-3.7038053,2026-05-18
Barbería De Iván,Madrid,Madrid,,,,,osm,40.4385135,-3.6981136,2026-05-18
Peluquería Marín,L'Hospitalet de Llobregat,Catalunya,+34934494553,,,,osm,41.3699822,2.1221454,2026-05-18
The Fenix Barber,Getafe,Madrid,,,,,osm,40.3457515,-3.7090622,2026-05-18
Lorena Menéndez Estilistas,Oviedo,Asturias / Asturies,,,,,osm,43.3682305,-5.8727977,2026-05-18
A tu estilo!!!,Madrid,Madrid,,,,,osm,40.4569045,-3.7066284,2026-05-18
Mayrlois,Madrid,Madrid,,,,,osm,40.4573089,-3.7068312,2026-05-18
Peluquería Solarium Nieves Blanco,Oviedo,Asturias / Asturies,,,,,osm,43.3686914,-5.8554408,2026-05-18
Ramón,Sant Antoni de Portmany,Illes Balears,,,,,osm,38.970635,1.2860227,2026-05-18
Peluquería Alain Escriche,Burriana,Comunitat Valenciana,+34964510186,,,,osm,39.8898006,-0.0884247,2026-05-18
11Show,Elx / Elche,Comunitat Valenciana,,,,,osm,38.2645,-0.7056432,2026-05-18
Bukka,Zarautz,Euskadi,,,,,osm,43.2837807,-2.169953,2026-05-18
Blow Dry Bar,Madrid,Madrid,,,,,osm,40.4250086,-3.6966724,2026-05-18
Natàlia,La Selva del Camp,Catalunya,,,,,osm,41.2135141,1.1402068,2026-05-18
RS Barbershop,Santa Brígida,Canarias,,,,,osm,27.9908168,-15.498803,2026-05-18
Urola,Madrid,Madrid,,,,,osm,40.4379799,-3.7153967,2026-05-18
Julián,la Pobla de Farnals,Comunitat Valenciana,,,,,osm,39.5697575,-0.3330051,2026-05-18
Raquel Blasco,la Pobla de Farnals,Comunitat Valenciana,,,,,osm,39.5696676,-0.3322197,2026-05-18
Nahia,la Pobla de Farnals,Comunitat Valenciana,,,,,osm,39.5696207,-0.3331704,2026-05-18
Perruqueria - Estil Nou,Barcelona,Catalunya,+34632486915,,,,osm,41.4033774,2.1712818,2026-05-18
FAIZ - PERRUQUERIA D'HOMES,Barcelona,Catalunya,+34632251142,,,,osm,41.4060011,2.1694711,2026-05-18
torimu,València,Comunitat Valenciana,,,,,osm,39.4755601,-0.3624836,2026-05-18
San Pablo,Córdoba,Andalucía,+34655593014,,,,osm,37.8857597,-4.7757108,2026-05-18
Perruqueria Imperi 7,Barcelona,Catalunya,,,,,osm,41.4294654,2.1613502,2026-05-18
Di Classe Barbershop,Madrid,Madrid,,,,,osm,40.3975707,-3.5531035,2026-05-18
Conguita Muñiz,Friol,Galicia,,,,,osm,43.0299099,-7.7941614,2026-05-18
Koupãs,Sevilla,Andalucía,,,,,osm,37.3911,-5.9989253,2026-05-18
Perruqueria Antonia,Mollerussa,Catalunya,,,,,osm,41.6299464,0.8985361,2026-05-18
Peluquería Nieves,Guitiriz,Galicia,,,,,osm,43.1614609,-7.8381547,2026-05-18
Peluquería Gabriel,Nava,Asturias / Asturies,,,,,osm,43.3575273,-5.5110661,2026-05-18
El Tocador de Patri,Santiago de Compostela,Galicia,,,,,osm,42.8872681,-8.5148725,2026-05-18
System Plus,Empuriabrava,Catalunya,,,,,osm,42.2455856,3.1113769,2026-05-18
Beauty Queen,Alacant / Alicante,Comunitat Valenciana,,,,,osm,38.3552489,-0.4831274,2026-05-18
Pretty,Burgos,Castilla y León,+34947241957,,,,osm,42.3614026,-3.676493,2026-05-18
Peluquería Maria José,Val de Santo Domingo,Castilla-La Mancha,+34615632266,,,,osm,40.0141192,-4.3282105,2026-05-18
Dana Barber Shop,Madrid,Madrid,+34647524311,,,,osm,40.4815638,-3.7100545,2026-05-18
Esparís,Santiago de Compostela,Galicia,,,,,osm,42.8871524,-8.5229526,2026-05-18
juani.lesCorts,Barcelona,Catalunya,,,,,osm,41.3789646,2.1254649,2026-05-18
Mano Fatima,Barcelona,Catalunya,,,,,osm,41.3787097,2.1250634,2026-05-18
Ana Barbera,Burgos,Castilla y León,,,,,osm,42.3435619,-3.6929195,2026-05-18
S. Redon,Benidorm,Comunitat Valenciana,,,,,osm,38.5377116,-0.133779,2026-05-18
Javier @ Juana,Segovia,Castilla y León,,,,,osm,40.9465556,-4.1179295,2026-05-18
Peluquería Isabel Cámara,Móstoles,Madrid,,,,,osm,40.3232596,-3.8505773,2026-05-18
Tulip Cosmetics,Barcelona,Catalunya,,,,,osm,41.3727509,2.1019915,2026-05-18
Barbería Juan Crespo,Redondela,Galicia,+34673785642,,@barberiajuancrespo,,osm,42.2834267,-8.6087927,2026-05-18
Cristina Gómez,Real Sitio de San Ildefonso,Castilla y León,,,,,osm,40.9003355,-4.0060232,2026-05-18
Peluquería Vallecas,Madrid,Madrid,,,,,osm,40.3811024,-3.6251892,2026-05-18
La Mariama,Madrid,Madrid,,,,,osm,40.4064705,-3.7018821,2026-05-18
Tania Ferro,Santiago de Compostela,Galicia,,,,,osm,42.8859197,-8.529619,2026-05-18
Perruqueria Mireia,Miralcamp,Catalunya,+34973601756;+34638039998,mireiacapell@yahoo.es,,,osm,41.6045541,0.8787392,2026-05-18
Perruqueria Núria,Mollerussa,Catalunya,+34973712456,,,,osm,41.6295163,0.8965069,2026-05-18
Hm Nuria. Peluquería y estética,Burgos,Castilla y León,,,,,osm,42.3502083,-3.6700321,2026-05-18
Yovoy,Burgos,Castilla y León,,,,,osm,42.3503332,-3.6703594,2026-05-18
Barbería Jorge Rubín,Redondela,Galicia,+34986400390,,,,osm,42.2814202,-8.6104527,2026-05-18
Inma Alvarellos,Santiago de Compostela,Galicia,,,,,osm,42.886499,-8.5183928,2026-05-18
Di Gianni,Sant Antoni de Portmany,Illes Balears,,,,,osm,38.969253,1.2911893,2026-05-18
Peluquería Juanpe,Mancha Real,Andalucía,,,,,osm,37.7845352,-3.6099591,2026-05-18
Peluqueros unisex,Madrid,Madrid,,,,,osm,40.3930657,-3.7240624,2026-05-18
Guess Barbarshop,València,Comunitat Valenciana,,,,,osm,39.4737998,-0.3278009,2026-05-18
BK,Madrid,Madrid,,,,,osm,40.4383403,-3.7163343,2026-05-18
Dovela,Lugo,Galicia,,,,,osm,43.0146225,-7.5649546,2026-05-18
Lolo,Lugo,Galicia,,,,,osm,43.016819,-7.5619525,2026-05-18
Syret,Lugo,Galicia,,,,,osm,43.0172406,-7.5615267,2026-05-18
Rafael González,Lugo,Galicia,,,,,osm,43.0082906,-7.5571938,2026-05-18
Rocy peluqueros,Lugo,Galicia,,,,,osm,43.0199287,-7.5675409,2026-05-18
Peluqueria Amparito,Lugo,Galicia,,,,,osm,43.0211102,-7.5690088,2026-05-18
Eduardo Souto hair studio,Lugo,Galicia,,,,,osm,43.0210087,-7.5591429,2026-05-18
Clau de Mar,Barcelona,Catalunya,,,,,osm,41.4270679,2.1707068,2026-05-18
Gala's Estilistas,Redondela,Galicia,+34604062769,,,,osm,42.2795864,-8.6106425,2026-05-18
Arlei Peluqueria,Redondela,Galicia,+34986402099,,,http://arleipeluquería.com,osm,42.2797609,-8.6104515,2026-05-18
María Dolores Coll Caballol,Ivars d'Urgell,Catalunya,,,,,osm,41.6834571,0.9873403,2026-05-18
Perruqueria Elena,Ivars d'Urgell,Catalunya,,,,,osm,41.6806958,0.9867285,2026-05-18
Maite Riera Tiell,Ivars d'Urgell,Catalunya,,,,,osm,41.6785901,0.9887121,2026-05-18
Belleza de 3,La Línea de la Concepción,Andalucía,,,,,osm,36.1630461,-5.3480298,2026-05-18
Wilmar Peluqueros,Madrid,Madrid,,,,,osm,40.4587726,-3.6993892,2026-05-18
Yari y Leidis,Lugo,Galicia,,,,,osm,43.0286266,-7.570087,2026-05-18
Basido,Errenteria,Euskadi,,,,,osm,43.3157762,-1.9017976,2026-05-18
Peluquería Orgánica Moana,Lugo,Galicia,,,,,osm,43.0082881,-7.556745,2026-05-18
Aquaimage,Mollerussa,Catalunya,,,,http://www.aquaimage.es/,osm,41.6284048,0.8974285,2026-05-18
Barber & Tattoo Distrito D.F,Redondela,Galicia,+34653923663,,,,osm,42.2817058,-8.6088186,2026-05-18
Beauty Room by Demel Blanco,Redondela,Galicia,+34986077914,,,,osm,42.2878216,-8.6088709,2026-05-18
Peluquería Estética José Cobos,Granada,Andalucía,,,,,osm,37.1568496,-3.6092543,2026-05-18
José Arco 3,Madrid,Madrid,,,,,osm,40.403782,-3.6792724,2026-05-18
Peluquería barbería PAOLO ARTIGAS,Borriana / Burriana,Comunitat Valenciana,+34635445301,,,,osm,39.8916435,-0.088156,2026-05-18
Fati beauty,Palafrugell,Catalunya,,,,,osm,41.9166487,3.1675382,2026-05-18
Perruqueria Paquita,Palafrugell,Catalunya,,,,,osm,41.9166576,3.1662278,2026-05-18
Nuri perruqueria i estètica,Flaçà,Catalunya,,,,,osm,42.0470065,2.9574249,2026-05-18
Barbería Antón,Pontevedra,Galicia,,,,,osm,42.4298708,-8.6414215,2026-05-18
Marga Caluiño,Pontevedra,Galicia,,,,,osm,42.4285567,-8.6426668,2026-05-18
A Barbería,Lugo,Galicia,,,,,osm,43.0113423,-7.5693494,2026-05-18
Piti Otero,Lugo,Galicia,,,,,osm,43.0120126,-7.5674236,2026-05-18
Peluquería Saraiba,Lugo,Galicia,,,,,osm,43.0253212,-7.5668992,2026-05-18
Milenium peluqueros,Lugo,Galicia,,,,,osm,43.0147983,-7.5589304,2026-05-18
Lily,Vera Playa,Andalucía,,,,,osm,37.1984737,-1.8207899,2026-05-18
Stella's,Vera Playa,Andalucía,,,,,osm,37.1988066,-1.8211565,2026-05-18
Nuevo Estilo,Vera Playa,Andalucía,,,,,osm,37.200273,-1.8207295,2026-05-18
Garabato,Madrid,Madrid,+34912992494,,,,osm,40.3953107,-3.7756189,2026-05-18
Luisa Darriba Estilistas,Redondela,Galicia,+34986402240,,,http://wwwluisadarriba.com/,osm,42.2826316,-8.6108563,2026-05-18
Arima,Redondela,Galicia,+34986404053,,,,osm,42.2834914,-8.6101575,2026-05-18
Mabi,Burgos,Castilla y León,+34947221013,,,,osm,42.348496,-3.6725023,2026-05-18
Pilar & Eli,el Palau d'Anglesola,Catalunya,,,,,osm,41.6510626,0.8826793,2026-05-18
Hiraldo,Vinaròs,Comunitat Valenciana,,,,,osm,40.4685515,0.4751551,2026-05-18
La Barbería De Benidorm,Benidorm,Comunitat Valenciana,,,,,osm,38.537231,-0.1463056,2026-05-18
Andrea Gareia,Vinaròs,Comunitat Valenciana,,,,,osm,40.4670985,0.4737984,2026-05-18
Formas peluqueros,Vinaròs,Comunitat Valenciana,,,,,osm,40.4674423,0.4741454,2026-05-18
la Rava,Vinaròs,Comunitat Valenciana,,,,,osm,40.4692085,0.4753722,2026-05-18
La Barberia de Carlos,Vinaròs,Comunitat Valenciana,,,,,osm,40.4694033,0.4765405,2026-05-18
Álvaro Dávila Peluquería de Caballeros,Mancha Real,Andalucía,+34673481836,,,,osm,37.7815018,-3.6076043,2026-05-18
Ana Romero,Mancha Real,Andalucía,,,,,osm,37.7878262,-3.6060024,2026-05-18
The Look,Eibar,Euskadi,,,,,osm,43.1858914,-2.4700153,2026-05-18
HBH Saloon,Sant Andreu de la Barca,Catalunya,+34611401807,,,,osm,41.4517237,1.9668879,2026-05-18
Arturo Comín,Zaragoza,Aragón,,,,,osm,41.6390271,-0.8753788,2026-05-18
Inma Torres,Sant Andreu de la Barca,Catalunya,,,,,osm,41.4516693,1.9630594,2026-05-18
Sonia Prados,Lugo,Galicia,,,,,osm,43.0077886,-7.5515198,2026-05-18
Mafi,Lugo,Galicia,,,,,osm,43.0074496,-7.5514323,2026-05-18
Peluquería Avance,Lugo,Galicia,,,,,osm,43.0236496,-7.5686447,2026-05-18
Pili la Pelu,Vinaròs,Comunitat Valenciana,,,,,osm,40.4697069,0.4752513,2026-05-18
Toni Peluqueria,Vinaròs,Comunitat Valenciana,,,,,osm,40.470013,0.4755571,2026-05-18
academia herrero,Vinaròs,Comunitat Valenciana,,,,,osm,40.4705632,0.47627,2026-05-18
Classic Barber 77,Vinaròs,Comunitat Valenciana,,,,,osm,40.4705917,0.4762325,2026-05-18
Antonio sanles,Cádiz,Andalucía,,,,,osm,36.5307975,-6.2950886,2026-05-18
Mariana Cerlat,Vinaròs,Comunitat Valenciana,,,,,osm,40.470182,0.4748705,2026-05-18
Royal Palace,Barcelona,Catalunya,,,,,osm,41.4022266,2.1645257,2026-05-18
Barber soph HB,Cádiz,Andalucía,,,,,osm,36.5345775,-6.298087,2026-05-18
Deli Art,Madrid,Madrid,,,,,osm,40.4069987,-3.6991409,2026-05-18
Joana Castell Guinart,Barcelona,Barcelona,+34933406047,,,,osm,41.4192541,2.182616,2026-05-18
Joseba,Tolosa,Euskadi,,,,,osm,43.1342018,-2.0759463,2026-05-18
Barbería Carlos Conde,Madrid,Madrid,,,,,osm,40.4164081,-3.6701362,2026-05-18
Peluquería para Señoras,Barcelona,Catalunya,,,,,osm,41.4000705,2.1567914,2026-05-18
Eva Algaba,Torrijos,Castilla-La Mancha,,,,,osm,39.9803042,-4.281362,2026-05-18
Peluqueria de caballeros Dandi,Madrid,Madrid,+34915045033,,,,osm,40.4179974,-3.6736568,2026-05-18
Oh My Cut!,Madrid,Madrid,,,,,osm,40.4398037,-3.7171391,2026-05-18
Estil Joan,Reus,Catalunya,,,,,osm,41.1405607,1.1149713,2026-05-18
Perruqueria i Estètica,Reus,Catalunya,,,,,osm,41.1396786,1.1150941,2026-05-18
Peluqueria Lourdes Oliveira,Redondela,Galicia,+34986195902,,,,osm,42.2836402,-8.6080745,2026-05-18
Begoña Villaverde,Redondela,Galicia,+34986400565,,,,osm,42.2825478,-8.6087949,2026-05-18
Peluquería Arias,Villanueva del Arzobispo,Andalucía,,,,,osm,38.1695156,-3.00784,2026-05-18
Monica Bernal,Cádiz,Cádiz,+34856076774;+34699194863,,,https://www.monicabernal.es,osm,36.5237428,-6.2866384,2026-05-18
Nuestro Toque Estilistas,Las Rozas de Madrid,Madrid,,,,,osm,40.5190655,-3.8963297,2026-05-18
Style Dream,Pineda de Mar,Catalunya,,,,,osm,41.6147439,2.6658244,2026-05-18
Frank Peluqueros,Alacant / Alicante,Comunitat Valenciana,,,,,osm,38.3430838,-0.492575,2026-05-18
Yohe Barber,Madrid,Madrid,,,,,osm,40.4589578,-3.6991286,2026-05-18
MJ Peluqueros,Madrid,Madrid,,,,,osm,40.4188728,-3.6787491,2026-05-18
Arual,Novelda,Comunitat Valenciana,,,,,osm,38.3815884,-0.7706944,2026-05-18
La Muralla,Manresa,Catalunya,,,,,osm,41.7234373,1.8215336,2026-05-18
Caballeros,Manresa,Catalunya,,,,,osm,41.7229492,1.8234554,2026-05-18
Gispert,Manresa,Catalunya,,,,,osm,41.7230814,1.8230064,2026-05-18
AC Perruquers,Manresa,Catalunya,,,,,osm,41.7231191,1.8235861,2026-05-18
Susana Mendoza,Manresa,Catalunya,,,,,osm,41.723452,1.8245908,2026-05-18
Perruqueria Carme Alarcon,Manresa,Catalunya,,,,,osm,41.7231529,1.8272166,2026-05-18
Castelo Peluqueros,Madrid,Madrid,,,,,osm,40.4198364,-3.6791004,2026-05-18
Barbería Almeida,O Carballiño,Galicia,,,,,osm,42.4321652,-8.0759551,2026-05-18
Cyrros,Santiago de Compostela,Galicia,,,,,osm,42.8924205,-8.5311075,2026-05-18
Daniel's Barber,Melide,Galicia,,,,,osm,42.9146516,-8.0150635,2026-05-18
Raffel Pages,Barcelona,Barcelona,,,,,osm,41.4059614,2.163292,2026-05-18
Chapellán,Barcelona,Catalunya,,,,,osm,41.4071923,2.1801049,2026-05-18
Barberia Nabil,Ordizia,Euskadi,,,,,osm,43.0543449,-2.1799133,2026-05-18
Deido ileapaindegia,Ordizia,Euskadi,,,,,osm,43.0541937,-2.1801672,2026-05-18
Sanabria,Madrid,Madrid,,,,,osm,40.3961105,-3.6941648,2026-05-18
Manolo,Ordizia,Euskadi,+34943888655,,,,osm,43.0540836,-2.1802189,2026-05-18
Mendieta,Madrid,Madrid,,,,,osm,40.4054619,-3.7015516,2026-05-18
Art Perruqueria Dona-Home,Olot,Catalunya,,,,,osm,42.1824079,2.4852836,2026-05-18
Assumpció Perruqueria,Olot,Catalunya,,,,,osm,42.1821551,2.4852566,2026-05-18
M&K,Zaragoza,Aragón,,,,,osm,41.6282211,-0.8862232,2026-05-18
Hollywood,Zaragoza,Aragón,+34876645799,,@peluqueria_hollywood_,,osm,41.6283439,-0.886187,2026-05-18
DC,Zaragoza,Aragón,,,,,osm,41.6305364,-0.885561,2026-05-18
Peluquería Ordizia,Ordizia,Euskadi,+34602830346,,,,osm,43.0534453,-2.1818003,2026-05-18
Pedro José,Zaragoza,Aragón,+34976252000,,,,osm,41.6255431,-0.8779912,2026-05-18
Carlos Arce,Burgos,Burgos,+34947265176,,,,osm,42.3419754,-3.7018972,2026-05-18
Perruqueria Gemma Peiró,Bellvís,Catalunya,,,,,osm,41.6726172,0.8156458,2026-05-18
Peluquería Esgada,Madrid,Madrid,,,,,osm,40.4620679,-3.7004836,2026-05-18
Barberkiol,Santander,Cantabria,,,,,osm,43.4577091,-3.8114919,2026-05-18
Laia Rubio,Arbeca,Catalunya,,,,,osm,41.5420152,0.9269704,2026-05-18
Perruqueria Elisa & Elisabet,Arbeca,Catalunya,,,,,osm,41.5412946,0.9254909,2026-05-18
Barberia Susana,Arbeca,Catalunya,,,,,osm,41.5403648,0.9256277,2026-05-18
Barberia SABIR,les Borges Blanques,Catalunya,,,,,osm,41.5202869,0.8689158,2026-05-18
Carol Cruz,les Borges Blanques,Catalunya,,,,,osm,41.5205796,0.8678496,2026-05-18
Perruqueria Noèlia,les Borges Blanques,Catalunya,,,,,osm,41.5205755,0.8726323,2026-05-18
Ester Segarra Estilista,les Borges Blanques,Catalunya,,,,,osm,41.5216022,0.8712264,2026-05-18
Peluquería Pili Valero,Benifaió,Comunitat Valenciana,+34961795657,,,,osm,39.2884734,-0.4215278,2026-05-18
Peluquería Pentinat,Benifaió,Comunitat Valenciana,+34960802274,,,,osm,39.283341,-0.4236867,2026-05-18
Línies,Reus,Catalunya,,,,,osm,41.1468857,1.1079311,2026-05-18
Saló Bogué,Reus,Catalunya,,,,,osm,41.1469525,1.1076447,2026-05-18
María Bellido,Huesca,Aragón,,,,,osm,42.1378747,-0.4060605,2026-05-18
Sesiom,Barcelona,Catalunya,+34693722623,,,,osm,41.4030831,2.160746,2026-05-18
Pirela,Barcelona,Catalunya,,,@pirelaestetic,,osm,41.4029757,2.160636,2026-05-18
Van Bla estilistas,Redondela,Galicia,+34986404989,,,,osm,42.2930708,-8.6143869,2026-05-18
Perruqueria Trixia,Reus,Catalunya,,,,,osm,41.147511,1.1086359,2026-05-18
Six Barbershop Nueva Andalucia,"Nueva Andalucia, Marbella",Andalucía,+34611103048,,,,osm,36.4988036,-4.9817259,2026-05-18
Luna,Lleida,Catalunya,,,,,osm,41.6132887,0.6237017,2026-05-18
Cristina Sedano Perruquers,Sant Vicenç dels Horts,Catalunya,+34936685537,,,,osm,41.4148684,2.0188073,2026-05-18
Canal Barbershop,Zaragoza,Aragón,,,@canal_barbershop,,osm,41.6328284,-0.8852367,2026-05-18
Chesca,Avilés,Asturias / Asturies,,,,,osm,43.5582773,-5.9231827,2026-05-18
Dimaro,Avilés,Asturias / Asturies,,,,,osm,43.5579827,-5.923941,2026-05-18
Mad Men,Avilés,Asturias / Asturies,,,,,osm,43.5579625,-5.9275712,2026-05-18
Salón Masculino Emaín,Noia,Galicia,,,,,osm,42.7815337,-8.8864939,2026-05-18
B.Barber Shop,Barcelona,Catalunya,+34632483534,,PADILLA_340,,osm,41.4103644,2.1712475,2026-05-18
Perfecto,Zaragoza,Aragón,+34722711086;+34685892339,,,,osm,41.6535857,-0.8834394,2026-05-18
Kixkor,Mutriku,Euskadi,,,,,osm,43.2952093,-2.354562,2026-05-18
Begoña Ateca,Noja,Cantabria,,,,,osm,43.4585059,-3.4840326,2026-05-18
Parroki & The Bick,Madrid,Madrid,,,,,osm,40.4536097,-3.7036442,2026-05-18
Salónica,Zaragoza,Aragón,,,,,osm,41.6472186,-0.8733261,2026-05-18
Peluquería Vetusta,Oviedo,Asturias / Asturies,,,,,osm,43.3630004,-5.8453995,2026-05-18
Para Ellos,Madrid,Madrid,,,,,osm,40.4098916,-3.7096189,2026-05-18
Janire & Maitane,Mutriku,Euskadi,,,,,osm,43.2932054,-2.354043,2026-05-18
Pilar Bayo,València,Comunitat Valenciana,,,,,osm,39.5460691,-0.3933023,2026-05-18
P&P Heaven Beauty,Barcelona,Catalunya,,,,,osm,41.3855828,2.1559261,2026-05-18
Nova Sensació Perruqueria,Barcelona,Catalunya,,,,,osm,41.3853046,2.1564907,2026-05-18
Cris & Mon,Barcelona,Catalunya,,,,,osm,41.3853384,2.1564417,2026-05-18
Peluquería para Caballeros NOR,Madrid,Madrid,,,,,osm,40.4330592,-3.6454287,2026-05-18
House of Fades,Barcelona,Catalunya,,,,,osm,41.4010946,2.1668472,2026-05-18
Carlos Conde Peluqueros Redondela,Redondela,Galicia,+34986122215,,,https://www.carloscondepeluqueros.com/centro/redondela-c-general-rubin-10/,osm,42.2858928,-8.6090328,2026-05-18
Peluquería Ama,Arnuero,Cantabria,,,,,osm,43.4907706,-3.5511093,2026-05-18
Quisquella R.D.,Zaragoza,Aragón,,,,,osm,41.635321,-0.8792787,2026-05-18
Peluquería La Plaza,Escalante,Cantabria,,,,,osm,43.4372118,-3.5137253,2026-05-18
Barbería Jus,Barcelona,Catalunya,+34933530816,,,,osm,41.4430681,2.1788701,2026-05-18
arte On Perruquers,Reus,Catalunya,,,,,osm,41.1536595,1.1011535,2026-05-18
Women,Madrid,Madrid,,,,,osm,40.4379563,-3.7082204,2026-05-18
Yan Ping,Olot,Catalunya,,,,,osm,42.179473,2.4830055,2026-05-18
Glamour Peluqueras,Fuengirola,Andalucía,,,,,osm,36.5469767,-4.6339417,2026-05-18
Idama,Soraluze-Placencia de las Armas,Euskadi,,,,,osm,43.2135104,-2.4176922,2026-05-18
Zibah Salon,Oviedo,Asturias / Asturies,+34984092115,,,,osm,43.3643659,-5.8535833,2026-05-18
HAIR.COM,Barcelona,Catalunya,,,,,osm,41.4055199,2.1707045,2026-05-18
Adrián Mariscal,San Fernando,Andalucía,,,,,osm,36.5269321,-6.1854001,2026-05-18
Centro de Peluquería y Estética Dalila,Los Alcázares,Murcia,,,,,osm,37.7430787,-0.8546957,2026-05-18
Peluqueria caballeros Costa Buena,Leganés,Madrid,,,,,osm,40.2878945,-3.8031888,2026-05-18
Barber king's,Palafrugell,Catalunya,,,,,osm,41.9180033,3.1584741,2026-05-18
Yasmín Díaz,Medina de Pomar,Castilla y León,,,,,osm,42.933732,-3.4856302,2026-05-18
S3,Medina de Pomar,Castilla y León,,,,,osm,42.9337878,-3.4856167,2026-05-18
IDE&PATRI,Mieres,Asturias / Asturies,,,,,osm,43.2492474,-5.772998,2026-05-18
L'Artesa,Mieres del Camín,Asturias / Asturies,,,,,osm,43.2479264,-5.7731648,2026-05-18
"Jo, Que Corte",Madrid,Madrid,,,,,osm,40.409175,-3.7112019,2026-05-18
Durán,Fuengirola,Andalucía,,,,,osm,36.5423815,-4.6305648,2026-05-18
SyP Barber's Shop,Fuengirola,Andalucía,,,,,osm,36.5460387,-4.6352497,2026-05-18
Hair Craft's,Mollerussa,Catalunya,,,,,osm,41.6291222,0.8939733,2026-05-18
Alida Perruqueria & Estètica,Mollerussa,Catalunya,,,,,osm,41.6294511,0.8946743,2026-05-18
OD Beauty Salon,Castelldefels,Catalunya,,,,,osm,41.2802397,1.9771028,2026-05-18
S. Corrada,Madrid,Madrid,,,,,osm,40.4378984,-3.7168525,2026-05-18
Peluquería More,Viso del Marqués,Castilla-La Mancha,+34661149870,,,,osm,38.5217752,-3.5650376,2026-05-18
Diego Le Barbier,Oviedo,Asturias / Asturies,,,,,osm,43.3646325,-5.8541977,2026-05-18
Astar barber,Astorga,Castilla y León,,,,,osm,42.4600705,-6.062841,2026-05-18
Peluquería Galeote,Avilés,Asturias / Asturies,,,,,osm,43.5401095,-5.9084058,2026-05-18
Peluquería Luisi,Avilés,Asturias / Asturies,,,,,osm,43.538735,-5.9079838,2026-05-18
Naikari,Tolosa,Euskadi,,,,,osm,43.1351885,-2.0758216,2026-05-18
Elisa B.,Punta Umbría,Andalucía,,,,,osm,37.189782,-6.9727376,2026-05-18
Homie’s,Reus,Catalunya,,,,,osm,41.1542941,1.0973476,2026-05-18
Sandra Estilista,Jerez de la Frontera,Cádiz,+34956350579,,,,osm,36.6822087,-6.1311353,2026-05-18
Peluquería Touriño,Santiago de Compostela,Galicia,,,,,osm,42.8779499,-8.5439687,2026-05-18
Sabina,Santa Eulària des Riu,Illes Balears,,,,,osm,38.9821204,1.5321529,2026-05-18
Nick&Co,Santa Eulària des Riu,Illes Balears,,,,,osm,38.9855335,1.5373539,2026-05-18
Raquel.Ele,Madrid,Madrid,,,,,osm,40.4020155,-3.6604209,2026-05-18
La barbería del Tío Elías,Madrid,Madrid,,,,,osm,40.3844245,-3.7541735,2026-05-18
BleD,Madrid,Madrid,,,,,osm,40.3849449,-3.7538775,2026-05-18
Sonia Diaz,Bossòst,Catalunya,,,,,osm,42.7827002,0.6912308,2026-05-18
Elite,Tarragona,Catalunya,,,,,osm,41.1156787,1.244179,2026-05-18
Helena,Tarragona,Catalunya,,,,,osm,41.115656,1.2438795,2026-05-18
Scala Estelistas,Leganés,Madrid,,,,,osm,40.2890374,-3.8034741,2026-05-18
Deja Vu,Madrid,Madrid,,,,,osm,40.4073299,-3.708212,2026-05-18
Adore Beautiful,Jerez de la Frontera,Andalucía,,,,,osm,36.6810161,-6.1304333,2026-05-18
Suso,Viana do Bolo,Galicia,,,,,osm,42.1803634,-7.1133388,2026-05-18
Barbería Vene,Ames,Galicia,,,,,osm,42.9113448,-8.7364055,2026-05-18
Peluquería Les Rotes,Dénia,Comunitat Valenciana,+34655797753,,,,osm,38.8339053,0.1206992,2026-05-18
Gemelas,Muxía,Galicia,,,,,osm,43.1309405,-9.1828165,2026-05-18
Maria Jesús,Llangréu / Langreo,Asturias / Asturies,,,,,osm,43.265398,-5.7383752,2026-05-18
MAYBE,Jerez de la Frontera,Andalucía,,,,,osm,36.6817409,-6.1319841,2026-05-18
Barber Shop by Dalí,Santiago de Compostela,Galicia,,,,,osm,42.8822005,-8.54906,2026-05-18
Alegría Peluqueros,Murcia,Murcia,,,,,osm,37.9901203,-1.1324524,2026-05-18
Tajo Parejo,Murcia,Murcia,+34968909027,,,,osm,37.9923521,-1.1292073,2026-05-18
Tony Plaza,Murcia,Murcia,,,,,osm,37.991261,-1.1309272,2026-05-18
Elmekri,Granada,Andalucía,,,,,osm,37.1694494,-3.5963647,2026-05-18
311 Genil,Granada,Andalucía,+34677269296,,,,osm,37.1694239,-3.5964143,2026-05-18
Tinte,Torrent,Comunitat Valenciana,,,,,osm,39.4313298,-0.4731329,2026-05-18
Peluquería Dori,Sacramenia,Castilla y León,,,,,osm,41.4929519,-3.9580136,2026-05-18
Peluquería Angelines,Sacramenia,Castilla y León,,,,,osm,41.4929143,-3.9586867,2026-05-18
Ndoucamane,Madrid,Madrid,,,,,osm,40.4057016,-3.7010573,2026-05-18
Indian Cosmetics,Madrid,Madrid,,,,,osm,40.4068117,-3.7011328,2026-05-18
Maribel Estilista,Linyola,Catalunya,,,,,osm,41.7093134,0.9030082,2026-05-18
Tess,Linyola,Catalunya,,,tesslinyola,,osm,41.710939,0.9025841,2026-05-18
Alba Mir,Linyola,Catalunya,,,,,osm,41.7105843,0.9045324,2026-05-18
Sole Rodriguez,Murcia,Murcia,+34968900004,,,,osm,37.9908801,-1.1276859,2026-05-18
Vicente García,Murcia,Murcia,,,,,osm,37.98858,-1.1271354,2026-05-18
Barbershop Javier García,Murcia,Murcia,,,,,osm,37.9890113,-1.1271473,2026-05-18
Barbershop El Jordy,Murcia,Murcia,,,,,osm,37.988653,-1.1271391,2026-05-18
Yozela,Sestao,Euskadi,,,,,osm,43.3226694,-2.9866084,2026-05-18
Jorge Cubillana,Jerez de la Frontera,Andalucía,,,,,osm,36.6807553,-6.1297867,2026-05-18
La barberia de Taradell,Vic,Catalunya,,,,,osm,41.8759121,2.2864934,2026-05-18
R. Vázquez,Murcia,Murcia,+34648740915,,,,osm,37.9934699,-1.1275367,2026-05-18
The 786,Madrid,Madrid,,,,,osm,40.4089657,-3.7003915,2026-05-18
Peluquería Idaria Rojas,Telde,Canarias,,,,,osm,27.9973388,-15.411869,2026-05-18
Peluquería J&L,Blanes,Catalunya,,,,,osm,41.6792324,2.7919369,2026-05-18
Christine,València,Comunitat Valenciana,,,,,osm,39.4610669,-0.3646464,2026-05-18
Peluquería de Caballeros Rober Barber Shop,Madrid,Madrid,,,,,osm,40.4732015,-3.5796599,2026-05-18
A barbería de Pablo,Cambre,Galicia,+34881879384,,,,osm,43.2906179,-8.3518563,2026-05-18
Pepa,Huelma,Andalucía,,,,,osm,37.6483376,-3.454761,2026-05-18
Kids & Nits,Jerez de la Frontera,Andalucía,,,,,osm,36.6821509,-6.1312531,2026-05-18
+ Madera Barber Shop,Burgos,Castilla y León,,,,,osm,42.3601095,-3.6948906,2026-05-18
Kenthair,Burgos,Castilla y León,+34627744926,,,,osm,42.3597475,-3.6946056,2026-05-18
Agustín Hernández,Avilés,Asturias / Asturies,,,,,osm,43.5585597,-5.9236088,2026-05-18
V&E Estilistas,Jerez de la Frontera,Andalucía,,,,,osm,36.68003,-6.1322643,2026-05-18
Ana Erdozain,Jerez de la Frontera,Andalucía,,,,,osm,36.6891783,-6.133857,2026-05-18
Centro de belleza Soledad,Estella/Lizarra,Navarra,+34620329551,,,,osm,42.6706367,-2.027177,2026-05-18
Barber Shop María Pérez,Benifaió,Comunitat Valenciana,,,,,osm,39.282808,-0.4244423,2026-05-18
Belén - La belleza está en ti,Benifaió,Comunitat Valenciana,+34625455591,,,,osm,39.2816387,-0.4236688,2026-05-18
Peluquería Chantal,Benifaió,Comunitat Valenciana,,,,,osm,39.2808784,-0.4257713,2026-05-18
Miriam & Bea,Benifaió,Comunitat Valenciana,+34861794635,,,,osm,39.2822673,-0.4252004,2026-05-18
Juan C. Corredoira,A Coruña,Galicia,,,,,osm,43.3671304,-8.4223963,2026-05-18
Wandall,A Coruña,Galicia,,,,,osm,43.3627867,-8.4223807,2026-05-18
Pelugeria Pagul,Santa Eulària des Riu,Illes Balears,,,,,osm,38.9882145,1.5401891,2026-05-18
Perruqueria Rosa Eli,Benifaió,Comunitat Valenciana,+34961794124,,,,osm,39.2834822,-0.4293247,2026-05-18
Perruqueria Tot pels Pèls,Benifaió,Comunitat Valenciana,+34961780387,,,,osm,39.2847623,-0.429382,2026-05-18
D'autor by Rafa Monzó,Benifaió,Comunitat Valenciana,+34676240733,,,https://rafamonzo.es/,osm,39.2845668,-0.427584,2026-05-18
Les Paques: Imatge Personal,Benifaió,Comunitat Valenciana,+34961780440,,,,osm,39.2835281,-0.4262525,2026-05-18
Barber Shop Universal,Benifaió,Comunitat Valenciana,+34641168350,,,,osm,39.2842192,-0.4260933,2026-05-18
Yolui Estilistas,Benifaió,Comunitat Valenciana,+34634368915,,,,osm,39.2844965,-0.4264242,2026-05-18
Akira Peluqueros 3.0,Madrid,Madrid,+34622123285,,@akira.peluqueros,,osm,40.3920673,-3.6920124,2026-05-18
Nacho García Hair Solutions,Madrid,Madrid,+34914025007,,,,osm,40.430696,-3.6781043,2026-05-18
Puesta del Sol,Sant Antoni de Portmany,Illes Balears,,,,,osm,38.9836375,1.2985863,2026-05-18
Montero,Sant Antoni de Portmany,Illes Balears,,,,,osm,38.9791772,1.3005727,2026-05-18
Vamara Perruqueria,Benifaió,Comunitat Valenciana,+34961781857,,,,osm,39.2840539,-0.4241165,2026-05-18
Delma,Villaviciosa,Asturias / Asturies,,,,,osm,43.4814918,-5.435606,2026-05-18
M Cort,Villaviciosa,Asturias / Asturies,,,,,osm,43.4835072,-5.4338723,2026-05-18
Peluquería de Caballeros,Benifaió,Comunitat Valenciana,+34611293428,,,,osm,39.2853848,-0.4267883,2026-05-18
Marquez Peluquería de Caballeros,Fuengirola,Andalucía,+34652337969,,,,osm,36.5580389,-4.6114491,2026-05-18
Ítaca,Valladolid,Castilla y León,+34983115079,,@itaca__peluqueria,,osm,41.6475212,-4.7334446,2026-05-18
Blanca Lloret,Benifaió,Comunitat Valenciana,,,,,osm,39.2868067,-0.4233942,2026-05-18
Karla peluqueros,Madrid,Madrid,,,,,osm,40.3847186,-3.6112552,2026-05-18
Garbí,Torroella de Montgrí,Catalunya,,,,,osm,42.0504976,3.1953678,2026-05-18
Sin Nombre,Madrid,Madrid,,,,,osm,40.4390705,-3.71146,2026-05-18
Mary Cassiani,Madrid,Madrid,,,,,osm,40.4394694,-3.7112954,2026-05-18
MJ García,Madrid,Madrid,+34914760108,,,,osm,40.3862364,-3.7098731,2026-05-18
Peluquería Ecce-Homo,Baza,Andalucía,,,,,osm,37.4842571,-2.7689381,2026-05-18
Peluquería Mari Carmen Valero,Baza,Andalucía,,,,,osm,37.4852966,-2.7698347,2026-05-18
Raquel,La Línea de la Concepción,Andalucía,,,,,osm,36.1640369,-5.3544711,2026-05-18
Chapman,La Línea de la Concepción,Andalucía,,,,,osm,36.1640523,-5.3545454,2026-05-18
Barbería Miguel García,Redondela,Galicia,,,,,osm,42.3425101,-8.6076648,2026-05-18
Chelo Blanco,Redondela,Galicia,,,,,osm,42.3425058,-8.6070888,2026-05-18
Elena Serón,Pamplona / Iruña,Navarra,,,,,osm,42.808575,-1.6361353,2026-05-18
Innovat,Campelo,Galicia,,,,,osm,42.4353479,-8.653713,2026-05-18
Wenceslao,Campelo,Galicia,,,,,osm,42.4322737,-8.6512259,2026-05-18
Lorena Dios,Pontevedra,Galicia,,,,,osm,42.4331066,-8.6493291,2026-05-18
Peluquería Sebas,Pamplona/Iruña,Navarra,+34948189289,,,,osm,42.8031291,-1.6785835,2026-05-18
Peluqueria Hnos Etxenausia Señoras,Getxo,Euskadi,+34944603766,,,,osm,43.3491437,-3.0110819,2026-05-18
Carla Vizoso,Castropol,Asturias / Asturies,+34982128157,,carlavizoso_don_secador,,osm,43.5373842,-7.0405095,2026-05-18
Erreka Mari,Hernani,Euskadi,,,,,osm,43.2665363,-1.9748782,2026-05-18
Javier Salazar,Granada,Andalucía,,,,,osm,37.1761267,-3.6068431,2026-05-18
Olympia Elena Cabo,Santiago de Compostela,Galicia,,,,,osm,42.8723059,-8.5549473,2026-05-18
Vertice,Santiago de Compostela,Galicia,,,,,osm,42.8704206,-8.5583507,2026-05-18
Peluquería Melenas,La Línea de la Concepción,Andalucía,+34633224866,,,,osm,36.1743827,-5.362783,2026-05-18
Studio 48,Madrid,Madrid,,,,,osm,40.4377979,-3.7147043,2026-05-18
Sonia Rey,Santiago de Compostela,Galicia,,,,,osm,42.8710895,-8.5468957,2026-05-18
Xiquena,Madrid,Madrid,,,,,osm,40.4229894,-3.6935737,2026-05-18
Marcos & Lina,Calp,Comunitat Valenciana,+34965830059,,,,osm,38.643904,0.0467486,2026-05-18
Iván Dorado,Orihuela,Comunitat Valenciana,,,,,osm,37.9316848,-0.7254291,2026-05-18
Peluquería Fátima,Collado Mediano,Madrid,,,,,osm,40.7150298,-3.9899759,2026-05-18
Peluquería Mixta Laura'Bel,Zamora,Castilla y León,+34980671736,,,,osm,41.5084797,-5.7477443,2026-05-18
Peluquería Mixta La Vaguada,Zamora,Castilla y León,,,,,osm,41.5088676,-5.7484719,2026-05-18
Peluquería de Caballeros Robert,Zamora,Castilla y León,+34663369277,,,,osm,41.5077288,-5.7493391,2026-05-18
Barberia BarbaNegra,Zamora,Castilla y León,+34641573110,,,,osm,41.507078,-5.7493934,2026-05-18
Peluquería y Estética Armellino,Zamora,Castilla y León,+34980167900,,,,osm,41.5062559,-5.7499404,2026-05-18
Peluquería Low Cost,Zamora,Castilla y León,+34622645931,,,,osm,41.5053032,-5.7499872,2026-05-18
Le Studio,Calp,Comunitat Valenciana,,,,,osm,38.6427164,0.0503234,2026-05-18
Belén CG,Burgos,Burgos,+34947228301,,,,osm,42.349478,-3.6724719,2026-05-18
Zamorano,Alcalá de Guadaíra,Andalucía,,,,,osm,37.3439215,-5.8324519,2026-05-18
Queen Peluqueros,Zamora,Castilla y León,+34980030168,,,,osm,41.5056467,-5.7457177,2026-05-18
Perruqueria i Estètica Mil·lènnium,Valls,Catalunya,+34977614860,,perruqueriamillenium,,osm,41.2874253,1.2550753,2026-05-18
ALBE Estilistas,Majadahonda,Madrid,+34916346199,bey30879@hotmail.com,,https://albeestilistas.mytreatwell.es/,osm,40.471437,-3.8721621,2026-05-18
Brigith Beauty,Tarragona,Catalunya,,,,,osm,41.1156831,1.2467566,2026-05-18
Nou Look,Tarragona,Catalunya,,,,,osm,41.1162377,1.2463708,2026-05-18
Christhian Padilla,Tarragona,Catalunya,,,,,osm,41.1147787,1.2471763,2026-05-18
Mery,Tarragona,Catalunya,,,,,osm,41.1152352,1.246966,2026-05-18
KM Peluquería,Donostia / San Sebastián,Euskadi,,,,,osm,43.2689531,-1.9768256,2026-05-18
Studio 17,Donostia / San Sebastián,Euskadi,,,,,osm,43.2679194,-1.9784936,2026-05-18
Conesa Gentlemen's Corner,Valls,Catalunya,+34678343521,,,,osm,41.2892055,1.258009,2026-05-18
PELUsonrisas,Telde,Canarias,+34722876923,,,,osm,28.0024675,-15.3882246,2026-05-18
Peluquería Sergio Moreno,Motril,Andalucía,+34958048482,,,,osm,36.745381,-3.5149847,2026-05-18
Barbería Mediterráneo,Motril,Andalucía,+34638350809,,,,osm,36.7436664,-3.5149297,2026-05-18
César Morillas Álvarez,Motril,Andalucía,+34958607215,,,,osm,36.74387,-3.5168375,2026-05-18
D'Medina,Motril,Andalucía,+34601189256,,,,osm,36.7465235,-3.5127399,2026-05-18
Belleza Unisex Mariangeles,Motril,Andalucía,+34627290653,,,,osm,36.7479752,-3.5129448,2026-05-18
Calibre 22 Barber Club,Santa Cruz de Tenerife,Canarias,,,,,osm,28.4906824,-16.3162091,2026-05-18
Aurora do Sil,Parada de Sil,Galicia,,,,,osm,42.3830402,-7.568558,2026-05-18
Ancha 23,Motril,Andalucía,+34661416848,,,http://www.ancha23barberia.com/,osm,36.7524103,-3.5166262,2026-05-18
Fátima Martín,Motril,Andalucía,+34958821482,,,,osm,36.752219,-3.5134577,2026-05-18
Izune,Donostia / San Sebastián,Euskadi,,,,,osm,43.2701652,-1.9737641,2026-05-18
Por los pelos,Bossòst,Catalunya,+34973648309,,,,osm,42.7852776,0.6922697,2026-05-18
Manuel Rial,Avilés,Asturias / Asturies,,,,,osm,43.5580661,-5.925802,2026-05-18
Pilar López,Avilés,Asturias / Asturies,,,,,osm,43.5575167,-5.9256998,2026-05-18
Santa Lucia,Sevilla,Andalucía,,,,,osm,37.3906372,-5.9949279,2026-05-18
La Barbería de Córdoba,Córdoba,Andalucía,,,,,osm,37.8865917,-4.7719794,2026-05-18
West Antzuola,Antzuola,Euskadi,,,,,osm,43.099141,-2.3824725,2026-05-18
Victoria 10,Málaga,Andalucía,,,,,osm,36.7233685,-4.4164358,2026-05-18
MR,Málaga,Andalucía,,,,,osm,36.7274418,-4.4122322,2026-05-18
MR perruqueria,Barcelona,Catalunya,,,,,osm,41.4112672,2.1695475,2026-05-18
Clan of Beauty,Málaga,Andalucía,,,,,osm,36.7245586,-4.415705,2026-05-18
Notting Hill,Málaga,Andalucía,,,,,osm,36.7256367,-4.4146469,2026-05-18
Alberto Zurita,Málaga,Andalucía,,,,,osm,36.7259796,-4.4144005,2026-05-18
Chepina,Málaga,Andalucía,,,,,osm,36.7311045,-4.4160612,2026-05-18
Abe,Gijón / Xixón,Asturias / Asturies,,,,,osm,43.5257341,-5.6647637,2026-05-18
Abriza,Málaga,Andalucía,,,,,osm,36.7270299,-4.4122538,2026-05-18
Bea Calleja Estilistas,Sodupe,Euskadi,+34946851290,,,,osm,43.201509,-3.0492025,2026-05-18
Barber Shop A13,Madrid,Madrid,,,,,osm,40.4370071,-3.7032748,2026-05-18
Napoli,Málaga,Andalucía,,,,,osm,36.7273111,-4.4143281,2026-05-18
FK Beauty Salon,Málaga,Andalucía,,,,,osm,36.7289363,-4.4147975,2026-05-18
crearte,Barcelona,Catalunya,,,,,osm,41.3979499,2.167217,2026-05-18
El Pati Perruquers,Valls,Catalunya,+34977606061,,el_pati_perruquers,,osm,41.2866318,1.2498209,2026-05-18
Lions Barber,València,Comunitat Valenciana,,,,,osm,39.4662057,-0.3481739,2026-05-18
Hillary,Madrid,Madrid,,,,,osm,40.438221,-3.7101148,2026-05-18
Man Du,Madrid,Madrid,,,,,osm,40.438407,-3.7101023,2026-05-18
mediterrànium,La Selva del Camp,Catalunya,,,,,osm,41.2139521,1.1367674,2026-05-18
Onaona,La Selva del Camp,Catalunya,,,,,osm,41.2149197,1.1381326,2026-05-18
Mima’t,la Selva del Camp,Catalunya,,,,,osm,41.2146364,1.1385165,2026-05-18
Diego Bachiller,Rivas-Vaciamadrid,Madrid,,,,,osm,40.3430814,-3.5199206,2026-05-18
Korta-T,Errenteria,Euskadi,,,,,osm,43.307226,-1.889511,2026-05-18
La perruqueria del carrer estret,Palafrugell,Catalunya,,,,,osm,41.9181421,3.1626621,2026-05-18
Barberia Cavallers,Palafrugell,Catalunya,,,,,osm,41.9175789,3.1632046,2026-05-18
Ana Rajo,Santiago de Compostela,Galicia,,,,,osm,42.8765266,-8.5415134,2026-05-18
The MJ Barber Shop,Madrid,Madrid,,,,,osm,40.4092877,-3.7112461,2026-05-18
JM,Llucmajor,Illes Balears,,,,,osm,39.4492444,2.7538188,2026-05-18
Chuchi,Arévalo,Castilla y León,,,,,osm,41.0583013,-4.7198618,2026-05-18
Nuevaimagen,Arévalo,Castilla y León,,,,,osm,41.0593203,-4.7185106,2026-05-18
Luna,Arévalo,Castilla y León,+34920302468,,,,osm,41.059299,-4.7182953,2026-05-18
Miralls,Tarragona,Catalunya,,,,,osm,41.115003,1.2443088,2026-05-18
bel Perruquers,Tarragona,Catalunya,,,,,osm,41.1151698,1.2434532,2026-05-18
Lua,Tarragona,Catalunya,,,,,osm,41.1152784,1.2437117,2026-05-18
Shasha Perruqueria,Tarragona,Catalunya,,,,,osm,41.1148221,1.2462574,2026-05-18
Doble B,Allariz,Galicia,+34645139969,,,,osm,42.1903179,-7.7990493,2026-05-18
J.M. Barber,Málaga,Andalucía,,,,,osm,36.7326729,-4.4151628,2026-05-18
Sandra Quesada,Málaga,Andalucía,,,,,osm,36.7326449,-4.4152943,2026-05-18
Peluquería Low Cost,San Roque,Andalucía,,,,,osm,36.2080663,-5.3859886,2026-05-18
Chamer,Madrid,Madrid,,,,,osm,40.468962,-3.6874841,2026-05-18
Raffel Pagès Perruqueria,Olot,Catalunya,,,,,osm,42.1806893,2.4883925,2026-05-18
Barber Shop Atunara,La Línea de la Concepción,Andalucía,,,,,osm,36.1788684,-5.3374814,2026-05-18
Lavinia Peluqueros,Madrid,Madrid,,,,,osm,40.4056895,-3.7536132,2026-05-18
Montse Aribau,Centelles,Catalunya,,,,,osm,41.8004455,2.2187842,2026-05-18
TEVA,Barcelona,Barcelona,+34934350915,,,,osm,41.4173869,2.1707675,2026-05-18
Peluquería Mehdi,Málaga,Andalucía,,,,,osm,36.7299333,-4.4154808,2026-05-18
Barber Shop Higham,Málaga,Andalucía,,,,,osm,36.7305718,-4.4160356,2026-05-18
Peluquería Conchi Garcia,Málaga,Andalucía,,,,,osm,36.730995,-4.4153002,2026-05-18
Loli Mar,Málaga,Andalucía,,,,,osm,36.7257849,-4.4157857,2026-05-18
Peluquería Rosa Gálvez,Málaga,Andalucía,,,,,osm,36.7296773,-4.4159663,2026-05-18
El Barrio,Málaga,Andalucía,,,,,osm,36.7295872,-4.4161688,2026-05-18
Lidia Muñoz Estilistas,Málaga,Andalucía,,,,,osm,36.7299176,-4.4163674,2026-05-18
Peluquería Hermanos Llamas,Málaga,Andalucía,,,,,osm,36.7302931,-4.4163797,2026-05-18
Peluquería Juan Francisco,Almería,Andalucía,,,,,osm,36.8462048,-2.4419789,2026-05-18
Rocío Fernández,Madrid,Madrid,,,,,osm,40.4381661,-3.7084652,2026-05-18
ESSENS Men's Hair Studio,València,Comunitat Valenciana,,,,,osm,39.4635214,-0.3652059,2026-05-18
MERAKI,Donostia / San Sebastián,Euskadi,+34943118790,,,,osm,43.2718805,-1.9759683,2026-05-18
Woman Style,Garrucha,Andalucía,,,,,osm,37.1822961,-1.8210734,2026-05-18
Mònica Perruqueria Unisex,Valls,Catalunya,,,,,osm,41.2884548,1.2547075,2026-05-18
Jose Domingo,Garrucha,Andalucía,+34670605174,,,,osm,37.1814375,-1.821798,2026-05-18
Mourad,Garrucha,Andalucía,,,,,osm,37.1823977,-1.8214812,2026-05-18
Alta Peluquería,Madrid,Madrid,,,,,osm,40.4370454,-3.7143331,2026-05-18
JST Barber Shop,València,Comunitat Valenciana,,,,,osm,39.4625353,-0.3648302,2026-05-18
Gianna Hernandez Hair Studio,València,Comunitat Valenciana,,,,,osm,39.4635992,-0.3655116,2026-05-18
Yasmin Lasso,Sarria,Galicia,,,,,osm,42.7813139,-7.4145715,2026-05-18
Carlos Roca,A Coruña,Galicia,+34981923875,,,,osm,43.3497926,-8.403297,2026-05-18
La pelu de Aroa,Huesca/Uesca,Aragón,,,,,osm,42.1319862,-0.4044347,2026-05-18
Jesen Moisés Academia de Peluquería,Madrid,Madrid,,,,,osm,40.436134,-3.6430464,2026-05-18
Laarbys Barbershop,Majadahonda,Madrid,+34633166033,hola@laarbysbarbershop.es,,https://laarbysbarberia.es/,osm,40.4718904,-3.8722403,2026-05-18
La Victoria,Cádiz,Cádiz,+34856587258,,,,osm,36.5068781,-6.2766832,2026-05-18
2D,Eibar,Euskadi,,,,,osm,43.1854783,-2.4713354,2026-05-18
J&J Estilistas,Granada,Andalucía,,,,,osm,37.1926177,-3.6289518,2026-05-18
Iván Y Eva,Benidorm,Comunitat Valenciana,,,,,osm,38.5376091,-0.1366896,2026-05-18
Salón de Peluquería Fany's,Granada,Andalucía,,,,,osm,37.1822014,-3.6147566,2026-05-18
Atasi & Martín,Granada,Andalucía,,,,,osm,37.1820544,-3.6148342,2026-05-18
Meilidu,Benidorm,Comunitat Valenciana,,,,,osm,38.5403044,-0.135216,2026-05-18
Gaudí 2,Barcelona,Catalunya,,,,,osm,41.4068121,2.1712255,2026-05-18
Tigre,Donostia / San Sebastián,Euskadi,,,,,osm,43.3057713,-1.9763388,2026-05-18
Nur Luciano,Donostia / San Sebastián,Euskadi,,,,,osm,43.3057067,-1.976165,2026-05-18
TGN,Tarragona,Catalunya,,,,,osm,41.1163211,1.2475716,2026-05-18
Luis Martínez,Tarragona,Catalunya,,,,,osm,41.1160929,1.2476789,2026-05-18
Saló espallargas,Tarragona,Catalunya,,,,,osm,41.1156302,1.2487067,2026-05-18
True Color Hair,Tarragona,Catalunya,,,,,osm,41.1157799,1.2483881,2026-05-18
Perruqueria Muga,Tarragona,Catalunya,,,,,osm,41.1155261,1.2479372,2026-05-18
The Small Barber,Majadahonda,Madrid,+34635849895,hola@laarbysbarbershop.es,@accounts,,osm,40.4721269,-3.8729339,2026-05-18
Abdel,Zarautz,Euskadi,,,,,osm,43.2852417,-2.1767231,2026-05-18
Maria Dolores,sa Pobla,Illes Balears,,,,,osm,39.767219,3.0229669,2026-05-18
Barbería Zona 1,Oviedo,Asturias / Asturies,,,,,osm,43.3650615,-5.8533487,2026-05-18
Perruqueria Espiral,Valls,Catalunya,+34977606992,,,,osm,41.2892074,1.2534342,2026-05-18
Las Marías,Madrid,Madrid,,,,,osm,40.4359504,-3.6425853,2026-05-18
Terán,Oviedo,Asturias / Asturies,,,,,osm,43.3843268,-5.8147572,2026-05-18
Las Xanas,Oviedo,Asturias / Asturies,,,,,osm,43.3846755,-5.8141881,2026-05-18
Estilo Radikal,Madrid,Madrid,,,,,osm,40.3679191,-3.7580796,2026-05-18
Amparo Soriano,València,Comunitat Valenciana,+34963658484,,,,osm,39.4899234,-0.3753717,2026-05-18
Barba Man /Super Woman,València,Comunitat Valenciana,+34960152437,,https://www.instagram.com/@_barbaman,https://www.barbaman.es,osm,39.4848828,-0.36309,2026-05-18
Addict hair,Madrid,Madrid,,,,,osm,40.406848,-3.6936739,2026-05-18
Sergi Pàmies,Centelles,Catalunya,,,,,osm,41.7947691,2.2207025,2026-05-18
Time Salon,Barcelona,Catalunya,,,,,osm,41.3998845,2.171453,2026-05-18
Barber king,Terrassa,Barcelona,,,,,osm,41.5701445,2.0030881,2026-05-18
J. Perez,Castelldefels,Catalunya,,,,,osm,41.2796678,1.9780522,2026-05-18
ABANS i DESPRÉS,Barcelona,Catalunya,,,,,osm,41.3759923,2.1042445,2026-05-18
Manuela Rodríguez,Benidorm,Comunitat Valenciana,,,,,osm,38.5420289,-0.1338,2026-05-18
Más que Bellas,Majadahonda,Madrid,+34916385145,,,https://www.masquebellas.es/,osm,40.4724978,-3.8727747,2026-05-18
Mari Rodríguez,Barcelona,Catalunya,,,,,osm,41.3988712,2.1741114,2026-05-18
Maestros,Benidorm,Comunitat Valenciana,,,,,osm,38.5418946,-0.1333427,2026-05-18
Ada Extensiones,Benidorm,Comunitat Valenciana,,,,,osm,38.5419973,-0.1332609,2026-05-18
Samuel's,Benidorm,Comunitat Valenciana,,,,,osm,38.5421909,-0.1331093,2026-05-18
Arce,Benidorm,Comunitat Valenciana,,,,,osm,38.5427357,-0.1331887,2026-05-18
Dolche,Sarria,Galicia,,,,,osm,42.7793859,-7.4120299,2026-05-18
Cortex,Sarria,Galicia,,,,,osm,42.7794545,-7.4117881,2026-05-18
Talles Brasil,Tarragona,Catalunya,,,,,osm,41.1141937,1.2486243,2026-05-18
Farok,Pamplona / Iruña,Navarra,,,,,osm,42.8283134,-1.6476303,2026-05-18
Peluquería dominicana unisex,Pamplona / Iruña,Navarra,,,,,osm,42.8271451,-1.6162729,2026-05-18
Nour,Pamplona / Iruña,Navarra,,,,,osm,42.8311993,-1.635064,2026-05-18
Peluquería Tress,Pamplona / Iruña,Navarra,,,,,osm,42.808984,-1.6579971,2026-05-18
Oh! My hair,Almería,Andalucía,,,,,osm,36.8387107,-2.4639397,2026-05-18
La Boutique del cabello,San Martín de Valdeiglesias,Madrid,,,,,osm,40.3590875,-4.410197,2026-05-18
Natalio,Torrevieja,Comunitat Valenciana,,,,,osm,38.0109729,-0.6828556,2026-05-18
Ferry,Allariz,Galicia,,,,,osm,42.1882606,-7.8029598,2026-05-18
Rebeka Perruqueria,Valls,Catalunya,+34977174618,,rebekaperruqueria,,osm,41.2883807,1.2560852,2026-05-18
Elite Perruquers,Valls,Catalunya,+34977073636,,,,osm,41.2849,1.2492355,2026-05-18
Hussain Peluqueria,Valls,Catalunya,,,,,osm,41.2843867,1.2484981,2026-05-18
K-ANUKA Valls,Valls,Catalunya,,,,https://www.k-anuka.com/,osm,41.2874546,1.2518661,2026-05-18
Flow Barber,Valls,Catalunya,,,,,osm,41.2871151,1.2537371,2026-05-18
The Brother,Puerto de la Cruz,Canarias,,,,,osm,28.4174477,-16.5436143,2026-05-18
l'Autor,Barcelona,Catalunya,,,,,osm,41.4039759,2.1597462,2026-05-18
Carlos Belón,Sarria,Galicia,,,,,osm,42.7775378,-7.4088796,2026-05-18
Amia,Burgos,Castilla y León,,,,,osm,42.3382363,-3.6965108,2026-05-18
Goretti,Burgos,Castilla y León,+34947268301,,,,osm,42.3381828,-3.6965212,2026-05-18
E Gallego,San Javier,Murcia,,,,,osm,37.7959182,-0.8045685,2026-05-18
Mercedes Gracia,Zaragoza,Aragón,,,,,osm,41.6363612,-0.9051356,2026-05-18
Tavoló,Barcelona,Catalunya,,,,,osm,41.4056949,2.1487266,2026-05-18
Look Xilaut,Tornabous,Catalunya,,,,,osm,41.6980858,1.0532167,2026-05-18
Djota,Puerto de la Cruz,Canarias,,,,,osm,28.4158492,-16.5524277,2026-05-18
Amaroz,Puerto de la Cruz,Canarias,,,,,osm,28.4145358,-16.5516788,2026-05-18
Andrea Manostineras,Puerto de la Cruz,Canarias,+34642110456,,,,osm,28.4150772,-16.551776,2026-05-18
Barbería Top Level,Madrid,Madrid,,,,,osm,40.3789901,-3.7797612,2026-05-18
Peluquería 113,Morón de la Frontera,Andalucía,,,,,osm,37.1231378,-5.456294,2026-05-18
mimas,Tarragona,Catalunya,,,,,osm,41.1151694,1.2478954,2026-05-18
Ikaro barber P29,Galapagar,Madrid,,,,,osm,40.6267261,-4.01936,2026-05-18
marta.arribas,Vic,Catalunya,,,,,osm,41.8509262,2.228172,2026-05-18
Jesp,Madrid,Madrid,,,,,osm,40.3859962,-3.7408512,2026-05-18
Entretres,Bilbao,Euskadi,,,,,osm,43.2572412,-2.9423866,2026-05-18
ZWIIZO,Deltebre,Catalunya,,,,,osm,40.7196914,0.7252614,2026-05-18
Meraki Beauty Salon,Elx / Elche,Comunitat Valenciana,,,,,osm,38.276993,-0.6794797,2026-05-18
Marcos Gutiérrez Barber shop,Lugo,Galicia,+34982803060,,,,osm,42.9984625,-7.548398,2026-05-18
Sanjurjo Peluqueros,Lugo,Galicia,+34638295214,,,,osm,43.0124066,-7.5599647,2026-05-18
Ana García Hairdresser,Maó,Illes Balears,+34871534927,,,,osm,39.8827964,4.269063,2026-05-18
Cousins,San Javier,Murcia,,,,,osm,37.83249,-0.7895954,2026-05-18
Bella Luz,San Javier,Murcia,,,,,osm,37.8282016,-0.7873666,2026-05-18
Estudio Rapunzel Madrid,Madrid,Madrid,,,,,osm,40.3860826,-3.7404976,2026-05-18
Martín Dash,Madrid,Madrid,,,,,osm,40.3872862,-3.7386261,2026-05-18
Salón 72,Puerto de la Cruz,Canarias,,,,,osm,28.4175374,-16.5544857,2026-05-18
Peluquería Estilo 21,Soria,Castilla y León,,,,,osm,41.7594826,-2.4796799,2026-05-18
Amaya,Plentzia,Euskadi,,,,,osm,43.3525864,-2.9089897,2026-05-18
NELO PELUQUEROS,Paiporta,Comunitat Valenciana,,,,,osm,39.4224042,-0.3894955,2026-05-18
Peluca'R,Puerto de la Cruz,Canarias,,,,,osm,28.4163132,-16.5528874,2026-05-18
Barber Yango,Jerez de la Frontera,Cádiz,,,,https://www.barberyango.es,osm,36.6816143,-6.1166318,2026-05-18
Paola barber studio,Zaragoza,Aragón,,,,,osm,41.6485719,-0.8857382,2026-05-18
inuñez,Zaragoza,Aragón,,,,,osm,41.6494086,-0.885152,2026-05-18
Pepa Nalda,Valladolid,Castilla y León,,,,,osm,41.6587107,-4.7368485,2026-05-18
The Barber Angel,Salamanca,Castilla y León,,,,,osm,40.9684663,-5.647827,2026-05-18
Amb Stil,Paiporta,Comunitat Valenciana,,,,,osm,39.4192009,-0.3915203,2026-05-18
Chicos,Paiporta,Comunitat Valenciana,,,,,osm,39.4226953,-0.3901137,2026-05-18
Toñi Estilistas,Paiporta,Comunitat Valenciana,,,,,osm,39.4187445,-0.3892705,2026-05-18
Flow 27 Barber Shop,Madrid,Madrid,,,,,osm,40.3849568,-3.7386982,2026-05-18
Javier A.,Málaga,Andalucía,,,,,osm,36.7290202,-4.4144155,2026-05-18
MyD Asesores de Imagen,Ferrol,Galicia,,,,,osm,43.4877912,-8.2181267,2026-05-18
Só As Puntas,Pedrafita do Cebreiro,Galicia,,,,,osm,42.7276308,-7.0209623,2026-05-18
Saló Perruquers,Tarragona,Catalunya,,,,,osm,41.1146552,1.2477674,2026-05-18
Trasquilón,Tarragona,Catalunya,,,,,osm,41.1147965,1.249181,2026-05-18
Corto & Cambio,A Picota,Galicia,,,,,osm,42.9373051,-8.9909433,2026-05-18
Said Perruquers,Sant Andreu de la Barca,Catalunya,+34931524544,,barbershop.said.vip,,osm,41.4480039,1.9742746,2026-05-18
Camilo,Donostia / San Sebastián,Euskadi,,,,,osm,43.3203939,-1.9534042,2026-05-18
Barber Shop Tarraco,Tarragona,Catalunya,,,,,osm,41.1178637,1.2514548,2026-05-18
Peloqueria Europa,Reus,Catalunya,,,,,osm,41.0776838,1.1441315,2026-05-18
Peluqueria Fefi,Cantoria,Andalucía,,,,,osm,37.3522742,-2.1917151,2026-05-18
Nathalie,Burgos,Castilla y León,+34947200361,,,,osm,42.3427484,-3.693197,2026-05-18
Hairstudio97 Bolivar,Madrid,Madrid,+34915282105,,,http://www.hairstudio97.es/,osm,40.3922582,-3.6914176,2026-05-18
GZ Peluqueros,Madrid,Madrid,+34911470907,,,https://www.gzpeluqueros.com/,osm,40.3935014,-3.6908084,2026-05-18
Blanca Rosales,Trespaderne,Castilla y León,,,,,osm,42.8032076,-3.3901338,2026-05-18
Nisbel,Reus,Catalunya,,,,,osm,41.1571208,1.1043937,2026-05-18
Essència,Reus,Catalunya,,,,,osm,41.1567123,1.1044271,2026-05-18
Cleo,Reus,Catalunya,,,,,osm,41.1563978,1.1045093,2026-05-18
El tren de la Julieta,Reus,Catalunya,,,,,osm,41.1569005,1.1052093,2026-05-18
dos per tu,Reus,Catalunya,,,,,osm,41.156634,1.1052905,2026-05-18
Bé Estilista,Reus,Catalunya,,,,,osm,41.1569678,1.10477,2026-05-18
Cubic estilistes,Reus,Catalunya,,,,,osm,41.1569254,1.1048949,2026-05-18
Trasquilón,Reus,Catalunya,,,,,osm,41.1572171,1.1046948,2026-05-18
Vico Grup,Reus,Catalunya,,,,,osm,41.1569735,1.10488,2026-05-18
Louis 2.0,Reus,Catalunya,,,,,osm,41.1564442,1.1049284,2026-05-18
El Meu Secret,Reus,Catalunya,,,,,osm,41.1570453,1.1047466,2026-05-18
Scandal,Reus,Catalunya,,,,,osm,41.1563293,1.1049662,2026-05-18
Estética Casals,Reus,Catalunya,,,,,osm,41.1609208,1.1140096,2026-05-18
Marta Beauty,Reus,Catalunya,,,,,osm,41.1610298,1.1138595,2026-05-18
Enredados,Reus,Catalunya,,,,,osm,41.1604315,1.1140765,2026-05-18
LJ Peluquería,Zaragoza,Aragón,+34667207695,,https://www.instagram.com/@ljpeluquerianails,,osm,41.66671,-0.8300691,2026-05-18
Escuela Superior Valenciana de Imagen y Moda (ESVIM),Castellón de la Plana,Comunitat Valenciana,,,,https://esvim.es/,osm,39.9887704,-0.0336977,2026-05-18
Barbershop el Deseo,Galapagar,Madrid,,,,,osm,40.5600015,-4.0160013,2026-05-18
Lareis,Sarria,Galicia,,,,,osm,42.7758436,-7.40673,2026-05-18
Studio 11,Bilbao,Euskadi,,,,,osm,43.2570132,-2.9427926,2026-05-18
Orellanas Beauty,Málaga,Andalucía,,,,,osm,36.7317899,-4.4167875,2026-05-18
Urban Color Peluquería,Olula del Río,Andalucía,,,,,osm,37.3520666,-2.2972147,2026-05-18
Peluquería Coco,Olula del Río,Andalucía,,,,,osm,37.3532022,-2.2970411,2026-05-18
Peluquería y Estética MIMA-T,Olula del Río,Andalucía,,,,,osm,37.3535089,-2.2969955,2026-05-18
Daniel Luque,Málaga,Andalucía,,,,,osm,36.7337065,-4.4154891,2026-05-18
Barbería 013,Málaga,Andalucía,,,,,osm,36.7321949,-4.4177242,2026-05-18
Peluqueria Amalia,Santa Eulalia,Aragón,,,,,osm,40.5662795,-1.3133211,2026-05-18
Peluquería y Belleza Manoli,Albox,Andalucía,,,,,osm,37.3893503,-2.1465485,2026-05-18
Trends Cut,Granollers,Catalunya,,,,,osm,41.6086502,2.2871492,2026-05-18
Decine,Bilbao,Euskadi,,,,,osm,43.2583004,-2.9388783,2026-05-18
Daytom,Madrid,Madrid,,,,,osm,40.4434118,-3.6449459,2026-05-18
Agathe,Albox,Andalucía,,,,,osm,37.3834311,-2.1405825,2026-05-18
Salón de belleza Oasis,Paiporta,Comunitat Valenciana,,,,,osm,39.4219267,-0.3919909,2026-05-18
AC Barbería,Cantoria,Andalucía,,,,,osm,37.3488944,-2.137984,2026-05-18
Barbería Dean,Albox,Andalucía,,,,,osm,37.3888317,-2.1458233,2026-05-18
Peluquería Marina,Albox,Andalucía,,,,,osm,37.3880536,-2.1465357,2026-05-18
Peluquería Cristy,Albox,Andalucía,,,,,osm,37.387351,-2.1454818,2026-05-18
Barbería la Nasa,Albox,Andalucía,,,,,osm,37.3878754,-2.1455991,2026-05-18
Mar Imágen,Olula del Río,Andalucía,,,,,osm,37.3534816,-2.2954719,2026-05-18
Peluqueria Wessel,Finestrat,Comunitat Valenciana,,,,,osm,38.5361911,-0.1761684,2026-05-18
Peluquería Sylkie,Madrid,Madrid,,,,,osm,40.4651449,-3.7203566,2026-05-18
Fernández,Barcelona,Catalunya,,,,,osm,41.3618486,2.0822411,2026-05-18
La Tijera de Oro,Arroyo de la Miel-Benalmádena Costa,Andalucía,,,,,osm,36.5982779,-4.5176657,2026-05-18
Adam's Barbershop,Arroyo de la Miel-Benalmádena Costa,Andalucía,,,,,osm,36.5982514,-4.5176843,2026-05-18
Yoly's,Madrid,Madrid,,,,,osm,40.4516745,-3.7028239,2026-05-18
Medano Barbershop,Granadilla de Abona,Canarias,,,,,osm,28.044956,-16.5377001,2026-05-18
Barber Star,Málaga,Andalucía,,,,,osm,36.7246469,-4.4174813,2026-05-18
Mounir,Málaga,Andalucía,,,,,osm,36.7256715,-4.4184117,2026-05-18
Barber Benalmádena,Arroyo de la Miel-Benalmádena Costa,Andalucía,,,,,osm,36.593832,-4.5343195,2026-05-18
Fantasía,Salamanca,Castilla y León,,,,,osm,40.9730481,-5.6566181,2026-05-18
Esenzia,Madrid,Madrid,,,,,osm,40.4217884,-3.6744782,2026-05-18
G&H estilistes,Lleida,Catalunya,,,,,osm,41.6091475,0.6329771,2026-05-18
Perruqueria Beatriu,Lleida,Catalunya,,,,,osm,41.6090033,0.6331974,2026-05-18
Mirari Estilistas,Urduliz,Euskadi,+34688629521,,,,osm,43.3772142,-2.9599464,2026-05-18
Peluquería de Caballeros Suárez,Madrid,Madrid,,,,,osm,40.3794456,-3.7726397,2026-05-18
Estilista Sneyi,Madrid,Madrid,,,,,osm,40.4539149,-3.6989852,2026-05-18
Parra,Madrid,Madrid,,,,,osm,40.4511339,-3.6978703,2026-05-18
Peluquería Ma2,Gualchos,Andalucía,,,,,osm,36.7229789,-3.3574906,2026-05-18
Bellver 14,Castelló de la Plana,Comunitat Valenciana,,,,,osm,39.9844668,-0.0338639,2026-05-18
Manuel Gutierrez,San Fernando,Andalucía,,,,,osm,36.4672502,-6.2001322,2026-05-18
Melero,San Fernando,Andalucía,,,,,osm,36.4699579,-6.1974816,2026-05-18
Ainhoa ileapaindegia,Soraluze - Placencia de Las Armas,Euskadi,+34943752028,,,,osm,43.1733812,-2.4126645,2026-05-18
Barbershop Caballero,Murcia,Murcia,+34612461737,,,,osm,37.9940148,-1.1268966,2026-05-18
Luis New Style,Murcia,Murcia,+34634306003,,,,osm,37.9942398,-1.1269771,2026-05-18
Germán Rumbo,Murcia,Murcia,,,,,osm,37.9940599,-1.1273277,2026-05-18
Stravaganza Perruquers,Valls,Catalunya,,,,,osm,41.2886943,1.2534697,2026-05-18
Tocs Perruquers,Valls,Catalunya,,,,,osm,41.282265,1.246291,2026-05-18
Barberia Mani,Valls,Catalunya,,,,,osm,41.2823845,1.2462573,2026-05-18
Perruqueria & Estètica El Vent,Valls,Catalunya,+34977612238,,,,osm,41.2914768,1.2509506,2026-05-18
Perruqueria i Estilistes Tina,Valls,Catalunya,+34977602140,perruqueria.tina@gmail.com,,http://www.perruqueriatina.com,osm,41.2884979,1.2541027,2026-05-18
No Et Tallis Perruquers,Valls,Catalunya,,,,,osm,41.2866863,1.2512339,2026-05-18
Mar Bonet Perruquers,Valls,Catalunya,,,,,osm,41.2869361,1.2489329,2026-05-18
Perruqueria Unisex Kodiak,Valls,Catalunya,,,,,osm,41.2879756,1.2495713,2026-05-18
Anna Perruqueria,Valls,Catalunya,,,,,osm,41.2862679,1.2526734,2026-05-18
Perruqueria Unisex Esther Subirà,Valls,Catalunya,+34877077669,,,,osm,41.287096,1.252586,2026-05-18
Peluqueria unisex Cukito Barbershop,Valls,Catalunya,,,,,osm,41.2880482,1.2524252,2026-05-18
Barbería Youssef,Valls,Catalunya,,,,,osm,41.2876154,1.2522679,2026-05-18
Sonia Buisán Perruqueria,Valls,Catalunya,,,,,osm,41.2875574,1.2521987,2026-05-18
Peluquería Haron,Valls,Catalunya,+34602351819,,abu__haron_,,osm,41.2878826,1.2518149,2026-05-18
BarberShop Caputxins,Valls,Catalunya,+34604283273,,,,osm,41.2877117,1.2517599,2026-05-18
Perruqueria Familiar,Valls,Catalunya,,,,,osm,41.2875295,1.2541943,2026-05-18
Cukito Barbershop,Valls,Catalunya,,,,,osm,41.2875176,1.2506504,2026-05-18
Barbershop 7.23,Murcia,Murcia,,,,,osm,37.9946876,-1.1276168,2026-05-18
Moly Beauty,San Fernando,Andalucía,,,,,osm,36.4673357,-6.1980647,2026-05-18
Hair Concept Peluquería,San Fernando,Andalucía,,,,,osm,36.4645044,-6.1994004,2026-05-18
Hair Studio Élite,Madrid,Madrid,,,,,osm,40.3975307,-3.5534654,2026-05-18
Mayte Pedrosa,Murcia,Murcia,,,,,osm,37.989189,-1.1273235,2026-05-18
Beni Ros Peluqueros,Santa Cruz de Tenerife,Canarias,,,,,osm,28.4661118,-16.251366,2026-05-18
Estilismo Zen,Santiago de Compostela,Galicia,,,,https://www.zenestilismo.com/,osm,42.8757606,-8.5493152,2026-05-18
Classic Barber Shop,Santiago de Compostela,Galicia,,,,,osm,42.8757291,-8.5493856,2026-05-18
Xara,San Fernando,Andalucía,,,,,osm,36.4637721,-6.2003972,2026-05-18
Tony Pérez,San Fernando,Andalucía,,,,,osm,36.4633982,-6.200735,2026-05-18
Urban Barber's,San Fernando,Andalucía,,,,,osm,36.4716531,-6.1949604,2026-05-18
Lorenzo Carrera,Madrid,Madrid,,,,,osm,40.3762994,-3.7683528,2026-05-18
Toni Camacho,Madrid,Madrid,,,,,osm,40.4398742,-3.7083269,2026-05-18
Luilly,Santiago de Compostela,Galicia,,,,,osm,42.8609784,-8.6481651,2026-05-18
King Barber,San Fernando,Andalucía,,,,,osm,36.4652512,-6.1924143,2026-05-18
Centro Feguer Peluquería Masajes,Burguillos,Andalucía,+34609832659,,,,osm,37.5863713,-5.9694177,2026-05-18
Peluquería M Carmen Guerra,Burguillos,Andalucía,,,,,osm,37.58518,-5.9683802,2026-05-18
Barberia José Caro,Almogía,Andalucía,,,,,osm,36.8258013,-4.5392209,2026-05-18
Barbería 99,Almogía,Andalucía,,,,,osm,36.8272606,-4.5402295,2026-05-18
Urban Vip,San Roque,Andalucía,,,,,osm,36.3001996,-5.302587,2026-05-18
XTuPelo!,Castelló de la Plana,Comunitat Valenciana,,,,,osm,39.9855419,-0.0248554,2026-05-18
Sedes peluqueros,Castelló de la Plana,Comunitat Valenciana,,,,,osm,39.9860261,-0.0263872,2026-05-18
Castón Peluqueros,Castelló de la Plana,Comunitat Valenciana,,,,,osm,39.9846784,-0.02843,2026-05-18
Five Studio,Albox,Andalucía,,,,,osm,37.3885844,-2.143835,2026-05-18
Barber & Nails,Benidorm,Comunitat Valenciana,,,,,osm,38.5379068,-0.1341989,2026-05-18
Premium Barbershop,Tarifa,Andalucía,,,,,osm,36.0187657,-5.6086599,2026-05-18
Peluquerias Low Cost Express,Tarifa,Andalucía,,,,https://peluqueriaslowcost.com/,osm,36.0189799,-5.6088328,2026-05-18
Lucía Esparza,Pamplona / Iruña,Navarra,,,,,osm,42.8145764,-1.63857,2026-05-18
Lorena Estilistas,Castelló de la Plana,Comunitat Valenciana,,,,,osm,39.9864902,-0.0319781,2026-05-18
Salón Jaime Llorca,Castelló de la Plana,Comunitat Valenciana,,,,,osm,39.9858276,-0.0327387,2026-05-18
Peluquería Marta Edo Estilista,Castelló de la Plana,Comunitat Valenciana,,,,,osm,39.9863896,-0.0329356,2026-05-18
Lidia García Peluquería,Castelló de la Plana,Comunitat Valenciana,+34626897125,,,,osm,39.985745,-0.0333468,2026-05-18
Andrés Profesional,Castelló de la Plana,Comunitat Valenciana,,,,https://www.andresprofesional.es/,osm,39.9861951,-0.0340886,2026-05-18
Billa Barber Shop Peluquería Masculina,Barcelona,Catalunya,,,,,osm,41.4138596,2.1931402,2026-05-18
Nando perruquer,Badalona,Barcelona,+34934642437,,,,osm,41.4513545,2.2531952,2026-05-18
Llorens Perruquers,Castelló de la Plana,Comunitat Valenciana,,,,,osm,39.9894562,-0.032046,2026-05-18
Escuela Superior Valenciana de Imagen y Moda (ESVIM),Castelló de la Plana,Comunitat Valenciana,,,,,osm,39.9890419,-0.03183,2026-05-18
Cabañero Peluqueros,Castelló de la Plana,Comunitat Valenciana,,,,https://xn--cabaeropeluqueros-ixb.es/,osm,39.9891439,-0.0321307,2026-05-18
Acadèmia Casanova,Reus,Catalunya,,,,,osm,41.1611356,1.1104071,2026-05-18
Regina Chelso,Murcia,Murcia,,,,,osm,37.9887561,-1.1271385,2026-05-18
Elena Garvali,Murcia,Murcia,,,,,osm,37.989149,-1.1276035,2026-05-18
M & Í,Murcia,Murcia,,,,,osm,37.9884047,-1.1277985,2026-05-18
Dominguez Peluqueros,Villaverde del Río,Andalucía,,,,,osm,37.5881604,-5.8732987,2026-05-18
Alfonso,Antequera,Andalucía,,,,,osm,37.0212339,-4.5639431,2026-05-18
High Barber Shop,Madrid,Madrid,,,,,osm,40.4858186,-3.6153038,2026-05-18
Peluqueria M. Jesús Serrano,Tomelloso,Castilla-La Mancha,,,,,osm,39.1513251,-3.0251955,2026-05-18
Real Barber Shop,l'Alfàs del Pi,Comunitat Valenciana,,,,,osm,38.5950281,-0.052859,2026-05-18
Perruquería Ester,Tortosa,Catalunya,+34662532668,,,,osm,40.8081065,0.5231477,2026-05-18
Alba Millán,Tarragona,Catalunya,,,,,osm,41.1222424,1.2491489,2026-05-18
Blue Velvet,Tarragona,Catalunya,,,,,osm,41.1202458,1.2460615,2026-05-18
Peluquería Moratalaz,Madrid,Madrid,,,,,osm,40.4104022,-3.646099,2026-05-18
Peluquería Unisex Jasmin,Castellón de la Plana,Comunitat Valenciana,,,,,osm,39.9885934,-0.0326209,2026-05-18
Barbershop JV,Murcia,Murcia,,,,,osm,37.9917029,-1.1342104,2026-05-18
Perruqueria Sheyla,Valls,Catalunya,,,,,osm,41.2961714,1.2572175,2026-05-18
Beautherapy by Angels,Castelló de la Plana,Comunitat Valenciana,+34637193174,,,,osm,39.9838255,-0.0313915,2026-05-18
María José Peña,Castelló de la Plana,Comunitat Valenciana,,,,,osm,39.9831007,-0.030576,2026-05-18
Alex Barber,San Fernando,Andalucía,,,,,osm,36.4776331,-6.1948599,2026-05-18
Rocky Belda,Murcia,Murcia,,,,,osm,37.9899308,-1.1344274,2026-05-18
M.Carmen Baltanás Peluqueria,Castelló de la Plana,Comunitat Valenciana,,,,,osm,39.9851532,-0.0348439,2026-05-18
Las Vegas,Castelló de la Plana,Comunitat Valenciana,,,,,osm,39.9849589,-0.0335075,2026-05-18
Blue Rose Barbershop,Castelló de la Plana,Comunitat Valenciana,+34614349674,,,,osm,39.9846289,-0.0329641,2026-05-18
Gemelos Pelomoda,Castelló de la Plana,Comunitat Valenciana,,,,,osm,39.9816912,-0.0285774,2026-05-18
La peluquería de Jose,Murcia,Murcia,,,,,osm,37.9928658,-1.1216277,2026-05-18
Lizano,Cádiz,Andalucía,,,,,osm,36.5094397,-6.2805646,2026-05-18
Álvaro Guirao Barbero Studio,Murcia,Murcia,+34868636126,,,,osm,37.9939638,-1.1228903,2026-05-18
Peluqueros Francisco Gallego,Murcia,Murcia,,,,,osm,37.9935091,-1.122391,2026-05-18
Trini López,Murcia,Murcia,,,,,osm,37.9923029,-1.1224882,2026-05-18
Máximo Peluquero,Castelló de la Plana,Comunitat Valenciana,+34964227407,,,,osm,39.9821579,-0.0338894,2026-05-18
Peluquería Pilar Sales,Castelló de la Plana,Comunitat Valenciana,+34964228542,,,,osm,39.9820964,-0.0323616,2026-05-18
Peluquería CASTRO & MARIANA,Castelló de la Plana,Comunitat Valenciana,,,,https://peluquera-castro-y-mariana.square.site/,osm,39.9816672,-0.0298521,2026-05-18
Natividad García,Murcia,Murcia,,,,,osm,37.9854042,-1.1300984,2026-05-18
Miriam Rumí,Murcia,Murcia,,,,,osm,37.9875002,-1.1284899,2026-05-18
Salonissimo,Murcia,Murcia,,,,,osm,37.9844536,-1.1301827,2026-05-18
Lanugo,Murcia,Murcia,,,,,osm,37.9899196,-1.1283929,2026-05-18
G 19,Murcia,Murcia,,,,,osm,37.9954608,-1.1303988,2026-05-18
Ana Vidal,Murcia,Murcia,,,,,osm,37.9951736,-1.1310576,2026-05-18
La peluquería de Antonio,Murcia,Murcia,,,,,osm,37.9950398,-1.1307024,2026-05-18
Peluquería Andalucía,San Martín del Tesorillo,Andalucía,,,,,osm,36.3419167,-5.3201971,2026-05-18
La Barbería de Alberto,San Martín del Tesorillo,Andalucía,,,,,osm,36.3412945,-5.3197508,2026-05-18
Splendida,Tarifa,Andalucía,,,,,osm,36.0156328,-5.606236,2026-05-18
Peluquería Loly Aradas,Cambre,Galicia,,,,,osm,43.3044118,-8.3540442,2026-05-18
Peluquería F&Y,Cambre,Galicia,,,,,osm,43.3046098,-8.3536923,2026-05-18
Peluquería Atrium,Cambre,Galicia,+34981674661,,,,osm,43.2922926,-8.3454314,2026-05-18
Barbería Oeste,Cambre,Galicia,+34606719028,,,,osm,43.2927365,-8.3430223,2026-05-18
PELUQUERIA X&N,Cambre,Galicia,+34981674374,,,,osm,43.2929729,-8.3431982,2026-05-18
Peluqueria Reflejos,Burjassot,Comunitat Valenciana,,,,,osm,39.5164575,-0.4139304,2026-05-18
Vaya Pelo Hair & Beauty,Barcelona,Catalunya,,,,,osm,41.3751526,2.1689988,2026-05-18
Alymar,Benidorm,Comunitat Valenciana,,,,,osm,38.538186,-0.1347829,2026-05-18
Ainhara,Zumaia,Euskadi,,,,,osm,43.2772145,-2.2698513,2026-05-18
Uxua Gorraiz,Pamplona / Iruña,Navarra,,,,,osm,42.7937543,-1.6158879,2026-05-18
Scaber,Zaragoza,Aragón,,,,,osm,41.6310728,-0.8831292,2026-05-18
Charaf Barber Shop,Zaragoza,Aragón,,,,,osm,41.630079,-0.8859236,2026-05-18
Peluquería Begoña Serrano,Pamplona/Iruña,Navarra,+34948775318,,,,osm,42.8097068,-1.6649341,2026-05-18
jlg,Pamplona/Iruña,Navarra,+34948100633,,,,osm,42.8083114,-1.6665743,2026-05-18
Barbería MN El Bigote,Pamplona/Iruña,Navarra,+34688432239,,,,osm,42.8082776,-1.6666393,2026-05-18
Benidorm Mediterráneo,Benidorm,Comunitat Valenciana,,,,,osm,38.5384625,-0.1342662,2026-05-18
Iratxo ileapaindegia,Okondo,Euskadi,+34945898013,,,,osm,43.1550028,-3.0263378,2026-05-18
Plaza Mar,Alicante,Alicante,+34966386286,plazamarestilistas@gmail.com,,https://peluqueriaplazamar.com,osm,38.361616,-0.4773714,2026-05-18
Fernando Gilabert,Alicante,Alicante,+34966149072,martinezygilabert@gmail.com,@thebarber_fernandogilabert,https://www.barbershopfernandogilabert.com,osm,38.3624793,-0.4778033,2026-05-18
BarberShop Micky Tony,València,Comunitat Valenciana,,,,,osm,39.495707,-0.3931452,2026-05-18
Unidos,Zaragoza,Aragón,,,,,osm,41.6357669,-0.8793192,2026-05-18
Emilio Belmonte Peluqueros,Olula del Río,Andalucía,,,,,osm,37.3594083,-2.3029833,2026-05-18
Royal barber,Tomelloso,Castilla-La Mancha,,,,,osm,39.1522033,-3.0243258,2026-05-18
The Jager's,San Juan de Alicante,Comunitat Valenciana,+34722527243,,,,osm,38.3991464,-0.4354474,2026-05-18
Instintes,Madrid,Madrid,,,,,osm,40.4419154,-3.6550314,2026-05-18
Lola Barthelemy,Colmenar Viejo,Madrid,,,,,osm,40.6707428,-3.7734914,2026-05-18
láserum,Barcelona,Catalunya,,,,,osm,41.4064654,2.1737856,2026-05-18
Sonia Estilistas,Tomelloso,Castilla-La Mancha,+34926510399,,,,osm,39.1528502,-3.0240635,2026-05-18
Barber shop Rachid,Tomelloso,Castilla-La Mancha,+34631555949,,,,osm,39.1536509,-3.0234353,2026-05-18
Javier Moreno,Barcelona,Catalunya,,,,,osm,41.3870794,2.1609137,2026-05-18
La Poupée,Barcelona,Catalunya,,,,,osm,41.3850032,2.1572876,2026-05-18
Hair Naturo Anna,Barcelona,Catalunya,,,,,osm,41.3868522,2.1531547,2026-05-18
Al Hassan,Barcelona,Catalunya,,,,,osm,41.3868308,2.154791,2026-05-18
La pelu de Yolanda,Cádiz,Andalucía,,,,,osm,36.5114587,-6.2771515,2026-05-18
Haro,Cádiz,Andalucía,,,,,osm,36.5141252,-6.2784664,2026-05-18
Beatriz Montero,Leganés,Madrid,,,,,osm,40.2843548,-3.8002546,2026-05-18
Peluquería Inma Carrasco,Málaga,Andalucía,+34676799204,,,,osm,36.7414138,-4.4212834,2026-05-18
Unik Stilistas,Zaragoza,Aragón,+34976510769,,,https://www.facebook.com/pages/Unik-Estilistas/1606580089664143/,osm,41.6864442,-0.8752526,2026-05-18
Sabai,Zaragoza,Aragón,,,,,osm,41.6868825,-0.8712483,2026-05-18
Perruqueria Belén Martínez,Terrassa,Barcelona,,,,,osm,41.5568821,2.0114536,2026-05-18
Peluquería y Estética AIRE,Alcorcón,Madrid,,,,,osm,40.3454828,-3.8096478,2026-05-18
Mayte Malillos,Zamora,Castilla y León,+34980671694,,,,osm,41.5056903,-5.7501798,2026-05-18
Barbería Ugíjar,Ugíjar,Andalucía,,,,,osm,36.9620973,-3.0543213,2026-05-18
Almudena Valle,Burgos,Castilla y León,,,,,osm,42.3413938,-3.7171757,2026-05-18
Peluquería Martín Unisex,Zamora,Castilla y León,+34980041133,,,,osm,41.5101851,-5.7411125,2026-05-18
Shelby’s Berber Shop,Madrid,Madrid,,,,,osm,40.4009485,-3.5474763,2026-05-18
Sara Perruqueria,Castellserà,Catalunya,,,,,osm,41.7462069,0.9862703,2026-05-18
Peluqueria Boni,Cobreros,Castilla y León,,,,,osm,42.0528528,-6.6332544,2026-05-18
Peluquería Look Star,Valladolid,Castilla y León,+34983134949,,,,osm,41.6605753,-4.7179397,2026-05-18
Peluquería y Estética Marga,Zamora,Castilla y León,+34980517089,,,https://www.peluqueriayesteticamarga.es/,osm,41.5019195,-5.7559574,2026-05-18
Aurkene,Donostia / San Sebastián,Euskadi,,,,,osm,43.3115175,-1.9731603,2026-05-18
Alaitz Surio,Donostia / San Sebastián,Euskadi,,,,,osm,43.3116924,-1.9730257,2026-05-18
Montse Sobrado,Sarria,Galicia,,,,,osm,42.7803216,-7.4137527,2026-05-18
Sylvia,Vélez-Málaga,Andalucía,,,,,osm,36.7153008,-4.2039417,2026-05-18
Suzana Gonzalez,Vélez-Málaga,Andalucía,,,,,osm,36.7168084,-4.1933795,2026-05-18
John Felipe Barbershop,Pamplona / Iruña,Navarra,,,,,osm,42.8015582,-1.6439668,2026-05-18
F&C Estilistas,Pamplona / Iruña,Navarra,,,,,osm,42.8023992,-1.64413,2026-05-18
La Pelu de Mabel,Almassora,Comunitat Valenciana,+34656534092,,,,osm,39.9475448,-0.0645195,2026-05-18
Cheymar,Cádiz,Andalucía,,,,,osm,36.51118,-6.2782685,2026-05-18
Capital,Cádiz,Andalucía,,,,,osm,36.5113877,-6.278399,2026-05-18
Traditional Barbershop,Cádiz,Andalucía,,,,,osm,36.5166766,-6.2794288,2026-05-18
Ana Barceló Peluqueros,Granada,Andalucía,+34958150256,,@anabarcelopeluqueros,,osm,37.2030148,-3.6215427,2026-05-18
Imperial,Rianxo,Galicia,,,,,osm,42.6519361,-8.8187798,2026-05-18
Centre de Perruquera Estètica Olga Irene,Sant Celoni,Catalunya,,,,,osm,41.6843975,2.4839783,2026-05-18
Colors Perruquers,Sant Celoni,Catalunya,,,,,osm,41.6852829,2.4850503,2026-05-18
Mido II,Barcelona,Catalunya,,,,,osm,41.3914378,2.1789168,2026-05-18
Brillos Peluquería,Zamora,Castilla y León,+34980520413,,,,osm,41.5016623,-5.7531562,2026-05-18
Kixkur,Ziordia,Navarra,+34686412330,,,,osm,42.869756,-2.2270912,2026-05-18
Alvaro Barber,Motril,Andalucía,+34636487132,,,,osm,36.8344009,-3.5152192,2026-05-18
Peluqueria & Estetica Luss,Cambre,Galicia,+34981674079,,,,osm,43.2838756,-8.3570642,2026-05-18
Ohana,Guadix,Andalucía,,,,,osm,37.3028916,-3.13698,2026-05-18
Eva Moya,Guadix,Andalucía,,,,,osm,37.3039489,-3.1412717,2026-05-18
Azabache,La Línea de la Concepción,Andalucía,,,,,osm,36.1613187,-5.3426289,2026-05-18
Peluqueria de Caballeros Lantxas,Donostia / San Sebastián,Euskadi,,,,,osm,43.3240609,-1.9764896,2026-05-18
Jordina,la Fuliola,Catalunya,,,,,osm,41.7162281,1.0151497,2026-05-18
Styling Peluquería y Estética,Zamora,Castilla y León,+34980511057,,,,osm,41.5041985,-5.7539107,2026-05-18
Diana Pereira,Vigo,Pontevedra,+34986433946,,,,osm,42.2331607,-8.7306241,2026-05-18
Gabriela Peluqueros,València,Comunitat Valenciana,+34722474560,,,,osm,39.4746915,-0.3922904,2026-05-18
Izaskun,Donostia / San Sebastián,Euskadi,,,,,osm,43.3099249,-1.9808315,2026-05-18
La Perruqueria,Anglesola,Catalunya,,,,,osm,41.6572468,1.0830466,2026-05-18
Lucia Estilo,Salamanca,Castilla y León,,,,,osm,40.9732674,-5.6735701,2026-05-18
Peluquería Poli,Elda,Comunitat Valenciana,,,,,osm,38.4824728,-0.7728839,2026-05-18
M.A.S.,Fuengirola,Andalucía,+34952667899,,,,osm,36.5400405,-4.6304628,2026-05-18
Barberia Albert,Bellpuig,,,,,,osm,41.6295644,1.0121129,2026-05-18
Perruqueria Diferent,Bellpuig,,,,,,osm,41.6282008,1.0087325,2026-05-18
Perruqueria Unisex Leonor,Bellpuig,,,,,,osm,41.6266243,1.013244,2026-05-18
Perruqueria M&S,Bellpuig,,,,,,osm,41.6253724,1.0110327,2026-05-18
Bea Peón,Pontevedra,Galicia,,,,,osm,42.4454647,-8.6221462,2026-05-18
GF Peluqueros,Pontevedra,Galicia,,,,,osm,42.4451576,-8.6224647,2026-05-18
Pili Soto,Pontevedra,Galicia,,,,,osm,42.4431324,-8.6267807,2026-05-18
Ain Zohra,Reus,Catalunya,,,,,osm,41.1475745,1.1093906,2026-05-18
Petit Taller d’Estètic Centre,Tarragona,Catalunya,,,,,osm,41.1198147,1.2497437,2026-05-18
Mona Lisa,Tarragona,Catalunya,,,,,osm,41.1207889,1.2502814,2026-05-18
peluqueria y estetica,Tarragona,Catalunya,,,,,osm,41.119865,1.2497898,2026-05-18
Kike Soriano,Tarragona,Catalunya,,,,,osm,41.1186985,1.2485373,2026-05-18
Charme,Tarragona,Catalunya,,,,,osm,41.1207715,1.2505679,2026-05-18
Lusan Estilistas,Langreo / Llangréu,Asturias / Asturies,,,,,osm,43.3107029,-5.6903163,2026-05-18
Erika Mella,Langreo / Llangréu,Asturias / Asturies,+34625990366,,,,osm,43.3106822,-5.6904945,2026-05-18
Barcelona Barber Shop - Muntaner Descartes,Barcelona,Barcelona,,,,,osm,41.3995908,2.1424292,2026-05-18
Paxustyle,Albacete,Castilla-La Mancha,,,,,osm,38.9813647,-1.8556991,2026-05-18
Norma Payá,Alcoi / Alcoy,Comunitat Valenciana,,,,,osm,38.6974442,-0.4736508,2026-05-18
Inma Sánchez,Arroyo de la Miel-Benalmádena Costa,Andalucía,,,,,osm,36.6089101,-4.50481,2026-05-18
Nelson Cárdenas,Arroyo de la Miel-Benalmádena Costa,Andalucía,,,,,osm,36.6197606,-4.4989397,2026-05-18
Mercé Niubó,Juneda,Catalunya,+34973151368;+34627436991,,perruqueriamerceniubo,,osm,41.5475997,0.8253892,2026-05-18
Esther Falcó Bardina,Juneda,Catalunya,+34973150259,,,,osm,41.5471532,0.826969,2026-05-18
Real Habana,Donostia / San Sebastián,Euskadi,,,,,osm,43.3098779,-2.0087332,2026-05-18
Your Hair & Beauty,Córdoba,Andalucía,,,,,osm,37.8868295,-4.7803218,2026-05-18
Noemi Calero Peluquería,Madrid,Madrid,+34917110165,,,https://www.instagram.com/noemicalero_peluqueria/,osm,40.3902086,-3.7664571,2026-05-18
Peluquería Fita,Calvià,Illes Balears,,,,,osm,39.5180837,2.4867578,2026-05-18
Natalia Argüelles,Langreo / Llangréu,Asturias / Asturies,,,,,osm,43.3046095,-5.6894057,2026-05-18
Dani Barber,Atarfe,Andalucía,+34858130679,,,,osm,37.2232318,-3.684132,2026-05-18
Acevedo Peluqueros,Tres Cantos,Madrid,+34918033187,,,,osm,40.6111008,-3.7116844,2026-05-18
Irrika,Tolosa,Euskadi,,,,,osm,43.1321594,-2.0809587,2026-05-18
Classic Barber El 23,València,Comunitat Valenciana,,,,,osm,39.4851325,-0.3622978,2026-05-18
Peluquería y Manicura Sora,Albox,Andalucía,,,,,osm,37.3843749,-2.1382046,2026-05-18
Bucles,Lleida,Catalunya,,,,,osm,41.6220063,0.6391512,2026-05-18
Los Hermanos,Campamento,Andalucía,,,,,osm,36.1778167,-5.3775253,2026-05-18
Abad peluqueros Sevilla,Sevilla,Andalucía,,,,,osm,37.4042706,-5.9139566,2026-05-18
Fan Peluqueros,Madrid,Madrid,+34615493329,,,,osm,40.3999631,-3.6709458,2026-05-18
Natalia,Torrelles de Llobregat,Catalunya,,,,,osm,41.3574073,1.9808694,2026-05-18
Rosita,Torrelles de Llobregat,Catalunya,,,,,osm,41.3566886,1.9807487,2026-05-18
Carmen Camacho,Sevilla,Sevilla,,,,,osm,37.4028933,-5.9188403,2026-05-18
Peluquería JSG,Balanegra,Andalucía,,,,,osm,36.8401537,-2.9464984,2026-05-18
Peluquería Sagra,Ponferrada,Castilla y León,,,,,osm,42.5504351,-6.5984176,2026-05-18
Peluquería Mauri,Atarfe,Andalucía,,,,https://peluqueriamauri.com,osm,37.2302267,-3.6522926,2026-05-18
Lídia,Tarragona,Catalunya,,,,,osm,41.121691,1.2454988,2026-05-18
Clic Clac,Cerdanyola del Vallès,Catalunya,,,,,osm,41.4684226,2.0793563,2026-05-18
Gaspat-Hair,Adeje,Canarias,,,,,osm,28.0561065,-16.7251032,2026-05-18
Julio Domingo,Bilbao,Euskadi,,,,,osm,43.2567805,-2.9408151,2026-05-18
Madrid Barber Shop,Madrid,Madrid,,,,,osm,40.4045337,-3.749404,2026-05-18
EMI,Madrid,Madrid,,,,,osm,40.4101963,-3.6456349,2026-05-18
Aguilera,Córdoba,Andalucía,,,,,osm,37.8986816,-4.7799725,2026-05-18
Peluquería caballeros chumila,Córdoba,Andalucía,,,,,osm,37.8979091,-4.7783819,2026-05-18
Barcehaircuts,Centelles,Catalunya,,,,,osm,41.7963081,2.2170236,2026-05-18
Stile platonico,Donostia / San Sebastián,Euskadi,+34943096825,,,,osm,43.270364,-2.0484942,2026-05-18
Perruqueiras Diude,Santiago de Compostela,Galicia,,,,,osm,42.8867015,-8.5330228,2026-05-18
Equipo Luxury,Málaga,Andalucía,,,,,osm,36.7216076,-4.4345271,2026-05-18
Forastero Barber,Málaga,Andalucía,,,,,osm,36.7218582,-4.4356493,2026-05-18
Industry Inc. Barber,Málaga,Andalucía,,,,,osm,36.7221979,-4.4356416,2026-05-18
Younes,Málaga,Andalucía,,,,,osm,36.7225257,-4.4358935,2026-05-18
Boss & Lola,Madrid,Madrid,+34915051927,,,,osm,40.3546604,-3.6865486,2026-05-18
J Peluqueros,Madrid,Madrid,+34912982520,,,,osm,40.3546004,-3.68661,2026-05-18
Dabeda,Madrid,Madrid,+34917233796,,,,osm,40.3539,-3.686759,2026-05-18
Peluquería Sofía,Barcelona,Catalunya,+34632227386,,,,osm,41.434352,2.2159255,2026-05-18
Glory hair studio,Llagostera,Catalunya,+34603410871,,,,osm,41.8264364,2.8931407,2026-05-18
SAX'S,Burgos,Castilla y León,,,,,osm,42.3513011,-3.6927244,2026-05-18
Gio Barber Shop,Pájara,Canarias,,,,,osm,28.0520382,-14.3529936,2026-05-18
La Pelu de Ana,Pontevedra,Galicia,,,,,osm,42.4279331,-8.6345489,2026-05-18
Longoso's,Cee,Galicia,,,,,osm,42.9544389,-9.188514,2026-05-18
Local Look,Lleida,Catalunya,,,,,osm,41.6168017,0.6174363,2026-05-18
Aranda Peluquería,Madrid,Madrid,,,,,osm,40.4111111,-3.6463345,2026-05-18
Peluquería Rothenburg,Oviedo,Asturias / Asturies,,,,,osm,43.3630144,-5.8668986,2026-05-18
Yigus,Madrid,Madrid,,,,,osm,40.3863491,-3.7063676,2026-05-18
Galaxy,Donostia / San Sebastián,Euskadi,,,,,osm,43.3053103,-1.9772245,2026-05-18
Brillo's,Elciego,Euskadi,,,,,osm,42.481459,-2.644326,2026-05-18
Razors Studio Barbería,Madrid,Madrid,,,,,osm,40.3859666,-3.7068985,2026-05-18
Peluquería Z,Madrid,Madrid,,,,,osm,40.3862478,-3.7059101,2026-05-18
Amy Cuidado De Cabello,Madrid,Madrid,,,,,osm,40.3862998,-3.7059225,2026-05-18
Sanfid,Madrid,Madrid,,,,,osm,40.3861696,-3.7053082,2026-05-18
Sanfid II,Madrid,Madrid,,,,,osm,40.3862963,-3.7051667,2026-05-18
Sofy Peluqueros,Madrid,Madrid,,,,,osm,40.387016,-3.7052758,2026-05-18
Pon-T-Wapa,Donostia / San Sebastián,Euskadi,,,,,osm,43.3035,-1.9783553,2026-05-18
Diváry,Madrid,Madrid,,,,,osm,40.4410545,-3.6415792,2026-05-18
Les Bories,Langreo / Llangréu,Asturias / Asturies,+34985691221,,,,osm,43.3110737,-5.6934218,2026-05-18
Amezaga,Sestao,Euskadi,,,,,osm,43.307664,-3.0067236,2026-05-18
Barbershop Alilou,Motril,Andalucía,+34632192716,,,,osm,36.7474555,-3.5165258,2026-05-18
Nuria Trillo,San Vicenzo,Galicia,,,,,osm,42.9601787,-8.7587959,2026-05-18
Montero Peluqueros,Galapagar,Madrid,,,,,osm,40.6282509,-4.0045636,2026-05-18
Jorge,Ferrol,Galicia,,,,,osm,43.5013367,-8.2030716,2026-05-18
Ana Lameira,Ferrol,Galicia,,,,,osm,43.5026593,-8.2013424,2026-05-18
Eneka,Ferrol,Galicia,+34981385462,enekaestilistas.00@gmail.com,,https://www.enekaestilistas.es/,osm,43.5030913,-8.199418,2026-05-18
D'Lujo,Madrid,Madrid,,,,,osm,40.3873928,-3.7044769,2026-05-18
3ª Generación,Madrid,Madrid,,,,,osm,40.3863895,-3.7047679,2026-05-18
Ama tu pelo,Madrid,Madrid,,,,,osm,40.3863195,-3.7045571,2026-05-18
Salas Barber Shop,Madrid,Madrid,,,,,osm,40.3873212,-3.7041017,2026-05-18
Estética Castillo,Madrid,Madrid,,,,,osm,40.3873651,-3.7038833,2026-05-18
Forajidos,Ferrol,Galicia,+34689864464,,barberia_forajidos,,osm,43.5024419,-8.1994994,2026-05-18
Barbería Adrián,Motril,Andalucía,+34633563760,,@barberia_adrian,,osm,36.7477159,-3.5150877,2026-05-18
De Chloe,Madrid,Madrid,,,,,osm,40.3856641,-3.7083255,2026-05-18
Maxpe,Mutriku,Euskadi,+34943192870,,,,osm,43.2930456,-2.355447,2026-05-18
Peluqueria Isabel Cervantes,Garrucha,Andalucía,,,,,osm,37.1819829,-1.8224183,2026-05-18
New York,Madrid,Madrid,,,,,osm,40.3849056,-3.7081782,2026-05-18
Barber VIP,Platja d'Aro,Catalunya,,,,,osm,41.8172969,3.0646323,2026-05-18
Peluquería Exclusive,Sant Joan d'Alacant,Comunitat Valenciana,+34965650179,,,,osm,38.4039272,-0.4378867,2026-05-18
Lúa,Narón,Galicia,,,,,osm,43.5001708,-8.1896455,2026-05-18
bgo,Narón,Galicia,,,,,osm,43.5005303,-8.1897559,2026-05-18
Tania Grande,O Carballiño,Galicia,,,,,osm,42.3742968,-8.0720325,2026-05-18
María José,Ferrol,Galicia,+34981390318,,,,osm,43.4989785,-8.1993438,2026-05-18
Meulxa,Ferrol,Galicia,+34881308450,,,,osm,43.4998235,-8.1991429,2026-05-18
Mireia Amat,Reus,Catalunya,,,,,osm,41.1547278,1.1027473,2026-05-18
Eva Gatell,Reus,Catalunya,,,,,osm,41.1554176,1.1056349,2026-05-18
Fama Estilo,Reus,Catalunya,,,,,osm,41.154218,1.1036244,2026-05-18
Barbershop Ryan,Reus,Catalunya,,,,,osm,41.1542759,1.1037558,2026-05-18
Clásico,Ferrol,Galicia,,,,,osm,43.506909,-8.1852456,2026-05-18
G2,Ferrol,Galicia,,,,,osm,43.5057758,-8.1867197,2026-05-18
Esttilo13,Madrid,Madrid,,,,,osm,40.3544246,-3.6877916,2026-05-18
Peluquería Palacios,Motril,Andalucía,,,,,osm,36.7476362,-3.5187948,2026-05-18
Alarcón Vintage,Benidorm,Comunitat Valenciana,,,,,osm,38.5391825,-0.1347122,2026-05-18
Peluquería Mya,Garrucha,Andalucía,,,,,osm,37.1805786,-1.8227656,2026-05-18
Barber VIP,Calonge i Sant Antoni,Catalunya,+34623290079,,,https://www.instagram.com/_barbervip_playa_de_aro,osm,41.8172368,3.0648516,2026-05-18
Mª Ángeles,Orce,Andalucía,,,,,osm,37.7219173,-2.4792392,2026-05-18
María López,Torrevieja,Comunitat Valenciana,,,,,osm,37.9756007,-0.6916429,2026-05-18
Copete,Torrevieja,Comunitat Valenciana,,,,,osm,37.9753671,-0.6913303,2026-05-18
Edelweiss,Vigo,Pontevedra,,,,,osm,42.234877,-8.7292524,2026-05-18
Paquita,Benidorm,Comunitat Valenciana,,,,,osm,38.5384752,-0.133744,2026-05-18
Dolors Pujol Estilistes,Torredembarra,Catalunya,+34614150674,,,,osm,41.1446101,1.3968186,2026-05-18
Peluquería Al-Ándalus,Motril,Andalucía,+34676756053,,,,osm,36.7525025,-3.5184214,2026-05-18
Salón de peluquería Maricarmen,Motril,Andalucía,+34958820915,,,,osm,36.752092,-3.5142817,2026-05-18
Franja Peluqueros,Motril,Andalucía,+34958608598,,,,osm,36.7465859,-3.5183121,2026-05-18
The Bronx Barbershop,Madrid,Madrid,,,,,osm,40.3842522,-3.7073813,2026-05-18
Silvia Navarro Estilistas,Madrid,Madrid,,,,,osm,40.3838015,-3.7078159,2026-05-18
Barbershop Arasol,Madrid,Madrid,,,,,osm,40.3837505,-3.7078044,2026-05-18
阿伟造型,Madrid,Madrid,,,,,osm,40.3829044,-3.7076522,2026-05-18
Asis peluqueros,Getafe,Madrid,,,,,osm,40.3270358,-3.720557,2026-05-18
New Colors,Motril,Andalucía,+34958603168,,,,osm,36.745947,-3.5160504,2026-05-18
Peluqueria El Príncipe,Motril,Andalucía,+34623139604,,,,osm,36.7462549,-3.5163261,2026-05-18
Tesoirassalon,Ferrol,Galicia,,,,,osm,43.5041335,-8.2048992,2026-05-18
María Hervada,Valladolid,Castilla y León,+34983260392,,,,osm,41.665611,-4.7191984,2026-05-18
Yolanda Susin,Valladolid,Castilla y León,+34654516529,,,,osm,41.6643948,-4.7184893,2026-05-18
Salón Don Omar,Benidorm,Comunitat Valenciana,,,,,osm,38.5358884,-0.1098363,2026-05-18
Alba Iglesias,Ferrol,Galicia,+34881253989,,albaiglesias.hairstudio,,osm,43.4964885,-8.2031371,2026-05-18
Baires,O Porto de Santa Cruz,Galicia,,,,,osm,43.3489978,-8.345533,2026-05-18
Peluquería Isabel,Cambre,Galicia,+34981676450,,,,osm,43.2934416,-8.3451139,2026-05-18
Peluquería y belleza María,Cambre,Galicia,+34881926915,,,,osm,43.2938773,-8.3439324,2026-05-18
OK PELUQUERIA,Barcelona,Catalunya,+34632788304,,,,osm,41.4086551,2.1729745,2026-05-18
Luis &atwchi,Madrid,Madrid,,,,,osm,40.4296826,-3.6740554,2026-05-18
Head Spa,Madrid,Madrid,,,,,osm,40.455867,-3.7001026,2026-05-18
Peluquería Ana Romero,Cambre,Galicia,+34981655038,,,,osm,43.2922762,-8.3414149,2026-05-18
Mónica Peluquería,Zamora,Castilla y León,+34608257976,,,,osm,41.5126832,-5.7420197,2026-05-18
Isabel Peluqueria Unisex,Zamora,Castilla y León,+34980526144,,,https://www.paginasamarillas.es/f/zamora/peluqueria-isabel-gonzalez_228563680_000000001.html,osm,41.511847,-5.7403425,2026-05-18
Innova Peluquería,Cambre,Galicia,+34981914150,,,,osm,43.2937356,-8.3396245,2026-05-18
Jay Walker English Hair Salon,Barcelona,Catalunya,+34931489131,,,https://www.jaywalkerenglishhairsalon.com/,osm,41.4040327,2.1629698,2026-05-18
Salón de Peluquería Laura,Zamora,Castilla y León,+34980519125,,,,osm,41.5121034,-5.7388345,2026-05-18
Classic Hair Studio,Motril,Andalucía,+34652838484,,,,osm,36.7447948,-3.5181148,2026-05-18
Nuevo Stylo,Zamora,Castilla y León,+34980523705,,,,osm,41.510716,-5.7391553,2026-05-18
Perruqueria Glòria,Cardona,Catalunya,,,,,osm,41.9094784,1.6941127,2026-05-18
Goat Barber,Barcelona,Catalunya,,,,https://lhkw.app.link/g44oVT2ehOb?_p=c1133fdc99016deee31b8ce3e9bd,osm,41.4032702,2.1573125,2026-05-18
Jony's Barber,Pravia,Asturias / Asturies,,,,,osm,43.486467,-6.1121552,2026-05-18
Peluquería Gala,Motril,Andalucía,+34958600773,,,,osm,36.7456999,-3.5192017,2026-05-18
BSV estilista,Motril,Andalucía,+34958108333,,,,osm,36.7456617,-3.5192031,2026-05-18
Beauty Studio,Motril,Andalucía,,,,,osm,36.7457269,-3.5190985,2026-05-18
Salón Lola Hernández,Motril,Andalucía,+34858105399,,,https://www.salonlolahernandez.com/,osm,36.7449366,-3.5203167,2026-05-18
Toque's peluqueros,Motril,Andalucía,+34858714595,,,,osm,36.7455082,-3.5205504,2026-05-18
Barber Shop Club,Motril,Andalucía,,,,,osm,36.7455566,-3.519778,2026-05-18
Antonio Lupión,Motril,Andalucía,,,,,osm,36.7471901,-3.5206526,2026-05-18
Gabi,Motril,Andalucía,+34858983083,,,,osm,36.7430982,-3.5200224,2026-05-18
Al Andalus,Motril,Andalucía,+34643579697,,,,osm,36.7427945,-3.5199566,2026-05-18
Salón Habana,Motril,Andalucía,,,,,osm,36.7424599,-3.5201712,2026-05-18
Peluquería Artero Hair,Motril,Andalucía,+34622616714,,,,osm,36.7428052,-3.5201336,2026-05-18
Barbería Ámsterdam,Motril,Andalucía,+34603120967,,,,osm,36.7432152,-3.5218498,2026-05-18
Adara,Motril,Andalucía,+34958822986,,,,osm,36.7436036,-3.5244694,2026-05-18
Magenta,Motril,Andalucía,+34958870318,,,,osm,36.7434453,-3.5235398,2026-05-18
Xeitos,Ferrol,Galicia,+34981310321,,,,osm,43.4848012,-8.2253972,2026-05-18
Akiefz,València,Comunitat Valenciana,,,,,osm,39.4621023,-0.3385565,2026-05-18
Lito's the Barber,Mairena del Aljarafe,Andalucía,,,,,osm,37.2681791,-6.0615229,2026-05-18
Bego Peluquería,Santiago de Compostela,Galicia,,,,,osm,42.8830181,-8.5434306,2026-05-18
Eledé,Ames,Galicia,,,,https://estilo-elede.blogspot.com/,osm,42.8548379,-8.6785707,2026-05-18
Bárbaros Barber Shop,Madrid,Madrid,,,,,osm,40.3863696,-3.7639212,2026-05-18
V&F,Córdoba,Andalucía,,,,,osm,37.884299,-4.7834637,2026-05-18
Rocío Piñón,Ferrol,Galicia,+34881294954,,rp_peluqueriaestetica,,osm,43.4984067,-8.1987591,2026-05-18
Choly,Ferrol,Galicia,+34669704278,,,,osm,43.4993716,-8.1949499,2026-05-18
Amelya Estilista de Peluquería,Zamora,Castilla y León,+34980522370,,,,osm,41.5109699,-5.7385576,2026-05-18
Andrea Rincón Estilista,Zamora,Castilla y León,+34980540999,,,https://www.andrearinconestilista.com/,osm,41.5108602,-5.7383323,2026-05-18
Veso Peluqueras,Zamora,Castilla y León,+34980520267,,,,osm,41.5108335,-5.7388004,2026-05-18
Peluqueria de caballeros Tiel,Zamora,Castilla y León,+34658381473,,,,osm,41.5108636,-5.7387694,2026-05-18
Peluquería de Caballeros Emeterio,Zamora,Castilla y León,+34980513774,,,,osm,41.5087976,-5.7391558,2026-05-18
BCB,Cacheiras,Galicia,,,,,osm,42.7636911,-8.5469469,2026-05-18
Perruquería Óscar,Cacheiras,Galicia,,,,,osm,42.7620503,-8.5473573,2026-05-18
Rosa Galano,Organyà,Catalunya,,,,,osm,42.1746995,1.3155384,2026-05-18
Ronda 20,Madrid,Madrid,,,,,osm,40.4065315,-3.6977001,2026-05-18
Peluquería Celi,Torrelavega,Cantabria,,,,http://www.peluqueriaceli.es,osm,43.4256045,-4.039879,2026-05-18
Guedellos,Monterroso,Galicia,,,,,osm,42.792427,-7.8355609,2026-05-18
Méndez,Monterroso,Galicia,,,,,osm,42.7925113,-7.8346376,2026-05-18
Casaú Estilistas,San Fernando de Henares,Madrid,+34914557099,,,https://www.casauestilistas.es/,osm,40.3632276,-3.5485178,2026-05-18
URBAN BARBER SHOP,Salvaterra De Miño,Galicia,+34624630501,,,,osm,42.0834325,-8.5011377,2026-05-18
Galai,Tolosa,Euskadi,,,,,osm,43.137796,-2.0729434,2026-05-18
Peluquería Amani Hair Concept,Motril,Andalucía,+34958601964,,,https://salonamani.com/,osm,36.7474691,-3.5166971,2026-05-18
Maribel Sabio,Motril,Andalucía,+34958607932,,,,osm,36.7509412,-3.5214214,2026-05-18
Conchín Sanchez,Torrent,Comunitat Valenciana,,,,,osm,39.4332742,-0.478037,2026-05-18
N.9,Tarragona,Catalunya,,,,,osm,41.119503,1.2500183,2026-05-18
Barbería Soufian,Tarragona,Catalunya,,,,,osm,41.119781,1.2476382,2026-05-18
Barbería Andrés Pérez,Tarragona,Catalunya,,,,,osm,41.119326,1.2503978,2026-05-18
caps,Tarragona,Catalunya,,,,,osm,41.1196191,1.2497754,2026-05-18
Merche's Peluqueria,Torrevieja,Comunitat Valenciana,+34966708498,,,,osm,37.9749943,-0.693554,2026-05-18
Luis López Balboa,Sarria,Galicia,,,,,osm,42.7817703,-7.4132442,2026-05-18
Nassim,València,Comunitat Valenciana,,,,,osm,39.4855339,-0.3638492,2026-05-18
Rocío Sarmiento,Motril,Andalucía,+34661165030,,,,osm,36.747283,-3.5142835,2026-05-18
MZ Estudio Peluquería,Vitoria-Gasteiz,Euskadi,,,,,osm,42.8467993,-2.6800165,2026-05-18
Peluquería Xolot,Oviedo,Asturias / Asturies,,,,,osm,43.3678532,-5.855275,2026-05-18
Selmon's Estilistas,Madrid,Madrid,,,,,osm,40.3849078,-3.7056644,2026-05-18
Laura,Motril,Andalucía,+34958607466,,,,osm,36.7460446,-3.5118015,2026-05-18
Peluquería Dupin,Madrid,Madrid,,,,,osm,40.3840418,-3.7055233,2026-05-18
Poeroy Centro Estético Capilar,Madrid,Madrid,,,,,osm,40.3838184,-3.7054897,2026-05-18
Jasmine's hair,Lugo,Galicia,,,,,osm,43.01592,-7.5676237,2026-05-18
Peluqueria Leila,Lugo,Galicia,,,,,osm,43.0159615,-7.5669951,2026-05-18
Sool,Burgos,Castilla y León,,,,,osm,42.3444672,-3.702622,2026-05-18
Marcos Barber Shop,Madrid,Madrid,,,,,osm,40.3835718,-3.7648307,2026-05-18
Barbería Partisano,Los Barrios,Andalucía,,,,,osm,36.2002128,-5.425221,2026-05-18
Peluquería Karlos,Los Barrios,Andalucía,,,,,osm,36.2001533,-5.4251307,2026-05-18
Factory Peluqueros,Los Barrios,Andalucía,,,,,osm,36.200372,-5.4251714,2026-05-18
April Center,Puente Mayorga,Andalucía,,,,,osm,36.1825573,-5.3861124,2026-05-18
NILA,Arroyo de la Miel-Benalmádena Costa,Andalucía,,,,,osm,36.6231632,-4.4961156,2026-05-18
Antonio,Sant Andreu de la Barca,Catalunya,+34936530522,,,,osm,41.4480224,1.9732788,2026-05-18
la Barbería,Sant Andreu de la Barca,Catalunya,+34936829198,,,,osm,41.446598,1.9775125,2026-05-18
Madrid,Sant Andreu de la Barca,Catalunya,,,,,osm,41.4473084,1.968172,2026-05-18
Nou Estil,Sant Andreu de la Barca,Catalunya,+34936822808,,,,osm,41.4477975,1.9727903,2026-05-18
Nueva Generación,Sant Andreu de la Barca,Catalunya,+34663500491,,,,osm,41.4479452,1.9742082,2026-05-18
E+ Hair Salon 艺嘉理发店,Madrid,Madrid,,,,,osm,40.3831632,-3.7074377,2026-05-18
Peluquería Él & Ella,Madrid,Madrid,,,,,osm,40.383576,-3.7066431,2026-05-18
Chaofa,Madrid,Madrid,,,,,osm,40.3831418,-3.7065219,2026-05-18
Peluquería KJ 空间造型,Madrid,Madrid,,,,,osm,40.3833224,-3.7060039,2026-05-18
Jm Peluqueria,Madrid,Madrid,,,,,osm,40.3833599,-3.70566,2026-05-18
Peluquería Zhero,Palma,Illes Balears,,,,,osm,39.6226595,2.7419097,2026-05-18
Peluquería Noelia,La Línea de la Concepción,Andalucía,,,,,osm,36.1657089,-5.3477288,2026-05-18
Deyde,Burgos,Castilla y León,,,,,osm,42.3526611,-3.6747441,2026-05-18
Lesalon,Burgos,Castilla y León,,,,,osm,42.3492213,-3.6723183,2026-05-18
Majestic,Burgos,Castilla y León,,,,,osm,42.3506595,-3.6687384,2026-05-18
Soul Barbershop,Bilbao,Euskadi,,,,,osm,43.2614087,-2.9252876,2026-05-18
Ángeles Serrano,Yecla,Murcia,,,,,osm,38.6133925,-1.1103477,2026-05-18
Salva,Yecla,Murcia,,,,,osm,38.6126707,-1.1086331,2026-05-18
Athenas,Yecla,Murcia,,,,,osm,38.6131692,-1.1105189,2026-05-18
Esther,Donostia / San Sebastián,Euskadi,+34943420740,,esther.ileapaindegia,https://estherileapaindegia.eus/,osm,43.3195473,-1.9797316,2026-05-18
Ilyas Peluquería,Barcelona,Catalunya,+34631156958,,,,osm,41.43517,2.2192621,2026-05-18
Peluquería Valentina,La Línea de la Concepción,Andalucía,,,,,osm,36.1630692,-5.3525071,2026-05-18
Abdel Eibar 2,Eibar,Euskadi,,,,,osm,43.1859161,-2.465232,2026-05-18
Vogue,Eibar,Euskadi,,,,,osm,43.1860619,-2.464597,2026-05-18
Esencia Catalana,San Fernando,Andalucía,,,,,osm,36.4651009,-6.1966104,2026-05-18
Peluqueria Cartiel,Zaragoza,Zaragoza,+34976529205,,,https://cartielpeluqueria.es/,osm,41.6781735,-0.87285,2026-05-18
SC Estilisme i estètica,Consell,Illes Balears,,,,,osm,39.6690077,2.8136412,2026-05-18
Gali Barber Sports,Madrid,Madrid,,,,,osm,40.4029867,-3.6777597,2026-05-18
Izaga,Eibar,Euskadi,,,,,osm,43.1838896,-2.4714628,2026-05-18
Hair Pro,Motril,Andalucía,+34661980160,,,,osm,36.7455585,-3.5154159,2026-05-18
Hegoa,Urduña / Orduña,Euskadi,,,,,osm,42.9943825,-3.0116502,2026-05-18
Barberia Josep,Llagostera,Catalunya,+34686322541,,,,osm,41.8271576,2.8932795,2026-05-18
Antonia Rubio,Benidorm,Comunitat Valenciana,,,,,osm,38.5364788,-0.1044492,2026-05-18
Rango 11,Ferrol,Galicia,,,,,osm,43.490944,-8.2022652,2026-05-18
Viviendo por los pelos,Madrid,Madrid,,,,,osm,40.4765301,-3.7136409,2026-05-18
Hermanos Hierro,Burgos,Castilla y León,,,,,osm,42.3456701,-3.6977881,2026-05-18
Myl Peluqueros,Torrejón de la Calzada,Madrid,+34912498323,,,,osm,40.2402004,-3.7631468,2026-05-18
Saioa,Valverde del Fresno,Extremadura,,,,,osm,40.2250038,-6.8782197,2026-05-18
Cristina Valenti,Valverde del Fresno,Extremadura,,,,,osm,40.2252212,-6.8781537,2026-05-18
Muralla,Motril,Andalucía,,,,,osm,36.7441941,-3.5196369,2026-05-18
Blau,Motril,Andalucía,+34958825846,,,,osm,36.7455736,-3.5175727,2026-05-18
Siglo XXI,Málaga,Andalucía,,,,,osm,36.729847,-4.5478526,2026-05-18
Diana Moreno,Málaga,Andalucía,,,,,osm,36.7280197,-4.5493886,2026-05-18
Peluquería Ana Sánchez,Valverde del Fresno,Extremadura,,,,,osm,40.2252474,-6.8785487,2026-05-18
Jennifer,Málaga,Andalucía,,,,,osm,36.7286646,-4.5482756,2026-05-18
Mostacho,Motril,Andalucía,+34651048802,,,,osm,36.7441642,-3.5161884,2026-05-18
MK Barberzone,Santa Eulàlia de Ronçana,Catalunya,,,,,osm,41.6374501,2.2340456,2026-05-18
Opera,Cartagena,Murcia,+34664890280,,,,osm,37.6049526,-0.9764721,2026-05-18
Latina,Cartagena,Murcia,,,,,osm,37.6045539,-0.9770297,2026-05-18
Wor,Madrid,Madrid,,,,,osm,40.409945,-3.7132409,2026-05-18
Paula Durán,Zaragoza,Aragón,,,,,osm,41.6551412,-0.8739767,2026-05-18
Vicente Ortega,Alcalá de Henares,Madrid,,,,,osm,40.4966857,-3.3637116,2026-05-18
Triana,Alcalá de Henares,Madrid,,,,,osm,40.4981243,-3.3641174,2026-05-18
Saif Cut & Shave Barber,Benidorm,Comunitat Valenciana,,,,,osm,38.5418653,-0.1323505,2026-05-18
Tanger Barber shop,,,,,,,osm,40.5457229,-3.3272764,2026-05-18
Peluquería Sorita,Zorita del Maestrazgo,Comunitat Valenciana,,,,,osm,40.728663,-0.1671331,2026-05-18
Jomar,Gijón / Xixón,Asturias / Asturies,,,,,osm,43.5353027,-5.6628227,2026-05-18
M&L Barber,Órgiva,Andalucía,,,_mlbarber,,osm,36.8999973,-3.4236434,2026-05-18
Tone Sublime,Órgiva,Andalucía,+34642018242,,tone_sublime,,osm,36.9000251,-3.4234861,2026-05-18
Doma Peluqueria y Estetica,El Casar,Castilla-La Mancha,+34949322989,,,,osm,40.7031588,-3.4310466,2026-05-18
Peluquería Irene Xedar,Getafe,Madrid,+34622232573,,,,osm,40.3093502,-3.7234772,2026-05-18
Soledad Del valle,,,,,,,osm,40.5019567,-3.3336583,2026-05-18
Clemente Gil,La Línea de la Concepción,Andalucía,,,,,osm,36.1623158,-5.352347,2026-05-18
Peluquería Diamond,Motril,Andalucía,+34695766823,,,,osm,36.7473487,-3.5166733,2026-05-18
Perruqueria Vallet,Tarragona,Catalunya,,,,,osm,41.118016,1.2501099,2026-05-18
Smart Famous,Tarragona,Catalunya,,,,,osm,41.1197624,1.2509437,2026-05-18
Noa Perruqueria,Tarragona,Catalunya,,,,,osm,41.1198963,1.2509419,2026-05-18
Antonio Perruquers,Barcelona,Catalunya,,,,,osm,41.3883262,2.1360996,2026-05-18
Yoyoba,Motril,Andalucía,+34648792998,,,,osm,36.748043,-3.5145721,2026-05-18
Marta Reig,Barcelona,Catalunya,,,,,osm,41.3830495,2.1344637,2026-05-18
V2 Estilistes,Barcelona,Catalunya,+34935019072,,,,osm,41.376367,2.1305495,2026-05-18
La Plata,Córdoba,Andalucía,,,,,osm,37.8850517,-4.7794058,2026-05-18
Barbería El niño,Getafe,Madrid,,,,,osm,40.324783,-3.7170762,2026-05-18
Peluquería Doble A,Getafe,Madrid,,,,,osm,40.3239082,-3.7160836,2026-05-18
Jenifer,Burgos,Castilla y León,,,,,osm,42.3452202,-3.698678,2026-05-18
Peluquería Rose Style,Zamora,Castilla y León,+34980167687,,,https://www.facebook.com/pg/Rosse-Style-168831063296302/photos/?tab=album&album_id=474032296109509,osm,41.5058348,-5.7509135,2026-05-18
Victor Style,Madrid,Madrid,,,,,osm,40.3983826,-3.7675305,2026-05-18
Truver,Madrid,Madrid,,,,,osm,40.3977551,-3.7687543,2026-05-18
D Henry,Madrid,Madrid,,,,,osm,40.3980602,-3.7683787,2026-05-18
Samday Gema,Madrid,Madrid,,,,,osm,40.3976559,-3.7704689,2026-05-18
Altagracia,Madrid,Madrid,,,,,osm,40.3973932,-3.7710464,2026-05-18
Stefanie,Madrid,Madrid,,,,,osm,40.3976862,-3.7731229,2026-05-18
Jose & Joaqui,Madrid,Madrid,,,,,osm,40.3977747,-3.772904,2026-05-18
Solo las puntas,Santander,Cantabria,,,,,osm,43.458856,-3.826612,2026-05-18
Ana Aguilar,Almogía,Andalucía,,,,,osm,36.8265948,-4.5385781,2026-05-18
D Polo,Madrid,Madrid,,,,,osm,40.3981524,-3.7731379,2026-05-18
Lidia Coll,Tarragona,Catalunya,,,,,osm,41.1195696,1.2394245,2026-05-18
Bea,Tarragona,Catalunya,,,,,osm,41.1198256,1.2394127,2026-05-18
fashion,Tarragona,Catalunya,,,,,osm,41.1207672,1.2407809,2026-05-18
Mano Santa,Madrid,Madrid,,,,,osm,40.4066608,-3.6978514,2026-05-18
Barber shop Columbus,Meco,Madrid,,,,,osm,40.5504118,-3.3230661,2026-05-18
Javi Torrente barbis Cambrils,Reus,Catalunya,,,,,osm,41.0725053,1.0549605,2026-05-18
Peluquería Begoña Molinero,Zamora,Castilla y León,+34980510831,,,,osm,41.5061956,-5.7508348,2026-05-18
Anen Hairstyle,Baza,Andalucía,,,,,osm,37.4927277,-2.774518,2026-05-18
Sucesores Hermanos Martínez,Baza,Andalucía,,,,,osm,37.4902052,-2.7733659,2026-05-18
Ava Madrid,Madrid,Madrid,,,,,osm,40.4288654,-3.7007977,2026-05-18
Peluquería Encarni,Motril,Andalucía,,,,,osm,36.749743,-3.5171268,2026-05-18
Magda,Motril,Andalucía,+34609160384,,,,osm,36.7465613,-3.5188545,2026-05-18
Jaime Reyes,Madrid,Madrid,,,,,osm,40.4316974,-3.7146909,2026-05-18
Fina,Riudoms,Catalunya,,,,,osm,41.1387672,1.0525837,2026-05-18
Glitter,Pravia,Asturias / Asturies,+34984082273,,,,osm,43.4883903,-6.1102523,2026-05-18
Yolanda Alonso,Madrid,Madrid,,,,,osm,40.3708613,-3.7471867,2026-05-18
Salón Riss,La Línea de la Concepción,Andalucía,,,,,osm,36.1721436,-5.347269,2026-05-18
Barbería HK & M,Salamanca,Castilla y León,,,,,osm,40.9728345,-5.6646316,2026-05-18
J. Barrios,Agramunt,Catalunya,,,,,osm,41.7867428,1.0997039,2026-05-18
Antònia Cañadas García,Agramunt,Catalunya,,,,,osm,41.7865994,1.0974452,2026-05-18
Artlook,Agramunt,Catalunya,,,,,osm,41.7861627,1.0980345,2026-05-18
Perruqueria Pels Pèls,Agramunt,Catalunya,,,,,osm,41.785853,1.0975128,2026-05-18
_barber,Madrid,Madrid,,,,,osm,40.3835576,-3.7655685,2026-05-18
Black Studio Barbería,Córdoba,Córdoba,+34667547271,,,,osm,37.8779281,-4.7639297,2026-05-18
Shampoo,El Masnou,Catalunya,,,,,osm,41.4810813,2.3162423,2026-05-18
MIR BARBER SHOP,Barcelona,Catalunya,+34631433972,,,,osm,41.4106951,2.1723992,2026-05-18
Paco Peluqueros Caballeros,València,Comunitat Valenciana,,,,,osm,39.4704475,-0.4137604,2026-05-18
H2O,Castellanos de Moriscos,Castilla y León,+34630069602,,,,osm,41.019594,-5.5917846,2026-05-18
Demelsa,Castellanos de Moriscos,Castilla y León,+34923365395,,,,osm,41.0188827,-5.5934167,2026-05-18
Noelia Brown,Alcobendas,Madrid,+34671137353,,,https://noeliabrown.es/,osm,40.5505478,-3.6594743,2026-05-18
Isabel Martín,Motril,Andalucía,,,,,osm,36.7441732,-3.5146565,2026-05-18
Peluquería Eras,Motril,Andalucía,+34958820814,,,,osm,36.7487267,-3.5118728,2026-05-18
Black Style,Motril,Andalucía,+34644570183,,,,osm,36.7486909,-3.5088433,2026-05-18
Zendo,Motril,Andalucía,+34958605426,,,,osm,36.746382,-3.5090615,2026-05-18
Peluquería Elisabet,Motril,Andalucía,+34635238454,,,https://peluqueriaelisabet.es/,osm,36.7444387,-3.5103172,2026-05-18
Kedhara,Motril,Andalucía,,,,,osm,36.7443059,-3.5195735,2026-05-18
Little Barber,Ferrol,Galicia,+34881298194,,LittleBarber8,,osm,43.4850172,-8.2261847,2026-05-18
Peluquería de caballeros Javier Pando,Santa Cruz de Bezana,Cantabria,,,,,osm,43.4390975,-3.8995063,2026-05-18
Peluqueria Rizo,Xàtiva,Comunitat Valenciana,,,,,osm,38.9874469,-0.5239723,2026-05-18
Karmín Peluquerías,Noia,Galicia,,,,,osm,42.7889775,-8.8892789,2026-05-18
NAROÁ estilismo y belleza,Noia,Galicia,,,,,osm,42.7882353,-8.8898181,2026-05-18
Hairone,Madrid,Madrid,,,,,osm,40.4194566,-3.7003272,2026-05-18
Peluquería Baltha,Zamora,Castilla y León,+34980519286,,,,osm,41.5123439,-5.7520834,2026-05-18
Peluquería Siles,Madrid,Madrid,,,,,osm,40.4562022,-3.7144144,2026-05-18
Nova Gent,Alcarràs,Catalunya,+34973795010,,,,osm,41.5625468,0.5209697,2026-05-18
Tocs Perruqueria,Lleida,Catalunya,+34973280030,,,,osm,41.6140306,0.6198664,2026-05-18
Zurdo Ile-apaindegia,Errenteria,Euskadi,,,,,osm,43.3131182,-1.9038439,2026-05-18
Peluquería Félix,Motril,Andalucía,,,,,osm,36.7451442,-3.5158683,2026-05-18
Hermanos Chica,Motril,Andalucía,,,,,osm,36.7447777,-3.5203976,2026-05-18
Estética y Peluquería Zalia,Zamora,Castilla y León,+34980161137,,,,osm,41.5113962,-5.7520477,2026-05-18
La barberia de Pedro. Peluquería el y ella.,Meco,Madrid,,,,,osm,40.555848,-3.3284256,2026-05-18
Lazaro Hernandez,Sitges,Catalunya,,,,,osm,41.2374829,1.8077593,2026-05-18
Le Salon De Antonio León,Sitges,Catalunya,,,,,osm,41.2371743,1.8073477,2026-05-18
Agathé Rous,Barcelona,Catalunya,,,,,osm,41.3784607,2.1277559,2026-05-18
Marian Delgado Hair Styles,Málaga,Andalucía,+34951330361,mariandelgadohairstyles@gmail.com,,https://marian-delgado.com/,osm,36.7458442,-4.4261863,2026-05-18
Peluquería de Caballeros Álvaro Perea,Facinas,Andalucía,,,,,osm,36.1422863,-5.6982063,2026-05-18
Palacios,Barcelona,Catalunya,,,,,osm,41.3774324,2.1301239,2026-05-18
Salón Zakaria,Barcelona,Catalunya,,,,,osm,41.3787733,2.1296872,2026-05-18
Sara Ortega,Gijón / Xixón,Asturias / Asturies,,,,,osm,43.530489,-5.669732,2026-05-18
Beraca,Villanueva de Perales,Madrid,,,,,osm,40.3461451,-4.1003524,2026-05-18
D'Avila,Barcelona,Catalunya,,,,,osm,41.3827109,2.1580792,2026-05-18
Sonia Touzardti,Puerto de la Cruz,Canarias,,,,,osm,28.4169125,-16.5516709,2026-05-18
Giovanna,Motril,Andalucía,+34663962015,,,,osm,36.7474083,-3.5202768,2026-05-18
Spazio Capelli,Madrid,Madrid,,,,,osm,40.4357643,-3.6449767,2026-05-18
Llongueras,Madrid,Madrid,,,,,osm,40.4792457,-3.7083016,2026-05-18
Andrea Sánchez,Murcia,Murcia,,,,,osm,37.9908991,-1.103375,2026-05-18
Sergio Dorizzi,Motril,Andalucía,,,,,osm,36.7453115,-3.5169304,2026-05-18
Peluquería Terry,Olula del Río,Andalucía,,,,,osm,37.3559442,-2.2944576,2026-05-18
Pabletes,Madrid,Madrid,,,,,osm,40.4361249,-3.7047674,2026-05-18
Merans Peluqueros,Vitoria-Gasteiz,Euskadi,,,,,osm,42.8376034,-2.6690246,2026-05-18
M&C Peluquería,Vitoria-Gasteiz,Euskadi,,,,,osm,42.8357989,-2.6698906,2026-05-18
Peluquería-Barbería Alfredo,Vitoria-Gasteiz,Euskadi,,,,,osm,42.8385961,-2.6684982,2026-05-18
Iratxe,Manresa,Catalunya,,,,,osm,41.7317166,1.8255446,2026-05-18
Anire,Tarragona,Catalunya,,,,,osm,41.1162947,1.249333,2026-05-18
Gian the Barber,Bilbao,Euskadi,,,,,osm,43.2591454,-2.9431245,2026-05-18
Félix,Madrid,Madrid,,,,,osm,40.4064285,-3.6760536,2026-05-18
Miradas Peluqueros,Madrid,Madrid,,,,,osm,40.4058366,-3.6749584,2026-05-18
Omerta Barbershop,La Línea de la Concepción,Andalucía,,,,,osm,36.1628597,-5.3390543,2026-05-18
Blessed,Barcelona,Catalunya,,,,,osm,41.3692359,2.1029121,2026-05-18
Mo Me,Puerto de la Cruz,Canarias,,,,,osm,28.417024,-16.5425365,2026-05-18
Peluquería Plácido,Cazalla de la Sierra,Andalucía,,,,,osm,37.9300444,-5.7601603,2026-05-18
Hairo,Valladolid,Castilla y León,,,,,osm,41.6462579,-4.708658,2026-05-18
XlosPlos,Valladolid,Castilla y León,,,,,osm,41.6542208,-4.7111767,2026-05-18
Zoe del Valle,Valladolid,Castilla y León,,,,,osm,41.6528955,-4.7144028,2026-05-18
Peluquería Laura,Valladolid,Valladolid,+34983049753,,,,osm,41.6478773,-4.716239,2026-05-18
V&A Stylo,Valladolid,Castilla y León,,,,,osm,41.6506,-4.7120638,2026-05-18
Peluquería Fakih,Valladolid,Castilla y León,,,,,osm,41.6511273,-4.7126838,2026-05-18
As De Garay,Madrid,Madrid,,,,,osm,40.4384907,-3.7110412,2026-05-18
Punta Cires,La Línea de la Concepción,Andalucía,,,,,osm,36.1690368,-5.3407249,2026-05-18
La Grada,La Línea de la Concepción,Andalucía,,,,,osm,36.1617506,-5.3535062,2026-05-18
Brooklyn Barber Shop,La Línea de la Concepción,Andalucía,,,,,osm,36.1617749,-5.3524321,2026-05-18
Begoña Azorin,Elx / Elche,Comunitat Valenciana,,,,,osm,38.2757267,-0.669117,2026-05-18
Telube,Santiago de Compostela,Galicia,,,,,osm,42.8712025,-8.5479787,2026-05-18
Peluquería Peina-T,Málaga,Málaga,+34658164463,,,,osm,36.7163614,-4.4553917,2026-05-18
Yula Centro De Estetica,Aldaia,Comunitat Valenciana,,,,,osm,39.4905391,-0.4603967,2026-05-18
Ski Barber,Llagostera,Catalunya,+34972911533,,,,osm,41.8232463,2.8982324,2026-05-18
Peluquería Cristina Rodríguez,Motril,Andalucía,+34638205629,,,,osm,36.7496297,-3.5230725,2026-05-18
José Romo,Cádiz,Cádiz,,,,,osm,36.5184312,-6.2781026,2026-05-18
Academia Carmen Galan,Algeciras,Andalucía,+34856124252,,,,osm,36.1397133,-5.4559622,2026-05-18
Lucía Martín,Santa Cruz de La Palma,Canarias,,,,,osm,28.6867631,-17.7611381,2026-05-18
Toñi Peluquería,Santa Cruz de La Palma,Canarias,,,,,osm,28.6878456,-17.7606978,2026-05-18
Liliana,Santa Cruz de La Palma,Canarias,,,,,osm,28.6842362,-17.7641469,2026-05-18
Sintesis,Madrid,Madrid,,,,,osm,40.475881,-3.7009298,2026-05-18
Radical Barber,Santa Cruz de La Palma,Canarias,,,,,osm,28.6883446,-17.7653679,2026-05-18
Exclusif Estilistas,Madrid,Madrid,,,,,osm,40.3987627,-3.698889,2026-05-18
Javier Peluqueros,Madrid,Madrid,,,,,osm,40.3984026,-3.6981291,2026-05-18
Vega,Santa María del Páramo,Castilla y León,+34987350608,,,,osm,42.3558897,-5.7495887,2026-05-18
Honey Money,Madrid,Madrid,,,,,osm,40.3855533,-3.746101,2026-05-18
Perruqueria Judith Bosch,Sant Ramon,Catalunya,,,,,osm,41.7253831,1.3607261,2026-05-18
Orbo Peluquería y Belleza,Madrid,Madrid,,,,,osm,40.4102989,-3.6560468,2026-05-18
Yahya Barber Shop,Oviedo,Asturias / Asturies,,,,,osm,43.3668493,-5.832203,2026-05-18
Transparencias,Oviedo,Asturias / Asturies,,,,,osm,43.3668165,-5.83213,2026-05-18
Peluquería Ricardo Caballeros,Madrid,Madrid,,,,,osm,40.3918087,-3.7550253,2026-05-18
Oued Zem,Madrid,Madrid,,,,,osm,40.4074961,-3.6589696,2026-05-18
Flor de Loto,La Línea de la Concepción,Andalucía,,,,,osm,36.1641509,-5.35519,2026-05-18
New Look Anna,Centelles,Catalunya,,,,,osm,41.7953029,2.2193493,2026-05-18
Luh Maria Peluqueria,València,Comunitat Valenciana,+34663856053,,,,osm,39.4727767,-0.3810559,2026-05-18
Sr. Gato,Madrid,Madrid,,,,,osm,40.4168133,-3.6768832,2026-05-18
The Barber Money,Málaga,Andalucía,,,,,osm,36.7002388,-4.439773,2026-05-18
Belleza Total,Málaga,Andalucía,,,,,osm,36.701405,-4.4419966,2026-05-18
Aury,Málaga,Andalucía,,,,,osm,36.6956233,-4.4425496,2026-05-18
Pablo L.,Málaga,Andalucía,,,,,osm,36.6940839,-4.4446032,2026-05-18
A. J. Barbers,Málaga,Andalucía,,,,,osm,36.6935878,-4.4443239,2026-05-18
La Factoria,Gijón / Xixón,Asturias / Asturies,,,,,osm,43.5340402,-5.6656365,2026-05-18
Peluquería Lamiak,León,Castilla y León,,,,,osm,42.5950157,-5.5639915,2026-05-18
Vito,Málaga,Andalucía,,,,,osm,36.694065,-4.4436593,2026-05-18
Muac,Málaga,Andalucía,,,,,osm,36.6945823,-4.4404566,2026-05-18
Israel Castillo,Málaga,Andalucía,,,,,osm,36.6980839,-4.4441405,2026-05-18
Nador 2,Málaga,Andalucía,,,,,osm,36.7023322,-4.4452699,2026-05-18
Peluquería Gema y Pepa,Hinojosa del Duque,Andalucía,,,,,osm,38.4993069,-5.1455732,2026-05-18
Peluquería Hasta el Moño,Móstoles,Madrid,+34641252136,,,,osm,40.322916,-3.8696077,2026-05-18
Peluquería Estrella,Móstoles,Madrid,+34916187641,,,,osm,40.3227708,-3.8700649,2026-05-18
Circus Barber,Madrid,Madrid,,,,,osm,40.41595,-3.6738698,2026-05-18
Carlos y Andrés Peluqueros,Móstoles,Madrid,+34916182812,,,https://peluqueriacarlosyandres.es/,osm,40.3261826,-3.8622465,2026-05-18
Zak Hairstyle,Móstoles,Madrid,+34666687569,,,,osm,40.3229613,-3.8690198,2026-05-18
Peluquería de Caballeros Vicente,La Línea de la Concepción,Andalucía,,,,,osm,36.1650371,-5.3490582,2026-05-18
Quesada espai de bellesa i benestar,Sant Cugat del Vallès,Catalunya,+34935891017,,,https://espaiquesada.com/,osm,41.4736004,2.0873389,2026-05-18
Mónica Porres,Burgos,Castilla y León,,,,,osm,42.3508104,-3.666677,2026-05-18
Brown y Naranja,Rivas-Vaciamadrid,Madrid,,,,https://www.brownynaranja.com/peluqueria-rivas-vaciamadrid,osm,40.3478303,-3.5240608,2026-05-18
Ramón,Madrid,Madrid,,,,,osm,40.4286429,-3.6726743,2026-05-18
Celeste Rodríguez,Santa Cruz de La Palma,Canarias,,,,,osm,28.6811582,-17.7681806,2026-05-18
Salones Luquero,Santa Cruz de La Palma,Canarias,,,,,osm,28.6808439,-17.7678971,2026-05-18
Peluquería Farache,Madrid,Madrid,,,,,osm,40.404131,-3.7149649,2026-05-18
Joe Perruquers,Barcelona,Catalunya,,,,,osm,41.4040735,2.1419519,2026-05-18
José González Alonso,Fabero,Castilla y León,,,,,osm,42.7686863,-6.6250264,2026-05-18
Peluquería Oliva,Fabero,Castilla y León,,,,,osm,42.767444,-6.6311118,2026-05-18
L Candañedo,Fabero,Castilla y León,,,,,osm,42.7675616,-6.6285835,2026-05-18
Jessica Bravo Peluquería y Estética,Fabero,Castilla y León,,,,,osm,42.7676649,-6.626942,2026-05-18
Marie-Joe,l'Escala,Catalunya,,,,,osm,42.1136898,3.139569,2026-05-18
DHUO SAS,l'Escala,Catalunya,,,,,osm,42.1138923,3.139771,2026-05-18
Paco Marquez,Sevilla,Sevilla,,,,,osm,37.3254077,-5.9676989,2026-05-18
Muvint Peluqueros,Madrid,Madrid,,,,,osm,40.4069976,-3.6440038,2026-05-18
Sublime,Burgos,Castilla y León,+34693501742,,,,osm,42.3508441,-3.6730114,2026-05-18
Hair club,Reus,Catalunya,,,,,osm,41.0796171,1.1309109,2026-05-18
Barber Shop Barcelona,Reus,Catalunya,,,,,osm,41.0780158,1.1312511,2026-05-18
Custom,Burgos,Castilla y León,,,,,osm,42.3520925,-3.6677055,2026-05-18
Clic Clac,Sant Cugat del Vallès,Catalunya,+34936759589,,,,osm,41.4738826,2.089207,2026-05-18
Organic & Luxury Peluqueria,Sant Cugat del Vallès,Catalunya,+34695759563,,,,osm,41.4735409,2.0898507,2026-05-18
JAK,Burgos,Castilla y León,,,,,osm,42.3521523,-3.6671549,2026-05-18
BLONDE,Burgos,Burgos,+34947486989,,,https://www.blondeestilistas.com/,osm,42.3516392,-3.6670465,2026-05-18
Barber King,Burgos,Castilla y León,+34604132093,,,,osm,42.35173,-3.6701181,2026-05-18
ARY,Burgos,Castilla y León,,,,,osm,42.3516722,-3.6697141,2026-05-18
Gema Nogales Estilista,Hinojosa del Duque,Andalucía,,,,,osm,38.4965017,-5.143382,2026-05-18
Knockout Barber,Motril,Andalucía,+34643100821,,,,osm,36.7444711,-3.5237411,2026-05-18
Peluquería Darío,Motril,Andalucía,,,,,osm,36.7454976,-3.5148482,2026-05-18
Vanela Estilistas,Zamora,Castilla y León,+34633260721,,,,osm,41.5126655,-5.7546289,2026-05-18
The Black Hair Studio,Motril,Andalucía,+34608971701,,,,osm,36.7518258,-3.5187522,2026-05-18
Isabel Fuentes,Motril,Andalucía,+34958603575,,,,osm,36.7521076,-3.5185444,2026-05-18
Juan Kabello,Madrid,Madrid,,,,,osm,40.401795,-3.6959299,2026-05-18
Gushi barber shop,Madrid,Madrid,,,,,osm,40.4014406,-3.6961955,2026-05-18
María Patiño,Motril,Andalucía,+34657553373,,,,osm,36.7437106,-3.5145863,2026-05-18
Pepi,Geldo,Comunitat Valenciana,+34652631902,,,,osm,39.8366364,-0.4687877,2026-05-18
Pinak's,Madrid,Madrid,,,,,osm,40.3858539,-3.7447966,2026-05-18
RS,Madrid,Madrid,,,,,osm,40.406216,-3.7127,2026-05-18
A&F,Madrid,Madrid,,,,,osm,40.4042235,-3.7199399,2026-05-18
Akalai boys,Madrid,Madrid,,,,,osm,40.3874028,-3.7449036,2026-05-18
Damn Cuts,Madrid,Madrid,,,,,osm,40.4048343,-3.7132292,2026-05-18
Andy's,Madrid,Madrid,,,,,osm,40.3964459,-3.7372625,2026-05-18
Barberia Jordan,Sant Cugat del Vallès,Catalunya,+34654849622,,,,osm,41.473536,2.0880731,2026-05-18
Perruqueria Joan Llongueras,Sant Cugat del Vallès,Catalunya,+34616011097,,,,osm,41.4730905,2.0835645,2026-05-18
Linea Peluqueros,Madrid,Madrid,,,,,osm,40.4176369,-3.6730409,2026-05-18
Old Style Barber,Madrid,Madrid,,,,,osm,40.4171069,-3.6733041,2026-05-18
ROSS PELUQUERIA,Sant Cugat del Vallès,Catalunya,+34935831320,,,,osm,41.4734466,2.0825323,2026-05-18
Glow Studio by Anna Muñiz,Sant Cugat del Vallès,Catalunya,+34935153525,,,,osm,41.4730835,2.0828722,2026-05-18
ADR Barbershop,Sevilla,Sevilla,,,,,osm,37.3251712,-5.9672478,2026-05-18
Vannelian Estilistas,Sant Cugat del Vallès,Catalunya,+34936759672,,,,osm,41.4752516,2.0895891,2026-05-18
ATB,Madrid,Madrid,,,,,osm,40.367797,-3.7590275,2026-05-18
Newlook,Soria,Castilla y León,,,,,osm,41.7576357,-2.4708254,2026-05-18
José Sánchez Peluquero,Palma,Illes Balears,,,,,osm,39.5765051,2.6481571,2026-05-18
Peluquería Esther,Cangas de Morrazo,Galicia,+34986328424,,,,osm,42.277126,-8.8167907,2026-05-18
Perruqueries Albert,Lleida,Catalunya,,,,,osm,41.616899,0.6199219,2026-05-18
Gemma García,Málaga,Andalucía,,,,,osm,36.7202006,-4.462789,2026-05-18
The Haircut,Málaga,Andalucía,,,,,osm,36.7238449,-4.4618093,2026-05-18
AR Professional,Málaga,Andalucía,,,,,osm,36.7251703,-4.4617485,2026-05-18
Peluquería Alderba,Bilbao,Euskadi,,,,,osm,43.2650593,-2.9166532,2026-05-18
Carlos Castellano Estilista,Madrid,Madrid,,,,,osm,40.4159657,-3.673822,2026-05-18
Peluquería Nieves 1947,Oviedo,Asturias / Asturies,,,,,osm,43.364136,-5.8538557,2026-05-18
Marcos Atrio Peluqueiros,Chapela,Galicia,+34608784981,,,,osm,42.2681243,-8.6710029,2026-05-18
Cristian Pérez barber shop,Chapela,Galicia,,,,,osm,42.2680283,-8.6710924,2026-05-18
Telomereces,Carmona,Andalucía,,,,,osm,37.471885,-5.6446567,2026-05-18
Barberia Ambicion,Carmona,Andalucía,,,,,osm,37.4733012,-5.6443902,2026-05-18
Ayuso Peluqueros,Hinojosa del Duque,Andalucía,,,,,osm,38.4991058,-5.1468117,2026-05-18
Barbería Area 591,València,Comunitat Valenciana,+34617099667,,,,osm,39.4540296,-0.3927656,2026-05-18
Jessica,Campamento,Andalucía,,,,,osm,36.1776665,-5.3793005,2026-05-18
Zafir,Murcia,Murcia,,,,,osm,37.976257,-1.1277498,2026-05-18
Athenea,Murcia,Murcia,,,,,osm,37.9763106,-1.1285629,2026-05-18
La Barbería D'García,Murcia,Murcia,,,,,osm,37.9763733,-1.1282293,2026-05-18
La Nube estilistas,Redondela,Galicia,,,,,osm,42.2672368,-8.6718591,2026-05-18
Flocs,l'Escala,Catalunya,,,,,osm,42.1233914,3.1339775,2026-05-18
Peluquería Marlen,Hinojosa del Duque,Andalucía,,,,,osm,38.4985991,-5.1488667,2026-05-18
Peluquería M. Carmen,Lugo,Galicia,,,,,osm,43.0156389,-7.5614607,2026-05-18
Pardo peluqueros,Lugo,Galicia,,,,,osm,43.0079751,-7.5571511,2026-05-18
Beatriu Falcó Tomás,les Borges Blanques,Catalunya,,,,,osm,41.5212326,0.8670765,2026-05-18
Shave the Sailor,Vigo,Galicia,,,,https://shavethesailor.com/,osm,42.2361975,-8.7228514,2026-05-18
Black Star,Madridejos,Castilla-La Mancha,,,,,osm,39.467795,-3.5287621,2026-05-18
Peluquería Boba,Boquiñeni,Aragón,+34976652239,peluqueriaboba@hotmail.com,,https://www.instagram.com/bobapeluqueria/,osm,41.8461545,-1.2514967,2026-05-18
Anuska Piñeiro Estilistas,Fabero,Castilla y León,,,,,osm,42.7686119,-6.6246286,2026-05-18
Jd Otero Barber,La Línea de la Concepción,Andalucía,,,,,osm,36.1673045,-5.3457291,2026-05-18
Cristina Vivero Peluqueros,Madrid,Madrid,+34914731701,,,,osm,40.3961109,-3.6980367,2026-05-18
Jose Manuel,Zaragoza,Aragón,,,,,osm,41.64313,-0.884283,2026-05-18
L'Image Rose Studio,Zaragoza,Aragón,,,,,osm,41.6433828,-0.8838088,2026-05-18
Humberto Royo,Zaragoza,Aragón,,,,,osm,41.6430067,-0.8846289,2026-05-18
Silvina,Galapagar,Madrid,,,,,osm,40.631259,-4.0080329,2026-05-18
Khalifa,Galapagar,Madrid,,,,,osm,40.6294123,-4.0054223,2026-05-18
Barbería Jaume Palós,Barcelona,Catalunya,,,,,osm,41.3924405,2.1542413,2026-05-18
Céspedes Peluqueros,Llerena,Extremadura,,,,,osm,38.2369286,-6.0191876,2026-05-18
Steffscissors,Palma,Illes Balears,,,,,osm,39.572416,2.6510641,2026-05-18
Andrés Burillo,Alacant / Alicante,Comunitat Valenciana,+34622737200,,,,osm,38.3408474,-0.4968451,2026-05-18
Olga Franch Estilistes,Sant Fost de Campsentelles,Catalunya,+34681243877,olgafranchestilistes@gmail.com,,,osm,41.518479,2.2324456,2026-05-18
Blume peluquería,Tomelloso,Castilla-La Mancha,,,,,osm,39.1482614,-3.0239834,2026-05-18
Escultor,Madrid,Madrid,,,,,osm,40.4318417,-3.7123329,2026-05-18
Peluquería Daniel,Motril,Andalucía,+34958823102,,,,osm,36.7451772,-3.5197982,2026-05-18
Peluquería Aurelio,Villaviciosa,Asturias / Asturies,,,,,osm,43.480284,-5.4351092,2026-05-18
Barber Yassine,Zaragoza,Aragón,,,,,osm,41.6487073,-0.8896781,2026-05-18
Puerta del Carmen,Zaragoza,Aragón,,,,,osm,41.6493124,-0.8901797,2026-05-18
Chato Barber Studio,Madrid,Madrid,,,,,osm,40.4317149,-3.6188299,2026-05-18
Peluquería A Jing,Pamplona / Iruña,Navarra,,,,,osm,42.8114171,-1.6432338,2026-05-18
Peluquería unisex ANNA,Peníscola / Peñíscola,Comunitat Valenciana,+34964467750;+34607489942,,,,osm,40.3593126,0.4022071,2026-05-18
Cristina Estilistas,Cabezas de Alambre,Castilla y León,,,,,osm,40.9404909,-4.8407608,2026-05-18
Expray,Lugo,Galicia,,,,,osm,43.0267218,-7.5680215,2026-05-18
Jeyson,Lugo,Galicia,,,,,osm,43.0179002,-7.560958,2026-05-18
Fenix Centro Belleza,Pamplona / Iruña,Navarra,,,,,osm,42.807761,-1.6567492,2026-05-18
Cortijo,Pamplona / Iruña,Navarra,,,,,osm,42.8078117,-1.6562644,2026-05-18
Julian Tijeras,Pamplona / Iruña,Navarra,,,,,osm,42.8200549,-1.6688607,2026-05-18
Lola Peluquería's,Cangas de Morrazo,Galicia,,,,,osm,42.3198618,-8.7881333,2026-05-18
Number One,La Línea de la Concepción,Andalucía,,,,,osm,36.1632236,-5.3486989,2026-05-18
Academia de Peluquería Carei,Tomelloso,Castilla-La Mancha,+34926506416,,,https://www.metodocarei.es/,osm,39.1499654,-3.0189276,2026-05-18
Barbershop Marzouk,Tomelloso,Castilla-La Mancha,+34640551598,,,,osm,39.150075,-3.0178881,2026-05-18
Peluquería Cristi,San Roque,Andalucía,,,,,osm,36.2102385,-5.3843125,2026-05-18
Elluis,Tudela,Navarra,,,,,osm,42.0598861,-1.6038598,2026-05-18
Rosé,Alacant / Alicante,Comunitat Valenciana,,,,,osm,38.3471337,-0.4890615,2026-05-18
Tetuan Barber Shop,Tomelloso,Castilla-La Mancha,+34634919317,,,,osm,39.1512451,-3.0151001,2026-05-18
Extempore,Alacant / Alicante,Comunitat Valenciana,,,,,osm,38.3463868,-0.488664,2026-05-18
Peluquería Tonos,Ampuero,Cantabria,,,,,osm,43.3428277,-3.4167575,2026-05-18
Bobe Barber Shop,Santa Cruz de Tenerife,Canarias,,,,,osm,28.4682526,-16.252588,2026-05-18
Barney Peluqueros,Burgos,Burgos,+34947263607,,,,osm,42.3391461,-3.7018041,2026-05-18
Intza Ileapaindegia,Donostia / San Sebastián,Euskadi,,,,,osm,43.269577,-2.0489659,2026-05-18
Eva López,Llucmajor,Illes Balears,,,,,osm,39.504081,2.754272,2026-05-18
Frankfort2,Madrid,Madrid,,,,,osm,40.3935674,-3.7519412,2026-05-18
Roxel.ll,Madrid,Madrid,,,,,osm,40.3879912,-3.7524645,2026-05-18
El Salón Anna,Benidorm,Comunitat Valenciana,,,,,osm,38.5484405,-0.0982156,2026-05-18
Peluquería Loviz,Jaca,Aragón,,,,,osm,42.5697187,-0.5505262,2026-05-18
Facciolo,Burgos,Burgos,+34947241601,,,,osm,42.3475242,-3.69171,2026-05-18
Mellizas,Sevilla,Sevilla,,,,,osm,37.3253072,-5.965764,2026-05-18
Raul Gonzalez,Sevilla,Sevilla,,,,,osm,37.3252398,-5.9655789,2026-05-18
P. Consul Barber,Alcarràs,Catalunya,,,,,osm,41.5642773,0.5253352,2026-05-18
Rosa Gòdia Perruqueria Unisex,Alcarràs,Catalunya,+34973790141,,,,osm,41.5633814,0.5280466,2026-05-18
Francho's Barber By Andreu Ribes,Alcarràs,Catalunya,+34639392395,,,,osm,41.5637095,0.5270669,2026-05-18
Mi Imagen,Marbella,Andalucía,,,,,osm,36.5148021,-4.8749343,2026-05-18
Peluquería Belén Sánchez,Atarfe,Andalucía,,,,,osm,37.1533039,-3.6725479,2026-05-18
Ibel - Secret 23,Valls,Catalunya,,,,,osm,41.2955763,1.256971,2026-05-18
Imeria Perruqueria,Valls,Catalunya,,,,,osm,41.2949157,1.2576137,2026-05-18
Peluquería Barberia Yassin,Madrid,Madrid,+34919952546,,,,osm,40.3681306,-3.756952,2026-05-18
Maralex,Tomelloso,Castilla-La Mancha,+34636869406,,,,osm,39.1541197,-3.0089471,2026-05-18
Barbería «H»,Ponte do Porto,Galicia,+34641714048,,,,osm,43.1388743,-9.1157182,2026-05-18
Malo,Zaragoza,Aragón,,,,,osm,41.6513555,-0.8800584,2026-05-18
Mónica Baigorri,Zaragoza,Aragón,,,,,osm,41.6510582,-0.8802701,2026-05-18
Elfie Chevalier,Pamplona / Iruña,Navarra,,,,,osm,42.8044788,-1.6804202,2026-05-18
NOOK Hair,València,Comunitat Valenciana,+34614365781,contact@nookhairsalon.com,@nookhairsalon,https://www.nookhairsalon.com/,osm,39.4680663,-0.3366958,2026-05-18
Peluquería DayLOOK,Orihuela,Comunitat Valenciana,,,,,osm,38.0837523,-0.9438691,2026-05-18
Fina Guiseris,Lleida,Catalunya,,,,,osm,41.6177922,0.6172334,2026-05-18
ENE Perruqueria,Lleida,Catalunya,,,,,osm,41.6184097,0.6173307,2026-05-18
Groc i Blau,Lleida,Catalunya,,,,,osm,41.6243202,0.6228823,2026-05-18
Perruqueria Gracia Maldonado,Lleida,Catalunya,,,,,osm,41.6248306,0.6237649,2026-05-18
Perruqueria Masculina,Lleida,Catalunya,,,,,osm,41.6241135,0.6243734,2026-05-18
Peluquería Meireles,O Barco,Galicia,,,,,osm,42.4148774,-6.9778504,2026-05-18
Rayo,Madrid,Madrid,,,,,osm,40.3929615,-3.659305,2026-05-18
Joldina,Madrid,Madrid,,,,,osm,40.3928481,-3.6633971,2026-05-18
Cristina Rubio,Madrid,Madrid,,,,,osm,40.4071778,-3.6942053,2026-05-18
AlexHair,Madrid,Madrid,,,,,osm,40.3952474,-3.6630907,2026-05-18
Glow,Madrid,Madrid,,,,,osm,40.403711,-3.6799083,2026-05-18
Pelu2,Madrid,Madrid,,,,,osm,40.3873811,-3.7427426,2026-05-18
Voilà,Zaragoza,Aragón,,,,,osm,41.6425817,-0.8753151,2026-05-18
Daniel Moisés Muñoz Flores,Motril,Andalucía,+34958603903,,,,osm,36.7448509,-3.5157787,2026-05-18
Perruqueria Oriental,Lleida,Catalunya,,,,,osm,41.6240853,0.6245947,2026-05-18
Yodima,Lleida,Catalunya,,,,,osm,41.62424,0.6248592,2026-05-18
MB Estil Perruqueria,Lleida,Catalunya,,,,,osm,41.6229449,0.6234284,2026-05-18
A&C Estilisme,Lleida,Catalunya,,,,,osm,41.6226151,0.6264986,2026-05-18
Perruquería Jervi'S Jovita Martí,Lleida,Catalunya,,,,,osm,41.6227212,0.626409,2026-05-18
Peluquería Charif,Lleida,Catalunya,,,,,osm,41.6232299,0.6256587,2026-05-18
Escándalo,Zaragoza,Aragón,+34976277808,,,,osm,41.6318747,-0.8843966,2026-05-18
Laia's Perruqueria,Olvan,Catalunya,,,,,osm,42.0571337,1.9051099,2026-05-18
Nuevo Estilo Peluqueros,Cazalla de la Sierra,Andalucía,,,,,osm,37.9338935,-5.7596359,2026-05-18
The King Barber,Cazalla de la Sierra,Andalucía,,,,,osm,37.9346193,-5.7595532,2026-05-18
Peluquería Sillero,Sant Boi de Llobregat,Catalunya,,,,,osm,41.3569135,2.0299278,2026-05-18
Hafid Barberia,Calafell,Catalunya,,,,,osm,41.1940438,1.6085734,2026-05-18
Daniel Leal,San Javier,Murcia,,,,,osm,37.8010805,-0.8266986,2026-05-18
Pels Boixos,Calafell,Catalunya,,,,,osm,41.1937589,1.606528,2026-05-18
Rulos,Boiro,Galicia,,,,,osm,42.6405102,-8.8814447,2026-05-18
Style Ramón Peluquerías,Calafell,Catalunya,,,,,osm,41.1932976,1.605228,2026-05-18
Barbería A13,Lleida,Catalunya,,,,,osm,41.6109864,0.6202985,2026-05-18
Ruth Perruqueria,Lleida,Catalunya,,,,,osm,41.6110617,0.6204037,2026-05-18
Barber Shop Family,Calafell,Catalunya,,,,,osm,41.1930399,1.6038385,2026-05-18
Mas que pelos,Calafell,Catalunya,,,,,osm,41.1928501,1.6033336,2026-05-18
Estrella,Calafell,Catalunya,,,,,osm,41.1930553,1.6032122,2026-05-18
SBLM Studio,Calafell,Catalunya,,,,,osm,41.193086,1.6033073,2026-05-18
Eric,Calafell,Catalunya,,,,,osm,41.1932314,1.6037271,2026-05-18
Imatge Perruquers,Lleida,Catalunya,,,,,osm,41.6105184,0.6167563,2026-05-18
Barbas Mister,Sant Boi de Llobregat,Catalunya,,,,,osm,41.3570161,2.0316527,2026-05-18
Lomboki Barber Shop,Sant Boi de Llobregat,Catalunya,,,,,osm,41.3556279,2.0313372,2026-05-18
ANNANAS,València,Comunitat Valenciana,,,,https://barberannanas.com/,osm,39.4740504,-0.3498517,2026-05-18
Anna Hair & Beauty,Ripoll,Catalunya,,,,,osm,42.2236038,2.1696838,2026-05-18
Djoe barbers,Motril,Andalucía,+34663279118,,,,osm,36.7463226,-3.5158018,2026-05-18
Perruqueria Carmen,Sant Boi de Llobregat,Catalunya,,,,,osm,41.3567507,2.0316639,2026-05-18
Perruqueria,Sant Boi de Llobregat,Catalunya,,,,,osm,41.3561446,2.0341241,2026-05-18
Peluquería Analía,Castelló d'Empúries,Catalunya,,,,,osm,42.2473566,3.1277119,2026-05-18
Tendencias,Calafell,Catalunya,,,,,osm,41.1990406,1.5990667,2026-05-18
Cristhian Barber Shop,Santander,Cantabria,+34641203797,,,,osm,43.4593552,-3.8274331,2026-05-18
La Barbería Moderna,Sant Boi de Llobregat,Catalunya,,,,,osm,41.356383,2.0298667,2026-05-18
Estil 9,Sant Boi de Llobregat,Catalunya,,,,,osm,41.3563718,2.0298101,2026-05-18
Apolo,Renedo de Piélagos,Cantabria,,,,,osm,43.3548061,-3.9535619,2026-05-18
Peluquería Núria y Noelia,Sant Boi de Llobregat,Catalunya,,,,,osm,41.3553708,2.0348604,2026-05-18
D’Prada,Ponferrada,Castilla y León,,,,,osm,42.5487871,-6.5982294,2026-05-18
Perruqueria La Tisora,Lleida,Catalunya,,,,,osm,41.6215956,0.6229788,2026-05-18
Luisa Pérez,Benidorm,Comunitat Valenciana,,,,,osm,38.5397384,-0.134499,2026-05-18
Mónica & George's,Benidorm,Comunitat Valenciana,,,,,osm,38.5400142,-0.1342574,2026-05-18
Kerlin Salon,Zaragoza,Aragón,,,,,osm,41.6309699,-0.8883429,2026-05-18
La Pelu,Mojácar Playa,Andalucía,,,,,osm,37.1228487,-1.8332979,2026-05-18
Ainoha,Girona,Catalunya,,,,,osm,41.9758535,2.8142866,2026-05-18
Mr Barber,Girona,Catalunya,,,,,osm,41.9758261,2.8143138,2026-05-18
Natura y Belleza Barbería,La Línea de la Concepción,Andalucía,,,,,osm,36.1647422,-5.3490001,2026-05-18
Peluquería Kesia,Zaragoza,Aragón,,,,,osm,41.6337689,-0.8752858,2026-05-18
Peluquería Riomartín,Zaragoza,Aragón,,,,,osm,41.6337137,-0.8752958,2026-05-18
Mª Carmen Monguilán,Zaragoza,Aragón,,,,,osm,41.6534535,-0.8580343,2026-05-18
Omar,Zaragoza,Aragón,,,,,osm,41.6359953,-0.8749669,2026-05-18
King's Barbershop,Zaragoza,Aragón,,,,,osm,41.6335909,-0.8753325,2026-05-18
Mac Estilistas,Córdoba,Andalucía,,,,,osm,37.8890395,-4.7846205,2026-05-18
Divission,San Fernando de Henares,Madrid,+34639780165,,,,osm,40.4276447,-3.5379024,2026-05-18
Golden Hair,Burgos,Castilla y León,,,,,osm,42.3489139,-3.6904824,2026-05-18
Peluquería Mar & Sol,Motril,Andalucía,+34722672692,,,,osm,36.703492,-3.4879534,2026-05-18
Peluquería Cristina García,Motril,Andalucía,,,,,osm,36.7041096,-3.4893057,2026-05-18
Peluquería G&D,Motril,Andalucía,+34619446051,,,https://salongd.es/,osm,36.7055268,-3.4917341,2026-05-18
Kontrastes,Zaragoza,Aragón,,,,,osm,41.6450863,-0.8802978,2026-05-18
Somera,Bilbao,Euskadi,,,,,osm,43.2556394,-2.9232597,2026-05-18
The Barcenas,Bilbao,Euskadi,,,,,osm,43.2558994,-2.9231287,2026-05-18
Manos Máginas,Córdoba,Andalucía,,,,,osm,37.8898966,-4.7840786,2026-05-18
Peluquería Impakto,Benidorm,Comunitat Valenciana,,,,,osm,38.5368612,-0.1042459,2026-05-18
Alberto Cerdán,Oviedo,Asturias / Asturies,,,,,osm,43.3634125,-5.8516791,2026-05-18
Peluquería Abdnaw,La Línea de la Concepción,Andalucía,,,,,osm,36.1769257,-5.3467013,2026-05-18
Peluquerías Beymar,Santiago de Compostela,Galicia,,,,,osm,42.876306,-8.5434943,2026-05-18
Silvia Balastegui,Córdoba,Andalucía,,,,,osm,37.8885033,-4.7843881,2026-05-18
La Barbería de Gorbano,Córdoba,Andalucía,,,,,osm,37.8884871,-4.7845279,2026-05-18
Ell i Ella Perruqueria,Sant Guim de Freixenet,Catalunya,,,,,osm,41.6568877,1.4215706,2026-05-18
Alcántara,Córdoba,Andalucía,,,,,osm,37.8978057,-4.7825581,2026-05-18
Pilar León,Córdoba,Andalucía,,,,,osm,37.8932434,-4.7770179,2026-05-18
Liz,Lleida,Catalunya,,,,,osm,41.615962,0.6175228,2026-05-18
Talavera Inc,Talavera de la Reina,Castilla-La Mancha,,,,,osm,39.9678774,-4.8218913,2026-05-18
Perruqueria Laura,Esparreguera,Catalunya,+34600647282,,,,osm,41.5306609,1.839948,2026-05-18
Manu Prieto,Córdoba,Andalucía,,,,,osm,37.8892147,-4.7833792,2026-05-18
Delme Molloy,Motril,Andalucía,+34958824864,,,,osm,36.731185,-3.4872671,2026-05-18
Cacharo,Talavera de la Reina,Castilla-La Mancha,,,,,osm,39.9683934,-4.8206374,2026-05-18
Bellido Peluquero,Cazalla de la Sierra,Andalucía,,,,,osm,37.933954,-5.7604343,2026-05-18
Angie Nair,Barcelona,Catalunya,,,,,osm,41.3710483,2.1016885,2026-05-18
Barbería Paris,Ferrol,Galicia,,,,,osm,43.4876108,-8.2260029,2026-05-18
Peluquería Isa,Mieres del Camín,Asturias / Asturies,,,,,osm,43.2478661,-5.7738986,2026-05-18
Raquel Ardura,Mieres del Camín,Asturias / Asturies,,,,,osm,43.2478864,-5.7741937,2026-05-18
Peluquería Carlos Pichel,Oviedo,Asturias / Asturies,,,,,osm,43.3637154,-5.8450881,2026-05-18
Manuel Mon Estilistas,Oviedo,Asturias / Asturies,,,,,osm,43.3655318,-5.8524367,2026-05-18
Nuria Díaz Hair Stylist,Mieres del Camín,Asturias / Asturies,,,,,osm,43.2501995,-5.7755807,2026-05-18
Icus,Barcelona,Catalunya,,,,,osm,41.3864565,2.1592865,2026-05-18
Barberia Abdó,Guissona,Catalunya,,,,,osm,41.784698,1.2884885,2026-05-18
Estefanía Castro,Mieres,Asturias / Asturies,,,,,osm,43.2493327,-5.7719227,2026-05-18
Al teu estil,Guissona,Catalunya,,,,,osm,41.7863626,1.2928016,2026-05-18
Tània Perruqueria,Guissona,Catalunya,,,,,osm,41.7869715,1.2947382,2026-05-18
Barbería Classic,Vitoria-Gasteiz,Euskadi,,,,,osm,42.8565494,-2.6762816,2026-05-18
Angel López,Vitoria-Gasteiz,Euskadi,,,,,osm,42.8564938,-2.6765867,2026-05-18
Sonia Muñoz,Cuenca,Castilla-La Mancha,,,,,osm,40.07097,-2.1345057,2026-05-18
Barbería Gómez,Ponferrada,Castilla y León,,,,,osm,42.5498839,-6.601699,2026-05-18
Paula Montes,Mieres,Asturias / Asturies,,,,,osm,43.2514219,-5.7729698,2026-05-18
FashionKids,Madrid,Madrid,,,,https://fashionkids.es/salones-2/pozuelo-de-alarcon/,osm,40.4447944,-3.7887744,2026-05-18
Susana y María del Carmen,Motril,Andalucía,,,,,osm,36.7465334,-3.5228915,2026-05-18
Peluquería Esther Pino,Motril,Andalucía,+34958825109,,,,osm,36.7471958,-3.5124445,2026-05-18
Dryan Studio,Motril,Andalucía,,,,,osm,36.7472178,-3.5124893,2026-05-18
Peluquería Estética Carmen Mañas,Benidorm,Comunitat Valenciana,,,,,osm,38.5318768,-0.1066972,2026-05-18
Peluquería Mariana,Gualchos,Andalucía,+34642389873,,,,osm,36.7230461,-3.356777,2026-05-18
Shishi Dave Barber,Gualchos,Andalucía,,,,,osm,36.7227283,-3.3589685,2026-05-18
Jone Mendizabal Ileapaindegia,Ataun,Euskadi,+34943180492,,,,osm,43.0063255,-2.1762123,2026-05-18
Barbería Cartago,Madrid,Madrid,,,,https://www.instagram.com/cartago_barberiaa/,osm,40.4442447,-3.7901295,2026-05-18
Paco Simón,Cuenca,Castilla-La Mancha,,,,,osm,40.0698121,-2.1354608,2026-05-18
Salon 223,Barcelona,Catalunya,,,,,osm,41.3854219,2.1580049,2026-05-18
Gerclem,Gijón / Xixón,Asturias / Asturies,,,,,osm,43.5369025,-5.6602083,2026-05-18
Centro de estética Pilar Molina,Cádiz,Andalucía,+34956276017,,,,osm,36.5232788,-6.2858879,2026-05-18
Ysabel,Mieres,Asturias / Asturies,,,,,osm,43.2490466,-5.7729683,2026-05-18
El Arca,Cuenca,Castilla-La Mancha,,,,,osm,40.0746364,-2.1373726,2026-05-18
The Stylist Station by Eva,La Línea de la Concepción,Andalucía,,,,,osm,36.162545,-5.3487069,2026-05-18
Peluquería Dorcas,La Línea de la Concepción,Andalucía,,,,,osm,36.1622637,-5.3488631,2026-05-18
Chic Peluquería y Estética,Mieres,Asturias / Asturies,,,,,osm,43.2493615,-5.7732158,2026-05-18
Charo Álvarez,Mieres,Asturias / Asturies,,,,,osm,43.2502658,-5.7784847,2026-05-18
JP Chimeneón,Córdoba,Andalucía,,,,,osm,37.8927311,-4.7756113,2026-05-18
Mery,Cartagena,Murcia,,,,,osm,37.6079081,-0.9904307,2026-05-18
Loreia,Donostia / San Sebastián,Euskadi,,,,,osm,43.3102701,-1.9668068,2026-05-18
Lissa,Cuenca,Castilla-La Mancha,,,,,osm,40.0738262,-2.13659,2026-05-18
NouEstil,Pego,Comunitat Valenciana,+34965583111,,,,osm,38.7795587,-0.0630802,2026-05-18
Peluquería Enrique Martínez,Mieres del Camín,Asturias / Asturies,,,,,osm,43.2465489,-5.7747822,2026-05-18
Peluquería de caballeros Real,Granada,Granada,+34631693167,,,,osm,37.1876866,-3.5999687,2026-05-18
Lorena Tejado,Andoain,Euskadi,+34943101982,,,,osm,43.2201276,-2.0225679,2026-05-18
Maeso,Cuenca,Castilla-La Mancha,,,,,osm,40.067228,-2.134698,2026-05-18
Peluqueria Alqvimia,Granollers,Catalunya,,,,,osm,41.5510169,2.2871196,2026-05-18
Berca,Córdoba,Andalucía,,,,,osm,37.8954734,-4.7732948,2026-05-18
Laura Collado,Córdoba,Andalucía,,,,,osm,37.8943654,-4.7749907,2026-05-18
JP Cuts,Córdoba,Andalucía,,,,,osm,37.8951204,-4.7714771,2026-05-18
Peluquería Loli Goñi,Pamplona / Iruña,Navarra,,,,,osm,42.804746,-1.673848,2026-05-18
Peluquería Barbería Karaouni,Pamplona / Iruña,Navarra,,,,,osm,42.8048282,-1.674836,2026-05-18
Salón Sinuan Art Hair,Villena,Comunitat Valenciana,+34965802554,,,https://sinuanvillena.com/,osm,38.6339612,-0.8648347,2026-05-18
Perruqueria Pere Saiz,Organyà,Catalunya,,,,,osm,42.2110468,1.3277226,2026-05-18
Carme,Organyà,Catalunya,,,,,osm,42.2102395,1.3264098,2026-05-18
The Lords Barber,Cartagena,Murcia,,,,,osm,37.605164,-0.9872211,2026-05-18
Perruqueria Cristina Rojas,Sant Boi de Llobregat,Catalunya,,,,,osm,41.3465398,2.0280226,2026-05-18
CBR,Miraflores de la Sierra,Madrid,,,,,osm,40.7543367,-3.7870511,2026-05-18
Laura Pavón,Oviedo,Asturias / Asturies,,,,,osm,43.3709385,-5.8541582,2026-05-18
José M. Alba,Oviedo,Asturias / Asturies,,,,,osm,43.3710706,-5.8550139,2026-05-18
Estudio de barbería Chema Argibay,Pontevedra,Galicia,+34672763027,,,,osm,42.4274056,-8.6412277,2026-05-18
Úrsula y Vicen,Mieres,Asturias / Asturies,,,,,osm,43.2513262,-5.7733775,2026-05-18
Eduard,Barcelona,Catalunya,,,,,osm,41.3818272,2.1497218,2026-05-18
Zaira Alves,Barcelona,Catalunya,,,,,osm,41.3816954,2.149901,2026-05-18
Estilistas Silvia Poza,Mieres del Camín,Asturias / Asturies,,,,,osm,43.2491337,-5.7740918,2026-05-18
Mayca Yáñez,Santiago de Compostela,Galicia,,,,,osm,42.8725065,-8.5511885,2026-05-18
Barbería Ze,Santiago de Compostela,Galicia,,,,,osm,42.8721728,-8.5515058,2026-05-18
Barbería Perfil,Santiago de Compostela,Galicia,,,,,osm,42.8732735,-8.5515172,2026-05-18
On Hair Estilistas,Santiago de Compostela,Galicia,,,,,osm,42.8735166,-8.5517008,2026-05-18
Peluquería y Estética la Pelu,Andoain,Euskadi,,,,,osm,43.2209027,-2.0206712,2026-05-18
Estilisme Casado,Sant Boi de Llobregat,Catalunya,,,,,osm,41.3465375,2.0253476,2026-05-18
Aire's,Madrid,Madrid,,,,,osm,40.4297026,-3.7085593,2026-05-18
TaiYangFeng,Madrid,Madrid,,,,,osm,40.4219721,-3.7102438,2026-05-18
Peluqueros Shanghai China,Madrid,Madrid,,,,,osm,40.4209702,-3.7096655,2026-05-18
Peluquero a tu Medida,La Oliva,Canarias,,,,,osm,28.7384445,-13.868526,2026-05-18
Isidoro Peluqueros,Mieres del Camín,Asturias / Asturies,,,,,osm,43.2511614,-5.7750304,2026-05-18
SeyLí,Granada,Andalucía,,,,,osm,37.1999226,-3.6162594,2026-05-18
J.J. Barber Shop,Sant Boi de Llobregat,Catalunya,,,,,osm,41.3496625,2.0272685,2026-05-18
AMG Piojillos,Sant Boi de Llobregat,Catalunya,,,,,osm,41.3495997,2.02729,2026-05-18
Entre2 B&S,Sant Boi de Llobregat,Catalunya,,,,,osm,41.3473834,2.0268798,2026-05-18
Hair Salon Alba,Sant Boi de Llobregat,Catalunya,,,,,osm,41.3474978,2.0275672,2026-05-18
Oliva Peluqueros,A Fonsagrada,Galicia,+34982340340,,,,osm,43.126113,-7.0679706,2026-05-18
Peluquería Conchi Antón,Alicante,Alicante,,,,,osm,38.3460637,-0.5082093,2026-05-18
Peluqueria caballeros Héctor,Ribadesella/Ribeseya,Asturias / Asturies,,,,,osm,43.4626829,-5.0572892,2026-05-18
Barber Shop Five Stars,Madrid,Madrid,,,,https://www.mercadodonacarlota.es/puesto/barber-shop-five-stars/,osm,40.4031577,-3.6613224,2026-05-18
Pels A Punt,Barcelona,Catalunya,,,,,osm,41.4054473,2.203276,2026-05-18
Feroz,Barcelona,Catalunya,,,,,osm,41.4054712,2.2046246,2026-05-18
Sou Barber,Barcelona,Catalunya,,,,,osm,41.4054085,2.2047029,2026-05-18
Solveig Estilistes,Barcelona,Catalunya,,,,,osm,41.4044047,2.2060658,2026-05-18
Roser Font,Sant Boi de Llobregat,Catalunya,,,,,osm,41.3508651,2.0277822,2026-05-18
Tannara Perruquers,Sant Boi de Llobregat,Catalunya,,,,,osm,41.349274,2.028048,2026-05-18
Peluquería Carlos Asensio Armero,Sant Boi de Llobregat,Catalunya,,,,,osm,41.3487275,2.0279031,2026-05-18
Edel y Toñy,Barcelona,Catalunya,,,,,osm,41.4095911,2.1514043,2026-05-18
Ali Peluqueira,Barcelona,Catalunya,,,,,osm,41.4043892,2.2038147,2026-05-18
Colors,Sant Boi de Llobregat,Catalunya,,,,,osm,41.3477595,2.0286933,2026-05-18
Valenzuela & Pelegrín,Sant Boi de Llobregat,Catalunya,,,,,osm,41.3469826,2.0286747,2026-05-18
García Hair Concept,Sant Boi de Llobregat,Catalunya,,,,,osm,41.3471405,2.0282868,2026-05-18
Essence Barber,Aspe,Comunitat Valenciana,,,,,osm,38.3477122,-0.7622934,2026-05-18
Alonso Riera,Mieres,Asturias / Asturies,,,,,osm,43.2526622,-5.7745105,2026-05-18
Peluquería Jennifer Villegas,Albuñol,Andalucía,+34690961628,,,,osm,36.7486604,-3.1724391,2026-05-18
N13 Barbershop,Sant Boi de Llobregat,Catalunya,,,,,osm,41.345965,2.0286766,2026-05-18
Boston,Eibar,Euskadi,,,,,osm,43.1850232,-2.468607,2026-05-18
Peluquería Low Cost,Lleida,Catalunya,+34973046312,,,,osm,41.622902,0.6226418,2026-05-18
La Niña De Los Peines,Buitrago del Lozoya,Madrid,,,,,osm,40.9939851,-3.6364063,2026-05-18
Lady Cut Barber,Murcia,Murcia,+34968293645,,,https://ladycutbarber.com/,osm,37.9943288,-1.1389562,2026-05-18
Easy Barber Shop,Arrecife,Canarias,,,,,osm,28.961299,-13.5494736,2026-05-18
Christians,Arrecife,Canarias,,,,,osm,28.9629623,-13.544647,2026-05-18
Leo Barber – Craft Private Hair Room,Adeje,Canarias,,,,https://dikidi.net/1320702,osm,28.053642,-16.7087865,2026-05-18
Raquel Collado Peluquería,Xirivella,Comunitat Valenciana,+34963595295,,,,osm,39.4661687,-0.4315908,2026-05-18
Golden Fingers Barber Shop & Tatoo,Xirivella,Comunitat Valenciana,+34961182836,,,,osm,39.4661355,-0.4309515,2026-05-18
Blessed Barber Studio,Xirivella,Comunitat Valenciana,+34622779144,,,,osm,39.465301,-0.4307894,2026-05-18
Barber Rincon,Vitoria-Gasteiz,Euskadi,,,,,osm,42.846518,-2.6799657,2026-05-18
Peluquería y Estética Latina,Xirivella,Comunitat Valenciana,+34662421718,,,,osm,39.4658753,-0.4302233,2026-05-18
Kibele,Lleida,Catalunya,,,,,osm,41.6122704,0.6196802,2026-05-18
Beth's,Lleida,Catalunya,,,,,osm,41.6129951,0.6240114,2026-05-18
Barbería Latina,Xirivella,Comunitat Valenciana,,,,,osm,39.466031,-0.4298357,2026-05-18
Peluquería barbería Inghel,Madrid,Madrid,,,,,osm,40.4238862,-3.5670245,2026-05-18
Isabel Muñoz,Lleida,Catalunya,,,,,osm,41.6202257,0.6239028,2026-05-18
Joy to be real,Lleida,Catalunya,,,,,osm,41.6178817,0.6207654,2026-05-18
f.maza,Lleida,Catalunya,,,,,osm,41.61765,0.6202345,2026-05-18
Miguel Ángel & Cristian Peluqueros Unisex,Sagunt / Sagunto,Comunitat Valenciana,+34960805189,,,https://booksy.com/es-es/dl/show-business/86478,osm,39.6616713,-0.2272385,2026-05-18
Fontova Barber Shop,Sant Boi de Llobregat,Catalunya,,,,,osm,41.3506199,2.0318986,2026-05-18
Arienes Peluqueria,Sant Boi de Llobregat,Catalunya,,,,,osm,41.3508524,2.0316124,2026-05-18
Euforia,Sant Boi de Llobregat,Catalunya,,,,,osm,41.3515513,2.031165,2026-05-18
Hair.Studio Peluqueros,Sant Boi de Llobregat,Catalunya,,,,,osm,41.3513772,2.0304584,2026-05-18
Sunny Barber Shop,Barcelona,Catalunya,+34930112416,,,,osm,41.4497734,2.2335744,2026-05-18
Ruth Pons,Sant Boi de Llobregat,Catalunya,,,,,osm,41.3501511,2.0295543,2026-05-18
Cartagi,Madrid,Madrid,,,,,osm,40.3972525,-3.7049681,2026-05-18
Perruqueria Sara,Barcelona,Catalunya,+34689824033,,sara.peluqueriayestetica,,osm,41.4496274,2.2337387,2026-05-18
Bilboclippers Barber Shop,Adra,Andalucía,,,,,osm,36.7480341,-3.0235977,2026-05-18
El Rosario,Miraflores de la Sierra,Madrid,,,,,osm,40.8135917,-3.7670312,2026-05-18
Peluquería Estrella,Xirivella,Comunitat Valenciana,+34695581932,,,,osm,39.4668087,-0.4299119,2026-05-18
La Barbería De David,Miraflores de la Sierra,Madrid,,,,,osm,40.8133379,-3.7661828,2026-05-18
Ali,Tarragona,Catalunya,,,,,osm,41.122245,1.2437982,2026-05-18
Teresa,Tarragona,Catalunya,,,,,osm,41.1222951,1.2437799,2026-05-18
Metro Barber Shop,Oviedo,Asturias / Asturies,,,,,osm,43.3629123,-5.8557898,2026-05-18
Lucena Barbershop,Benalmádena,Andalucía,+34644386374,,,https://lucenabarbershop.pedircita.online/,osm,36.5963386,-4.526222,2026-05-18
Danielo's Barbers,A Coruña,Galicia,+34604083381,,,https://booksy.com/es-es/106218_danielos_barberia_60813_a-coruna,osm,43.3672075,-8.4217427,2026-05-18
Lara Ruiz,Lleida,Catalunya,,,,,osm,41.6186102,0.6170567,2026-05-18
Maison Pietro,Sant Boi de Llobregat,Catalunya,,,,,osm,41.3506513,2.0330347,2026-05-18
Manuel Úbeda,Jaén,Andalucía,,,,,osm,37.768125,-3.7868522,2026-05-18
Luan Peluqueros,València,Comunitat Valenciana,,,,,osm,39.4727872,-0.4141061,2026-05-18
Perruqueria Aikaru,Sant Boi de Llobregat,Catalunya,,,,,osm,41.3503163,2.0350883,2026-05-18
Brok Barber Zone,Xirivella,Comunitat Valenciana,+34961084535,,,,osm,39.4650002,-0.4320374,2026-05-18
Fashion Fina,Adra,Andalucía,+34643583611,,,,osm,36.7485106,-3.0167246,2026-05-18
Gala Peluquería,Xirivella,Comunitat Valenciana,,,,,osm,39.4656552,-0.4296804,2026-05-18
Peluquería Guiance,Sant Boi de Llobregat,Catalunya,,,,,osm,41.3487258,2.0297735,2026-05-18
Peluquería Salón 26,Adra,Andalucía,+34624672951,,,,osm,36.7485508,-3.0163017,2026-05-18
Peluquería María del Mar,Adra,Andalucía,,,,,osm,36.7489297,-3.0163566,2026-05-18
Barber Shop The Friends,Adra,Andalucía,+34641533845,,,,osm,36.7489077,-3.015079,2026-05-18
Alina Nails Art,Adra,Andalucía,+34604816404,,,,osm,36.7494883,-3.0121045,2026-05-18
Pelux,Montcada i Reixac,Catalunya,,,,,osm,41.4671889,2.249249,2026-05-18
Crikas,Santiago de Compostela,Galicia,,,,,osm,42.8809904,-8.5380939,2026-05-18
Barbería de la Hoz,Motril,Andalucía,+34601120445,,,,osm,36.7465867,-3.5131355,2026-05-18
Peluquería La Despeiná,Motril,Andalucía,+34671131147,,,,osm,36.7468949,-3.5142365,2026-05-18
L'Homme Barber Shop,Xirivella,Comunitat Valenciana,,,,,osm,39.4668543,-0.4292008,2026-05-18
Equipo Estilistes,València,Comunitat Valenciana,,,,,osm,39.4693487,-0.3947093,2026-05-18
Karmen,Madrid,Madrid,,,,,osm,40.4038143,-3.6801921,2026-05-18
Peluquería Nenos,Oviedo,Asturias / Asturies,+34984186494,,,,osm,43.3634396,-5.8523925,2026-05-18
Rost Frontado,Madrid,Madrid,,,,,osm,40.3954697,-3.6970824,2026-05-18
Perruqueria Unisex Marianao,Sant Boi de Llobregat,Catalunya,,,,,osm,41.3482544,2.0289833,2026-05-18
Alco's,Madrid,Madrid,,,,,osm,40.3760971,-3.7756762,2026-05-18
Peluquería A New Look,Bembibre,Castilla y León,,,,,osm,42.616184,-6.4183722,2026-05-18
Salmerón Peluqueros,Bembibre,Castilla y León,,,,,osm,42.6147419,-6.4171329,2026-05-18
Peluquería Maga,Bembibre,Castilla y León,,,,,osm,42.6135836,-6.4191854,2026-05-18
Peluquería Catalunya 2,Sant Boi de Llobregat,Catalunya,,,,,osm,41.348645,2.0309656,2026-05-18
Carulla,Mollerussa,Catalunya,,,,,osm,41.6282934,0.8907864,2026-05-18
Barbería Crooner,Oviedo,Asturias / Asturies,,,,,osm,43.362042,-5.8607687,2026-05-18
Símon,Málaga,Andalucía,,,,,osm,36.7115607,-4.4314486,2026-05-18
Pelucas Matellanes,Sant Boi de Llobregat,Catalunya,,,,,osm,41.3468641,2.0299038,2026-05-18
Laura Stil,Lleida,Catalunya,,,,,osm,41.6182866,0.6146934,2026-05-18
Et Pentinem,Lleida,Catalunya,,,,,osm,41.6182117,0.6151144,2026-05-18
Barbershop Ultra Instinct,València,Comunitat Valenciana,,,,,osm,39.4729359,-0.415332,2026-05-18
Kiros,Sant Boi de Llobregat,Catalunya,,,,,osm,41.3459431,2.0306628,2026-05-18
Mind,Las Palmas de Gran Canaria,Canarias,+34828940664,,@_._mindbarber_._,,osm,28.1018345,-15.4541341,2026-05-18
Peluquería Stylo,Albuñol,Andalucía,+34654776103,,,,osm,36.7908248,-3.2004745,2026-05-18
Peluquería Manolo,Albuñol,Andalucía,+34958826898,,,,osm,36.7910246,-3.2044109,2026-05-18
Peluquería Jesús Ogalla,Albuñol,Andalucía,+34676107735,,,,osm,36.7913699,-3.2031988,2026-05-18
La peluquería de Merca,Madrid,Madrid,,,,,osm,40.3618054,-3.6629763,2026-05-18
Belén Costa Lago,Arroyo de la Miel-Benalmádena Costa,Andalucía,,,,,osm,36.6339043,-4.4915454,2026-05-18
Rita,Santiago de Compostela,Galicia,,,,,osm,42.8934151,-8.5100961,2026-05-18
Flow Cocolo barbershop,Madrid,Madrid,,,,,osm,40.4251604,-3.564529,2026-05-18
Barber shop Estambul,Madrid,Madrid,,,,,osm,40.4250495,-3.5689108,2026-05-18
Yacine,Lleida,Catalunya,,,,,osm,41.6146328,0.6238255,2026-05-18
Nikol beauty salon,Madrid,Madrid,,,,,osm,40.4239034,-3.566678,2026-05-18
Peluqueria Wilsonvarela,Yaiza,Canarias,,,,,osm,28.8630108,-13.8310526,2026-05-18
D-Tall,Tarragona,Catalunya,,,,,osm,41.1184007,1.2518202,2026-05-18
Peluquería Nela,Santa Cruz de Tenerife,Canarias,,,,,osm,28.5227941,-16.3372419,2026-05-18
Faith,Colmenar de Oreja,Madrid,,,,,osm,40.1392811,-3.4204709,2026-05-18
La Vieja Habana,Camargo,Cantabria,+34674008622,,,https://barberialaviejahabana.com,osm,43.4187608,-3.8444837,2026-05-18
Kur2 Barbershop,Donostia / San Sebastián,Euskadi,+34943031589,info@kur2barbershop.com,,https://kur2barbershop.es,osm,43.3220758,-1.9774766,2026-05-18
Farrebarber,les Borges Blanques,Catalunya,,,,,osm,41.5200226,0.8710395,2026-05-18
Herculano,Barcelona,Catalunya,,,,,osm,41.3745688,2.1667825,2026-05-18
La leyenda,Getafe,Madrid,,,,,osm,40.3180337,-3.7026738,2026-05-18
Los Ángeles Barber Shop,Sevilla,Andalucía,,,,,osm,37.3337443,-5.9696685,2026-05-18
Barberia Beni,Barcelona,Catalunya,+34934205942,,,,osm,41.4188903,2.15737,2026-05-18
Ebrali estilistas,Adra,Andalucía,,,,,osm,36.7481099,-3.0133197,2026-05-18
Barberia La Isla,Inca,Illes Balears,,,,,osm,39.7199452,2.9111047,2026-05-18
Nerina Gastón,Madrid,Madrid,,,,,osm,40.4138482,-3.6986538,2026-05-18
SHairCompany Bahía Real,Camargo,Cantabria,,,,,osm,43.4246047,-3.8388065,2026-05-18
Dr. Fade Barbería Maliaño,Camargo,Cantabria,+34942402169,,,,osm,43.4175683,-3.8443572,2026-05-18
Perruqueria Unisex Iris,Sant Boi de Llobregat,Catalunya,,,,,osm,41.3482745,2.0324783,2026-05-18
Barberia Morchi,Sant Boi de Llobregat,Catalunya,,,,,osm,41.3482439,2.0322442,2026-05-18
The Joker,Las Palmas de Gran Canaria,Canarias,,,,,osm,28.1441601,-15.4310398,2026-05-18
I.C.O.N.,Las Palmas de Gran Canaria,Canarias,,,,,osm,28.1435691,-15.4311858,2026-05-18
Sublime Barber,Las Palmas de Gran Canaria,Canarias,,,,,osm,28.1427472,-15.4315699,2026-05-18
ACR,Las Palmas de Gran Canaria,Canarias,,,,,osm,28.1434614,-15.4307923,2026-05-18
Sandra Santos,Guadarrama,Madrid,,,,,osm,40.6728132,-4.0900671,2026-05-18
GH Peluqueros,Guadarrama,Madrid,,,,,osm,40.6729786,-4.0903075,2026-05-18
SDB Estilistas,Guadarrama,Madrid,,,,,osm,40.6739163,-4.0888442,2026-05-18
Aravan,Guadarrama,Madrid,,,,,osm,40.6738778,-4.0890056,2026-05-18
LaPara BarberShow,Sant Boi de Llobregat,Catalunya,,,,,osm,41.3480641,2.0316677,2026-05-18
Chari Pozo,Sant Boi de Llobregat,Catalunya,,,,,osm,41.347356,2.0314253,2026-05-18
Barbería Amin VIP,Lleida,Catalunya,,,,,osm,41.6178162,0.6201591,2026-05-18
Gaby & Lorena estilistas,Madrid,Madrid,,,,,osm,40.4192074,-3.5700978,2026-05-18
Ibra,O Milladoiro,Galicia,,,,,osm,42.8449826,-8.5765069,2026-05-18
García Barbers,Sant Boi de Llobregat,Catalunya,,,,,osm,41.3475937,2.0331826,2026-05-18
Edu,Las Palmas de Gran Canaria,Canarias,,,,,osm,28.1416408,-15.4316286,2026-05-18
hello,Las Palmas de Gran Canaria,Canarias,,,,,osm,28.1420466,-15.4324252,2026-05-18
Perruqueria Merche,Sant Boi de Llobregat,Catalunya,,,,,osm,41.3477498,2.0342904,2026-05-18
Chilao,Adra,Andalucía,+34950604493,,,,osm,36.7474598,-3.0148895,2026-05-18
Imagen men peluqueros,Madrid,Madrid,,,,,osm,40.4255627,-3.5691399,2026-05-18
Peluquería Triana,Corrales,Andalucía,,,,,osm,37.2732933,-6.9921261,2026-05-18
Perruqueria Unisex Latina,Barcelona,Catalunya,,,,,osm,41.3732807,2.1665383,2026-05-18
Fely peluqueros,Camargo,Cantabria,+34942251269,,,,osm,43.4169532,-3.8451366,2026-05-18
Saad Barbers,Sant Boi de Llobregat,Catalunya,,,,,osm,41.3472663,2.0316494,2026-05-18
Peluquería Mare Nostrum,Sagunt / Sagunto,Comunitat Valenciana,,,,,osm,39.6623888,-0.214919,2026-05-18
Alta Gama,Jerez de la Frontera,Andalucía,,,,,osm,36.6811601,-6.1247404,2026-05-18
D'Number One Perruqueria Leo,Barcelona,Catalunya,,,,,osm,41.3740029,2.1669988,2026-05-18
Imagen Perruqueria,Barcelona,Catalunya,,,,,osm,41.3731818,2.1664716,2026-05-18
Peluquería José,Las Palmas de Gran Canaria,Canarias,,,,,osm,28.1492931,-15.4303709,2026-05-18
Elegancia,Sevilla,Andalucía,,,,,osm,37.3589351,-6.0349375,2026-05-18
Diamond Hair,Sant Boi de Llobregat,Catalunya,,,,,osm,41.3477513,2.0351571,2026-05-18
Yasir Peluquero,Sant Boi de Llobregat,Catalunya,,,,,osm,41.3477449,2.0353641,2026-05-18
Peluquería Curly Ikigai,Sant Boi de Llobregat,Catalunya,,,,,osm,41.3471392,2.0364716,2026-05-18
Marga Roy,Sant Boi de Llobregat,Catalunya,,,,,osm,41.3477344,2.0361567,2026-05-18
Andora Perruqueria,les Avellanes i Santa Linya,Catalunya,,,,,osm,41.9088456,0.7624841,2026-05-18
Hathor,Barcelona,Catalunya,,,,,osm,41.3748095,2.1573006,2026-05-18
111 Barbershop,Barcelona,Catalunya,,,,,osm,41.3763034,2.1574549,2026-05-18
Tang,Barcelona,Catalunya,,,,,osm,41.3751843,2.1574751,2026-05-18
Salón Eleven,Barcelona,Catalunya,,,,,osm,41.3756922,2.1578803,2026-05-18
The Rocka Barbershop,Camargo,Cantabria,+34685823822,,,https://yeasyapp.com/#/commerce/d6b40095-6b36-4720-aa4c-b6dc2f66a661,osm,43.4187426,-3.8447681,2026-05-18
Valmara,Llangréu / Langreo,Asturias / Asturies,,,,,osm,43.3107128,-5.6937494,2026-05-18
Making Off,Sant Boi de Llobregat,Catalunya,,,,,osm,41.3469327,2.0352676,2026-05-18
MH Design,Sant Boi de Llobregat,Catalunya,,,,,osm,41.3461703,2.0351999,2026-05-18
Peina2,Sant Boi de Llobregat,Catalunya,,,,,osm,41.3460464,2.0337677,2026-05-18
Coral Estilista,Tarragona,Catalunya,,,,,osm,41.1144733,1.2422786,2026-05-18
Rebeca Peluqueros,Camargo,Cantabria,+34942763601,,,http://www.rebecapeluqueros.com/,osm,43.4198034,-3.8467172,2026-05-18
Amin VIP,Lleida,Catalunya,,,,,osm,41.6218066,0.6226782,2026-05-18
Graciela Torga,Gijón / Xixón,Asturias / Asturies,,,,,osm,43.526253,-5.6836968,2026-05-18
Bon Aire,Lleida,Catalunya,,,,,osm,41.6199074,0.6238038,2026-05-18
Peluquería Sencillo,Sant Boi de Llobregat,Catalunya,,,,,osm,41.3459878,2.0344732,2026-05-18
Peluquería Isabel Rico,Bélmez de la Moraleda,Andalucía,,,,,osm,37.7248344,-3.383143,2026-05-18
Will Hair Saloon,Pamplona / Iruña,Navarra,,,,,osm,42.8160058,-1.6477236,2026-05-18
Ellas Ellos,Oviedo,Asturias / Asturies,,,,,osm,43.3637208,-5.8623748,2026-05-18
Miriamfeito,Cudillero,Asturias / Asturies,,,,,osm,43.5739535,-6.2389652,2026-05-18
Peluquería Ali,Pamplona / Iruña,Navarra,,,,,osm,42.8057917,-1.6440927,2026-05-18
Lolini Peluquería De Caballeros,Cazalla de la Sierra,Andalucía,,,,,osm,37.9325247,-5.7594664,2026-05-18
Susana Pipo,Ponferrada,Castilla y León,+34987088168,,,https://www.susanapipo.com/,osm,42.5500648,-6.5978176,2026-05-18
De Luxe Rocío,Sant Boi de Llobregat,Catalunya,,,,,osm,41.3563959,2.0315686,2026-05-18
Yolanda Rodriguez,Valdés,Asturias / Asturies,,,,,osm,43.544505,-6.5347092,2026-05-18
Peluquería Campos,Santiago de Compostela,Galicia,,,,,osm,42.8748188,-8.5514912,2026-05-18
Recién pein@,València,Comunitat Valenciana,+34622712994,,,,osm,39.4747674,-0.3529365,2026-05-18
Barón Black Barbería,València,Comunitat Valenciana,,,,,osm,39.4744328,-0.3530907,2026-05-18
Perruqueria Mª Dolors,Penelles,Catalunya,,,,,osm,41.7587991,0.9641619,2026-05-18
Daniela,Avilés,Asturias / Asturies,,,,,osm,43.5472481,-5.9195354,2026-05-18
6Treinta Barbershop,Madrid,Madrid,,,,https://6treinta.com,osm,40.494313,-3.6081016,2026-05-18
Montagut,Lleida,Catalunya,,,,,osm,41.6204093,0.6283027,2026-05-18
MimaT,Mora de Rubielos,Aragón,,,,,osm,40.249988,-0.7532515,2026-05-18
Marnury Estilistas,Camargo,Cantabria,+34613082297,,@marnuryestilistas,,osm,43.4167702,-3.8424959,2026-05-18
AVIS CLUB,Camargo,Cantabria,+34695991067,,,,osm,43.4161518,-3.8429332,2026-05-18
Pepi y Emilio,Madrid,Madrid,,,,,osm,40.4255423,-3.5651999,2026-05-18
El Marco Blanco,Donostia / San Sebastián,Euskadi,,,elmarcoblancopeluqueria,https://www.elmarcoblanco.com/,osm,43.3155509,-1.9810275,2026-05-18
Chelo,Mora de Rubielos,Aragón,,,,,osm,40.251094,-0.7534043,2026-05-18
Magia,Donostia / San Sebastián,Euskadi,,,,,osm,43.3162983,-1.9829228,2026-05-18
Boho,Donostia / San Sebastián,Euskadi,,,,,osm,43.3170536,-1.9833066,2026-05-18
Peluquería Marta Bravo,Camargo,Cantabria,+34942073434,,,,osm,43.4204847,-3.8458688,2026-05-18
Maiz,Donostia / San Sebastián,Euskadi,,,,https://www.peluqueriamaiz.com/,osm,43.317992,-1.9839631,2026-05-18
Heme,Donostia / San Sebastián,Euskadi,,,,,osm,43.3165861,-1.9800049,2026-05-18
Alaitz Cascante,Donostia / San Sebastián,Euskadi,+34943265045,,,,osm,43.3163184,-1.9802427,2026-05-18
Peluquería Rosa Muñoz,Camargo,Cantabria,+34942786875,,,,osm,43.4158132,-3.8446282,2026-05-18
German,Tolosa,Euskadi,,,,,osm,43.1318042,-2.0777465,2026-05-18
Arriaga,Tolosa,Euskadi,,,,,osm,43.134488,-2.0769885,2026-05-18
Maite Alaminos,Motril,Andalucía,+34958607604,,,,osm,36.7532463,-3.5197253,2026-05-18
QS Stylists,Donostia / San Sebastián,Euskadi,+34943426114,,,https://qs-stylists.es/,osm,43.3199418,-1.9800107,2026-05-18
Smith Barbershop,Arroyo de la Miel-Benalmádena Costa,Andalucía,,,,,osm,36.5917321,-4.5355306,2026-05-18
Barbería Ultreia,Santiago de Compostela,Galicia,,,,,osm,42.8825063,-8.5422917,2026-05-18
Melani Perruqueria Unisex,Barcelona,Catalunya,,,,,osm,41.3873332,2.1135861,2026-05-18
Peluquería SD,Écija,Andalucía,,,,,osm,37.5338407,-5.0776948,2026-05-18
Dianoa,Burgos,Castilla y León,,,,,osm,42.343734,-3.7125193,2026-05-18
Barberia Titanic - Hombres,València,Comunitat Valenciana,,,,,osm,39.4718457,-0.3800338,2026-05-18
casTanY,València,Comunitat Valenciana,,,,,osm,39.4633021,-0.3491205,2026-05-18
Peluquería Unisex Elida Martínez,Madrid,Madrid,,,,,osm,40.4245794,-3.5652707,2026-05-18
Felipenses,Lleida,Catalunya,,,,,osm,41.6211361,0.627797,2026-05-18
Shop Dubai II,Madrid,Madrid,,,,,osm,40.4240834,-3.5654755,2026-05-18
Peluquería Saldaña,Madrid,Madrid,,,,,osm,40.4248427,-3.5692429,2026-05-18
Nancy Peluqueria,Tías,Canarias,,,,,osm,28.9242388,-13.665652,2026-05-18
Oscarph... Salón,Donostia / San Sebastián,Euskadi,,,,,osm,43.3196927,-1.9835292,2026-05-18
Francismaiso,Donostia / San Sebastián,Euskadi,,,,https://www.francismaiso.com/,osm,43.3197936,-1.9835991,2026-05-18
Beauty Center Estilo Carioca,Madrid,Madrid,,,bcestilocarioca,,osm,40.4367859,-3.6753107,2026-05-18
A toda mecha,Soria,Castilla y León,,,,,osm,41.7619451,-2.4727871,2026-05-18
Peluquería Reyes Carrera,Maliaño,Cantabria,+34942260414,,@peluqueriareyescarrera,https://www.peluqueriareyescarrera.com/,osm,43.4197562,-3.8439364,2026-05-18
Blanco´s Peluqueros,Oviedo,Asturias / Asturies,,,,,osm,43.3626109,-5.8548697,2026-05-18
Blanco's Peluqueros,Oviedo,Asturias / Asturies,,,,,osm,43.3682025,-5.8434946,2026-05-18
Paki Tolosa,Donostia / San Sebastián,Euskadi,+34943427706,,,,osm,43.3214042,-1.9847221,2026-05-18
Kelly Style,Azuaga,Extremadura,,,,,osm,38.2601483,-5.6793983,2026-05-18
Peluquería Isthar,Logrosán,Extremadura,+34927360248,,,,osm,39.3369112,-5.4913241,2026-05-18
Constitución,Madrid,Madrid,,,,,osm,40.4269831,-3.5624611,2026-05-18
Peluquería Venezuela,Ponferrada,Castilla y León,+34631695184,,,,osm,42.551239,-6.5978257,2026-05-18
Peluquería de Caballeros Ito,Camargo,Cantabria,+34645301908,,,https://tuguiaonline.es/negocio/peluqueria-de-caballeros/maliano/peluqueria-de-caballeros-ito,osm,43.4158619,-3.8459771,2026-05-18
OTB,Madrid,Madrid,,,,,osm,40.4247254,-3.5682431,2026-05-18
Vielsa,Oviedo,Asturias / Asturies,,,,,osm,43.3625812,-5.8583721,2026-05-18
Peluquería Bego,Camargo,Cantabria,+34942765550,,,,osm,43.4002487,-3.8207836,2026-05-18
Toni Torres,Lleida,Catalunya,,,,,osm,41.6201272,0.6290972,2026-05-18
Barberia Tatoo,Alacant / Alicante,Comunitat Valenciana,,,,,osm,38.3969162,-0.5211511,2026-05-18
Cholvi,Tarragona,Catalunya,,,,,osm,41.1141016,1.2466399,2026-05-18
Sebastià,Tarragona,Catalunya,,,,,osm,41.1143917,1.247519,2026-05-18
Laarous,Tarragona,Catalunya,,,,,osm,41.1140863,1.2466087,2026-05-18
Peluqueria Mydachi,Camargo,Cantabria,+34942261587,,,,osm,43.4170494,-3.8432327,2026-05-18
Hana,Donostia / San Sebastián,Euskadi,,,,,osm,43.324732,-1.9831103,2026-05-18
Adereti,Alacant / Alicante,Comunitat Valenciana,,,,,osm,38.3913081,-0.5161585,2026-05-18
Keni 59,Alacant / Alicante,Comunitat Valenciana,,,,,osm,38.3936037,-0.5186144,2026-05-18
Juanito,Donostia / San Sebastián,Euskadi,,,,,osm,43.3238872,-1.9825341,2026-05-18
Peluqueria Hombre Ferrari,Camargo,Cantabria,+34621337172,,,,osm,43.4195484,-3.8443555,2026-05-18
Ferrán Alma,Córdoba,Andalucía,,,,,osm,37.8809017,-4.7682551,2026-05-18
Perfils perruqueria,Palafrugell,Catalunya,,,,,osm,41.9177443,3.1635955,2026-05-18
The Original Barber Shop,Motril,Andalucía,+34614095434,theoriginalbarbershop.sl@gmail.com,,https://theoriginalbarbershop.es/,osm,36.7451547,-3.5192207,2026-05-18
Art Deco',Donostia / San Sebastián,Euskadi,+34943045243,artdeco@peluqueriaartdeco.com,artdecopeluqueria,https://peluqueriaartdeco.es/,osm,43.3140301,-2.0033609,2026-05-18
J.J.,Donostia / San Sebastián,Euskadi,+34943219583,,,,osm,43.313909,-2.0027433,2026-05-18
Asunción Criado Estilista,Alcoi / Alcoy,Comunitat Valenciana,,,,,osm,38.6962495,-0.4848238,2026-05-18
Joseda,La Gineta,Castilla-La Mancha,,,,,osm,39.1142566,-1.9939332,2026-05-18
Lé Blonde by Lucía Soto,Málaga,Andalucía,,,,,osm,36.7361404,-4.4044024,2026-05-18
Jasp,Lleida,Catalunya,,,,,osm,41.6131026,0.6174339,2026-05-18
High Cutz!,Albacete,Castilla-La Mancha,,,,,osm,38.9913705,-1.8523247,2026-05-18
Peluqueria Chocolate,Torrevieja,Comunitat Valenciana,,,,,osm,37.9732791,-0.6933127,2026-05-18
Yeison Blond,Sant Andreu de la Barca,Catalunya,+34931732313,,,,osm,41.449295,1.9714068,2026-05-18
Toni Villaverde Estilismo,Oviedo,Asturias / Asturies,,,,,osm,43.3667748,-5.8285593,2026-05-18
The Barber Shop Toño,Albacete,Castilla-La Mancha,+34603318195,,https://www.instagram.com/@Toño_barbershop,,osm,38.9934332,-1.8619413,2026-05-18
Enrique Lorenzo Hair Salon,Albacete,Castilla-La Mancha,+34967680349,,,,osm,38.9937805,-1.8611171,2026-05-18
Rayan,Lleida,Catalunya,,,,,osm,41.615737,0.6206535,2026-05-18
Tena,Sabiñánigo,Aragón,,,,,osm,42.509412,-0.3563623,2026-05-18
Beatríz estilista,Granada,Andalucía,+34958842071,,,,osm,37.1955417,-3.610235,2026-05-18
Peluquería Enrique,Granada,Andalucía,,,,,osm,37.1954225,-3.6113671,2026-05-18
Nadir,Granada,Andalucía,,,,,osm,37.1937864,-3.6082074,2026-05-18
Sylvi's Estilistas,Albacete,Castilla-La Mancha,+34967506000,,,,osm,38.9909691,-1.85398,2026-05-18
Entrenudos,Albacete,Castilla-La Mancha,+34967820026,,,,osm,38.9908631,-1.8544141,2026-05-18
Carlos Valcol Peluquería,Albacete,Castilla-La Mancha,+34967704472,,,,osm,38.9910237,-1.8544919,2026-05-18
Goya,Mieres,Asturias / Asturies,,,,,osm,43.2519855,-5.7783355,2026-05-18
Velo's,Mieres,Asturias / Asturies,,,,,osm,43.2528208,-5.7780723,2026-05-18
Raposo Art Gallery,Camargo,Cantabria,,,@cristian_raposo,https://booksy.com/es-es/15623_raposo-art-gallery_barberia_34383_maliano,osm,43.4169292,-3.8434074,2026-05-18
Lucía Sota,Camargo,Cantabria,+34942262651,,,,osm,43.4164303,-3.844365,2026-05-18
Peluquería Vilarchao,Camargo,Cantabria,+34942254457,,,,osm,43.4154329,-3.8444911,2026-05-18
Nuevo Stylo,Córdoba,Andalucía,,,,,osm,37.8889355,-4.7797494,2026-05-18
Rosi Gálvez,Albacete,Castilla-La Mancha,,,,,osm,38.9941073,-1.8550876,2026-05-18
Asaad's,La Línea de la Concepción,Andalucía,,,,,osm,36.1661191,-5.3557443,2026-05-18
Los Amigos,La Línea de la Concepción,Andalucía,,,,,osm,36.1661841,-5.3560083,2026-05-18
Enros,La Línea de la Concepción,Andalucía,,,,,osm,36.1659277,-5.3565452,2026-05-18
Afterstudio,Granada,Andalucía,,,,,osm,37.1901834,-3.6143344,2026-05-18
Maialen,Donostia / San Sebastián,Euskadi,,,,,osm,43.3222854,-1.9672218,2026-05-18
Bron,Granada,Andalucía,,,,,osm,37.1891519,-3.6119358,2026-05-18
Manuel Martínez,Granada,Andalucía,,,,,osm,37.1895039,-3.6129892,2026-05-18
K'pilar,Granada,Andalucía,,,,,osm,37.1904786,-3.6138452,2026-05-18
Barbería Donostia,Donostia / San Sebastián,Euskadi,,,,,osm,43.3176964,-1.9798965,2026-05-18
Laura San Julián,Donostia / San Sebastián,Euskadi,+34943906115,,,https://laurasanjulian.com/,osm,43.3178192,-1.9798728,2026-05-18
KaSandra,Burgos,Castilla y León,,,,,osm,42.357539,-3.6894488,2026-05-18
RedOne,Zumaia,Euskadi,,,,,osm,43.292749,-2.2573213,2026-05-18
Barber_sh75,Getafe,Madrid,,,,,osm,40.2518896,-3.6957224,2026-05-18
Peluquería Rubio,Getafe,Madrid,,,,,osm,40.2519382,-3.6946,2026-05-18
Jean Pagú. Creadores de Imagen,Pinto,Madrid,,,,,osm,40.2486585,-3.6968443,2026-05-18
Virginia Ruiz,Getafe,Madrid,,,,,osm,40.2519302,-3.6959574,2026-05-18
M & M Look peluqueros,Getafe,Madrid,,,,,osm,40.2515638,-3.6998404,2026-05-18
Soraya Lozano Peluqueros,Getafe,Madrid,,,,,osm,40.258937,-3.6992607,2026-05-18
Peluquería Piluka,Pinto,Madrid,,,,,osm,40.2393693,-3.7019762,2026-05-18
Marloi,Donostia / San Sebastián,Euskadi,,,,,osm,43.323537,-1.9774533,2026-05-18
Only,Donostia / San Sebastián,Euskadi,,,,,osm,43.3230481,-1.9772213,2026-05-18
Victoria Garcia,Granada,Andalucía,,,,,osm,37.1929991,-3.6242815,2026-05-18
Fátima Luna Estilistas,Calafell,Catalunya,,,,,osm,41.190762,1.6024903,2026-05-18
La Barbería del 17,Albacete,Castilla-La Mancha,,,,,osm,38.9929143,-1.8534907,2026-05-18
Stylo Peluquería y Estética,Albacete,Castilla-La Mancha,+34967228010,,,,osm,38.9906773,-1.8596983,2026-05-18
Barber Shop Gentleman,Albacete,Castilla-La Mancha,+34641786120,,,,osm,38.9919999,-1.8622718,2026-05-18
Celia Cortijo,Albacete,Castilla-La Mancha,,,,,osm,38.9939887,-1.8639573,2026-05-18
Peluquería Fidel Y Margarita,Xirivella,Comunitat Valenciana,+34687001995,,,,osm,39.467875,-0.4292221,2026-05-18
Jesús Gómez Peluqueros,Xirivella,Comunitat Valenciana,+34963502291,,,,osm,39.4650441,-0.4348698,2026-05-18
Peluquería Dama,Albacete,Castilla-La Mancha,,,,,osm,38.9871538,-1.8529563,2026-05-18
Estrella Sagredo,Albacete,Castilla-La Mancha,+34642155823,,,,osm,38.9837846,-1.8521788,2026-05-18
Piqueras Peluquería,Albacete,Castilla-La Mancha,+34967245694,,,,osm,38.9841401,-1.8495439,2026-05-18
Peluquería Yeni,Albacete,Castilla-La Mancha,,,,,osm,38.9887238,-1.851392,2026-05-18
Ana Ruiz,Albacete,Castilla-La Mancha,+34937238091,,,,osm,38.9916415,-1.8664397,2026-05-18
Omar Rabii,Albacete,Castilla-La Mancha,,,,,osm,38.9911963,-1.8660453,2026-05-18
Isabel Campos,Albacete,Castilla-La Mancha,,,,,osm,38.9913954,-1.8544365,2026-05-18
Peluquería Barbería Fez,Oviedo/Uviéu,Asturias / Asturies,+34624074470,,,,osm,43.3680159,-5.8664338,2026-05-18
Isis,Los Llanos de Aridane,Canarias,,,,,osm,28.6567481,-17.9121728,2026-05-18
+ q un Peine,Santiago de Compostela,Galicia,,,,,osm,42.8709003,-8.547931,2026-05-18
Danyels Styler 2,Madrid,Madrid,,,,,osm,40.4268129,-3.5629512,2026-05-18
ELH peluquería de caballeros,Madrid,Madrid,,,,,osm,40.4258752,-3.5634404,2026-05-18
Peluquería La Mediterránea,Albacete,Castilla-La Mancha,,,,,osm,38.9907461,-1.862551,2026-05-18
I & M,Albacete,Castilla-La Mancha,,,,,osm,38.991512,-1.8549683,2026-05-18
Barbería Clocks,Fuentes de Ebro,Aragón,,,,,osm,41.5130067,-0.633824,2026-05-18
Isabel Sánchez,Albacete,Castilla-La Mancha,,,,,osm,38.9922113,-1.8496341,2026-05-18
Nena Melenas,Albacete,Castilla-La Mancha,+34623379446,,,,osm,38.9925206,-1.8515658,2026-05-18
Roxana Peluquería,La Oliva,Canarias,,,,,osm,28.6854339,-14.0102562,2026-05-18
Escuderos,Puente de Génave,Andalucía,+34662544851,,escuderos.barber,,osm,38.3564226,-2.8026517,2026-05-18
Jorge Martín Peluqueros,Cullera,Comunitat Valenciana,+34961724877,,,,osm,39.166585,-0.2570684,2026-05-18
Midas,Granada,Andalucía,,,,,osm,37.1673571,-3.6055645,2026-05-18
Javier Dereux,Granada,Andalucía,,,,,osm,37.1735551,-3.6093328,2026-05-18
JRT Barber,Granada,Andalucía,,,,,osm,37.1816834,-3.6132397,2026-05-18
KoKo,València,Comunitat Valenciana,+34656666298,,,,osm,39.4733378,-0.4166349,2026-05-18
Lupriett peluqueros,València,Comunitat Valenciana,,,,,osm,39.4731899,-0.4161746,2026-05-18
Larraitz ile apaindegia,Zumaia,Euskadi,+34943143041,,,,osm,43.2932326,-2.2574135,2026-05-18
Laureen ileapaindegia,Zumaia,Euskadi,,,,,osm,43.2940608,-2.2572092,2026-05-18
The Barber's House,Albacete,Castilla-La Mancha,,,,,osm,38.9913921,-1.8489727,2026-05-18
Verónica Villalba,Albacete,Castilla-La Mancha,+34967015258,,,,osm,38.9904458,-1.8484256,2026-05-18
Beatriz Sánchez,Albacete,Castilla-La Mancha,,,,,osm,38.9862593,-1.8462357,2026-05-18
Barbería y Peluquería de Caballeros Esperanza Jiménez,El Casar,Castilla-La Mancha,+34949335760,,,,osm,40.7034092,-3.4313593,2026-05-18
Henar Olivares,Albacete,Castilla-La Mancha,,,,,osm,38.988579,-1.8536916,2026-05-18
Gloria Gabaldón,Albacete,Castilla-La Mancha,+34608191743,,,,osm,38.9882148,-1.8528013,2026-05-18
Peluquería Celia,Salobreña,Andalucía,+34610872088,,,,osm,36.7455769,-3.5853252,2026-05-18
Kjp Barber,Salobreña,Andalucía,+34643231895,,,,osm,36.745245,-3.5843425,2026-05-18
Peluquería Cristemar,Salobreña,Andalucía,+34958612110,,,,osm,36.7440329,-3.5833531,2026-05-18
Salón Balayage,Salobreña,Andalucía,,,,,osm,36.743971,-3.5835585,2026-05-18
Barber 77,Salobreña,Andalucía,+34642384244,,,,osm,36.7439087,-3.5827674,2026-05-18
Peluquería Stefy,Salobreña,Andalucía,,,,,osm,36.7436041,-3.5825819,2026-05-18
Academia de peluquería Camberlan,Salobreña,Andalucía,+34958610768,,,,osm,36.7437816,-3.5830295,2026-05-18
Peluquería Patricia,Salobreña,Andalucía,+34622026909,,,,osm,36.7429074,-3.5839275,2026-05-18
Salón Imagen,Salobreña,Andalucía,+34958828145,,,,osm,36.7411852,-3.5856553,2026-05-18
Salón de peiteado Paco Carballo,Vigo,Pontevedra,+34986481075,,,,osm,42.2322808,-8.712704,2026-05-18
Estilistas Fernández De Miguel,Vigo,Pontevedra,+34986418560,,,,osm,42.2312761,-8.7101746,2026-05-18
Laura Caride,Vigo,Pontevedra,+34640082311,,,https://www.lauracaride.es/,osm,42.2307081,-8.7106433,2026-05-18
Cool,Albacete,Castilla-La Mancha,,,,,osm,38.9924994,-1.8546309,2026-05-18
Salón Cinthya,Salobreña,Andalucía,+34661100824,,,,osm,36.743426,-3.5833933,2026-05-18
Peluquería Mari Tere,Salobreña,Andalucía,+34958828277,,,,osm,36.7455714,-3.5877699,2026-05-18
Ornatrix,Medio Cudeyo,Cantabria,,,,,osm,43.3815796,-3.7404873,2026-05-18
Natalí Peluquería,Dénia,Comunitat Valenciana,+34966431300,,,,osm,38.8356896,0.1085532,2026-05-18
Melgar peluqueros,Madrid,Madrid,,,,,osm,40.4718747,-3.6364806,2026-05-18
Beatriz Venegas,Sevilla,Andalucía,,,,,osm,37.3989853,-5.9713859,2026-05-18
Salón de Belleza Irene Piedras,Redondela,Galicia,+34986139295,,,,osm,42.279708,-8.6110802,2026-05-18
G&A peluqueras,Pamplona / Iruña,Navarra,,,,,osm,42.808482,-1.6713661,2026-05-18
Sandra Cristín BeBeauty,Córdoba,Andalucía,,,,,osm,37.9090275,-4.8030881,2026-05-18
Klikhi,Madrid,Madrid,,,,,osm,40.4721051,-3.6368283,2026-05-18
Rachid,Madrid,Madrid,,,,,osm,40.4721547,-3.636462,2026-05-18
Ramy Barber,Madrid,Madrid,,,,,osm,40.4709965,-3.635984,2026-05-18
Koume y Hermana,Pájara,Canarias,,,,,osm,28.0495548,-14.3327306,2026-05-18
Baquero Barbershop,Albacete,Castilla-La Mancha,+34967215383,,,,osm,38.9968154,-1.8539598,2026-05-18
Adán Esparcia,Albacete,Castilla-La Mancha,,,,,osm,38.9959168,-1.8549191,2026-05-18
Aj Studio,Motril,Andalucía,+34622598851,,,,osm,36.7453172,-3.5238946,2026-05-18
Reddo,Barcelona,Catalunya,,,,,osm,41.4376316,2.1568319,2026-05-18
Peluquería Vanessa Burgos,La Línea de la Concepción,Andalucía,,,,,osm,36.173502,-5.342399,2026-05-18
MRN Cuts,La Línea de la Concepción,Andalucía,,,,,osm,36.1735946,-5.3430698,2026-05-18
Peluquería Nerea,La Línea de la Concepción,Andalucía,,,,,osm,36.1733855,-5.3426483,2026-05-18
Scarface,Albacete,Castilla-La Mancha,,,,,osm,38.9878108,-1.8545833,2026-05-18
Manuel Elpidio,Albacete,Castilla-La Mancha,,,,,osm,38.9837232,-1.8543665,2026-05-18
Sur,Albacete,Castilla-La Mancha,,,,,osm,38.9840638,-1.8568715,2026-05-18
Manuel Rodríguez,Albacete,Castilla-La Mancha,,,,,osm,38.9845753,-1.8560058,2026-05-18
Perruquería Quirós,Sant Boi de Llobregat,Catalunya,,,,,osm,41.3335158,2.0350157,2026-05-18
D'Linea Peluqueros,Madrid,Madrid,,,,,osm,40.4703911,-3.6326599,2026-05-18
Alicia Hernández,Soria,Castilla y León,,,,,osm,41.7611794,-2.4698422,2026-05-18
Sakai,Albacete,Castilla-La Mancha,,,,,osm,38.9949354,-1.8578531,2026-05-18
Bress Studio,Albacete,Castilla-La Mancha,,,,,osm,38.9948988,-1.8590721,2026-05-18
Mercedes Avellaneda,Albacete,Castilla-La Mancha,,,,,osm,38.9975891,-1.86582,2026-05-18
Nacho,Albacete,Castilla-La Mancha,,,,,osm,38.9986264,-1.8705732,2026-05-18
Ana Espinosa Estilista,Albacete,Castilla-La Mancha,+34967617667,,,,osm,38.9966393,-1.8627001,2026-05-18
Fátima | Mimí,Albacete,Castilla-La Mancha,,,,,osm,38.9959019,-1.8598697,2026-05-18
Jairo Vega,Albacete,Castilla-La Mancha,,,,,osm,38.9941019,-1.8572143,2026-05-18
Robin Barber Studio,Torrevieja,Comunitat Valenciana,,,,,osm,37.9788387,-0.6859991,2026-05-18
Naia Senra,Pamplona / Iruña,Navarra,,,,,osm,42.8099995,-1.6578949,2026-05-18
Mañas,Albacete,Castilla-La Mancha,,,,,osm,38.9912823,-1.8577869,2026-05-18
Uñas decorativas y peluquería,Madrid,Madrid,,,,,osm,40.474589,-3.6397275,2026-05-18
Peluquería de caballeros Resa,Madrid,Madrid,,,,,osm,40.4731063,-3.6371208,2026-05-18
Daniella Miralles,Madrid,Madrid,,,,,osm,40.412916,-3.6896397,2026-05-18
The central Barber shop,Barcelona,Catalunya,,,,https://www.thecentralbarbershop.es/,osm,41.3873584,2.1777089,2026-05-18
Rasec Barbershop,Madrid,Madrid,,,,,osm,40.4731994,-3.6398463,2026-05-18
Chispi Peluquería de señoras,Madrid,Madrid,,,,,osm,40.4732596,-3.6398376,2026-05-18
Laura Quero,Madrid,Madrid,,,,,osm,40.4744408,-3.6406002,2026-05-18
Barbería Larache,Albacete,Castilla-La Mancha,,,,,osm,38.9962991,-1.8657066,2026-05-18
Fran Fresneda,Albacete,Castilla-La Mancha,,,,,osm,38.986862,-1.8591131,2026-05-18
Your Style,Albacete,Castilla-La Mancha,,,,,osm,38.9871821,-1.8657473,2026-05-18
Ángeles Baidez,Albacete,Castilla-La Mancha,+34967511979,,,,osm,38.9898535,-1.867979,2026-05-18
Anabella,Albacete,Castilla-La Mancha,+34665340959,,,,osm,38.9945129,-1.871211,2026-05-18
Carlos Valcol,Albacete,Castilla-La Mancha,,,,,osm,38.9970708,-1.8604219,2026-05-18
JF Peluquero,Albacete,Castilla-La Mancha,+34967605264,,,,osm,38.9965158,-1.8588644,2026-05-18
GeyMa,Albacete,Castilla-La Mancha,,,,,osm,38.9965219,-1.858803,2026-05-18
Itsaso ileapaindegia,Errenteria,Euskadi,,,,,osm,43.3213322,-1.8970582,2026-05-18
Edurne ileapaindegia,Errenteria,Euskadi,,,,,osm,43.3218036,-1.8994344,2026-05-18
Barberia Barbanegra,Errenteria,Euskadi,,,,,osm,43.3216101,-1.8983762,2026-05-18
Panpox Ileapaindegia,Errenteria,Euskadi,,,,,osm,43.321759,-1.9000543,2026-05-18
Argi ileapaindegia,Errenteria,Euskadi,,,,,osm,43.3208607,-1.8948934,2026-05-18
Ximak ileapaindegia,Errenteria,Euskadi,,,,,osm,43.3216426,-1.8926844,2026-05-18
Peluqueria Queen City,Errenteria,Euskadi,,,,,osm,43.3199545,-1.9011382,2026-05-18
Betoret Estudio,Granada,Andalucía,+34674854424,,,,osm,37.1815323,-3.6122718,2026-05-18
El Señor Barbero Norddíne,La Línea de la Concepción,Andalucía,,,,,osm,36.1759994,-5.3391169,2026-05-18
Sacri y Mariela,Albacete,Castilla-La Mancha,+34655297773,,,,osm,38.9950672,-1.8521497,2026-05-18
Destellos Peluquería,Burela,Galicia,+34638376662,,,,osm,43.6638731,-7.3577054,2026-05-18
Romero,Zaragoza,Aragón,,,,,osm,41.645433,-0.8848625,2026-05-18
Peluqueria Victoria,Tudela,Navarra,,,,,osm,42.0548421,-1.5985235,2026-05-18
Ishaq,Lleida,Catalunya,,,,,osm,41.6110681,0.6289007,2026-05-18
Zero Peluquería,Granadilla de Abona,Canarias,,,,,osm,28.0458426,-16.5395272,2026-05-18
Barberia Negraj,Sonseca,Castilla-La Mancha,,,,,osm,39.6816333,-3.9712876,2026-05-18
Estefanía Moreno,Albacete,Castilla-La Mancha,+34967604282,,,,osm,38.9877257,-1.8592019,2026-05-18
Bader,Albacete,Castilla-La Mancha,,,,,osm,38.9867962,-1.8596204,2026-05-18
Magami,Albacete,Castilla-La Mancha,,,,,osm,38.9956277,-1.8675955,2026-05-18
La Mancha,Albacete,Castilla-La Mancha,+34631419264,,,,osm,38.9908353,-1.8679385,2026-05-18
Josmar,Albacete,Castilla-La Mancha,,,,,osm,38.9883384,-1.8657748,2026-05-18
Barber Arte,Albacete,Castilla-La Mancha,+34637960879,,@_barber_arte,,osm,38.987752,-1.8652382,2026-05-18
Luis Badía,Albacete,Castilla-La Mancha,,,,,osm,38.9876667,-1.8647848,2026-05-18
Yemanya,Los Alcázares,Murcia,,,,,osm,37.7413845,-0.8508685,2026-05-18
Nerea Santa Cruz,Burgos,Castilla y León,,,,,osm,42.3582493,-3.664801,2026-05-18
Lurdes,Burgos,Castilla y León,,,,,osm,42.3570357,-3.6645536,2026-05-18
Keraliss,Reus,Catalunya,,,,,osm,41.1561912,1.1123013,2026-05-18
Rudy,Albacete,Castilla-La Mancha,+34967097134,,,,osm,38.9984731,-1.8523446,2026-05-18
Numan,Benidorm,Comunitat Valenciana,,,,,osm,38.5404348,-0.1336223,2026-05-18
Gurú Ji,Benidorm,Comunitat Valenciana,,,,,osm,38.5404974,-0.1335532,2026-05-18
Partner Salon,Benidorm,Comunitat Valenciana,,,,,osm,38.5405361,-0.1335147,2026-05-18
Black Rabbit,Benidorm,Comunitat Valenciana,,,,,osm,38.5405684,-0.1329859,2026-05-18
B Side,Benidorm,Comunitat Valenciana,,,,,osm,38.5406844,-0.1328718,2026-05-18
Jesús Paños,Albacete,Castilla-La Mancha,,,,,osm,39.0014816,-1.8525224,2026-05-18
Alfaro,Albacete,Castilla-La Mancha,,,,,osm,39.0006874,-1.8520596,2026-05-18
Salva Navalón,Albacete,Castilla-La Mancha,,,,,osm,38.994973,-1.8554166,2026-05-18
Álvaro Guerrero,Albacete,Castilla-La Mancha,,,,,osm,38.994751,-1.8561646,2026-05-18
Mabel Cantero,Albacete,Castilla-La Mancha,,,,,osm,38.9994678,-1.8502492,2026-05-18
Neo,Albacete,Castilla-La Mancha,,,,,osm,39.0006556,-1.8526575,2026-05-18
Centro de bienestar Yaara López,Soria,Castilla y León,,,,,osm,41.7600645,-2.4745056,2026-05-18
Peluquería Esther Martínez,Soria,Castilla y León,,,,,osm,41.7601974,-2.4743056,2026-05-18
Peluquería Unisex Sara,Galisteo,Extremadura,,,,,osm,39.9761195,-6.2679166,2026-05-18
Barber shop,Lleida,Catalunya,,,,,osm,41.6130632,0.6239794,2026-05-18
Barbería JG,Villaluenga de la Sagra,Castilla-La Mancha,,,,,osm,40.0269092,-3.9132727,2026-05-18
Abrantes,Villaluenga de la Sagra,Castilla-La Mancha,,,,,osm,40.0270587,-3.9125531,2026-05-18
Centro Rosa Figueiras,Vigo,Galicia,+34986227902,,,https://aloeymas.com/,osm,42.2377586,-8.7274207,2026-05-18
La Pelu de Inés,Albacete,Castilla-La Mancha,,,,,osm,38.997325,-1.8582118,2026-05-18
Con su Estilo,Albacete,Castilla-La Mancha,,,,,osm,38.9962303,-1.8541434,2026-05-18
Eloydy Curl,Albacete,Castilla-La Mancha,,,,,osm,38.9968002,-1.8552691,2026-05-18
Araceli Moreno,Albacete,Castilla-La Mancha,,,,,osm,38.9971434,-1.8558822,2026-05-18
Soledad Rodríguez,Albacete,Castilla-La Mancha,,,,,osm,38.9977094,-1.8581192,2026-05-18
Ana Estilistas,Albacete,Castilla-La Mancha,,,,,osm,38.9971608,-1.8618267,2026-05-18
Tyché,Albacete,Castilla-La Mancha,,,,,osm,38.9978874,-1.8609104,2026-05-18
Línea,Albacete,Castilla-La Mancha,+34967524305,,,,osm,38.9978846,-1.8599198,2026-05-18
Gabriel Monsalve,Albacete,Castilla-La Mancha,+34967614152,,,,osm,38.9982737,-1.8600187,2026-05-18
Perruqueria i Estètica Rulo's,Reus,Catalunya,,,,,osm,41.0786195,1.1306502,2026-05-18
Godfather,Madrid,Madrid,,,,,osm,40.434658,-3.719602,2026-05-18
Argoz,Barcelona,Catalunya,,,,,osm,41.3753026,2.1189472,2026-05-18
Andrea Santana,Madrid,Madrid,,,,,osm,40.4049167,-3.7975574,2026-05-18
Sempiterno,Albacete,Castilla-La Mancha,,,,,osm,38.9938742,-1.8597867,2026-05-18
The Yisus,Albacete,Castilla-La Mancha,,,,,osm,38.993792,-1.8598767,2026-05-18
Blaze,Albacete,Castilla-La Mancha,,,,,osm,38.9986065,-1.861103,2026-05-18
Gamero,Sevilla,Andalucía,,,,,osm,37.3937946,-5.9933484,2026-05-18
Peluqueria Caballeros Luis,Pamplona / Iruña,Navarra,,,,,osm,42.8107242,-1.64169,2026-05-18
Yamile,Pamplona / Iruña,Navarra,,,,,osm,42.810854,-1.6409441,2026-05-18
tras el espejo,Pamplona / Iruña,Navarra,,,,,osm,42.8110242,-1.6608557,2026-05-18
The Friends,Pamplona / Iruña,Navarra,,,,,osm,42.8112824,-1.6613019,2026-05-18
Unión,Zaragoza,Aragón,,,,,osm,41.6560177,-0.8800494,2026-05-18
Oliver y Goretti,Zaragoza,Aragón,,,,,osm,41.655768,-0.8802778,2026-05-18
Verónica Martínez,Albacete,Castilla-La Mancha,,,,,osm,38.9928902,-1.8570793,2026-05-18
Saldias,Donostia / San Sebastián,Euskadi,,,,,osm,43.3051135,-1.9812894,2026-05-18
Tattoo & Barber,Benidorm,Comunitat Valenciana,,,,,osm,38.5383303,-0.1154536,2026-05-18
Peluquería Juan Manuel,Madrid,Madrid,,,,,osm,40.4506902,-3.6584865,2026-05-18
Rosa Mª Tarrés Perruqueria Unisex,Barcelona,Catalunya,+34933983445,,,,osm,41.448779,2.2342142,2026-05-18
Ugarte Perruqueria & Cosmetics,Barcelona,Catalunya,+34649542375,,,,osm,41.4487729,2.2338431,2026-05-18
Hanna Barber Shop,Puigcerdà,Catalunya,,,,https://hannabarbershop-official.framer.ai/,osm,42.4344239,1.9275725,2026-05-18
M'A'I,Maliaño,Cantabria,+34603107898,,@mai_barber.studio,https://booksy.com/es-es/165366_mai-barber-studio_barberia_34383_maliano,osm,43.4196907,-3.8441582,2026-05-18
Peluquería Tu Stylo,Móstoles,Madrid,+34912385352,,,,osm,40.3237826,-3.8708578,2026-05-18
La Barbera de Tarifa,Tarifa,Andalucía,,,,,osm,36.0131268,-5.6078387,2026-05-18
Juan Polo Hair Salon,Fuengirola,Andalucía,,,,,osm,36.5400691,-4.6256654,2026-05-18
Poli,Zaragoza,Aragón,,,,,osm,41.6479806,-0.8639282,2026-05-18
Rocío Ester,Zaragoza,Aragón,,,,,osm,41.6475745,-0.8637551,2026-05-18
Gla,Zaragoza,Aragón,+34876652654,,,,osm,41.6478512,-0.8637101,2026-05-18
Larraitz,Pamplona / Iruña,Navarra,,,,,osm,42.8171815,-1.6489617,2026-05-18
Kris Estilos,Pamplona / Iruña,Navarra,,,,,osm,42.8175646,-1.6487257,2026-05-18
May Stylist,Pamplona / Iruña,Navarra,,,,,osm,42.8174495,-1.6488403,2026-05-18
Marcel Perruquers,Lleida,Catalunya,,,,,osm,41.6104972,0.618384,2026-05-18
Barber Shop de la Vila,Sant Boi de Llobregat,Catalunya,,,,,osm,41.343751,2.0399934,2026-05-18
Casa Blanca V,Albacete,Castilla-La Mancha,+34643926639,,,,osm,38.993261,-1.8623127,2026-05-18
Barbershop Miami,Albacete,Castilla-La Mancha,,,,,osm,38.9938224,-1.8593325,2026-05-18
Florencia,Albacete,Castilla-La Mancha,+34967964724,,,,osm,38.9940098,-1.8596044,2026-05-18
Inma Liñán,Albacete,Castilla-La Mancha,,,,,osm,38.9940306,-1.8614342,2026-05-18
Barbería Abdel,Soria,Castilla y León,+34697756658,,,,osm,41.7657459,-2.4677092,2026-05-18
Salón de peluquería Isa,Mieres,Asturias / Asturies,,,,,osm,43.2482848,-5.778446,2026-05-18
Peluquería D'Rizzoss,La Línea de la Concepción,Andalucía,,,,,osm,36.166418,-5.3381661,2026-05-18
Peluquería Pepe,Málaga,Andalucía,,,,,osm,36.7225345,-4.3760562,2026-05-18
Guillen peluqueros,Málaga,Andalucía,,,,,osm,36.7221175,-4.3776229,2026-05-18
Básico,Madrid,Madrid,,,,,osm,40.4582428,-3.7855091,2026-05-18
Durga,Albacete,Castilla-La Mancha,,,,,osm,38.9971997,-1.8567598,2026-05-18
Laura T,Albacete,Castilla-La Mancha,,,,,osm,38.9934438,-1.8594433,2026-05-18
Itziar Alvarez,Errenteria,Euskadi,,,,,osm,43.3117226,-1.9007174,2026-05-18
Peluquería Pedro Itoiz,Pamplona / Iruña,Navarra,+34679722319,,,,osm,42.8139701,-1.6660568,2026-05-18
Clavijo,Tudela,Navarra,,,,,osm,42.0546398,-1.6071708,2026-05-18
Actuall,Albacete,Castilla-La Mancha,,,,,osm,38.9925573,-1.8611563,2026-05-18
Gaudir Estilistes,Barcelona,Catalunya,+34933482553,,gaudir_estilistes,https://www.gaudir.cat/,osm,41.4090863,2.1740283,2026-05-18
Peluquería Antón,Zamora,Castilla y León,+34980536350,,,,osm,41.5043037,-5.7476493,2026-05-18
Tonos,Albacete,Castilla-La Mancha,,,,,osm,38.9932342,-1.8611069,2026-05-18
116,Zaragoza,Aragón,,,,,osm,41.6347749,-0.8753768,2026-05-18
Ola,La Línea de la Concepción,Andalucía,,,,,osm,36.1675448,-5.3413603,2026-05-18
Mojo Perruqueria,Barcelona,Catalunya,,,,,osm,41.3953792,2.194711,2026-05-18
Peluquería Mixta Coquette,Zamora,Castilla y León,,,,,osm,41.5134576,-5.7551934,2026-05-18
Olaia-enea,Zumaia,Euskadi,+34943244222,esti@txindoki.com,,,osm,43.2947072,-2.2575036,2026-05-18
Olga,Zumaia,Euskadi,+34943861021,,,,osm,43.2944299,-2.2562619,2026-05-18
Noventa Grados,Donostia / San Sebastián,Euskadi,+34637718827,,noventagrados,https://noventa-grados.com/,osm,43.3225649,-1.9857937,2026-05-18
Peluquería Unisex María Pardo Muñóz,Xàtiva,Comunitat Valenciana,,,,,osm,38.985911,-0.5301071,2026-05-18
Viking 2,Chiclana de la Frontera,Andalucía,,,,,osm,36.3953224,-6.174094,2026-05-18
El Moño de Marge,Albacete,Castilla-La Mancha,,,,,osm,38.9929294,-1.8600527,2026-05-18
Chipy's Barber,Motril,Andalucía,+34651919356,,,,osm,36.7510575,-3.516469,2026-05-18
My Bell,Albacete,Castilla-La Mancha,,,,,osm,38.9923877,-1.8611107,2026-05-18
Toni,Albacete,Castilla-La Mancha,,,,,osm,38.9985692,-1.8627361,2026-05-18
Córdoba,Albacete,Castilla-La Mancha,,,,,osm,38.9932033,-1.864059,2026-05-18
Elena Flores,Albacete,Castilla-La Mancha,,,,,osm,38.9930803,-1.8639352,2026-05-18
Javi,Albacete,Castilla-La Mancha,,,,,osm,38.9978073,-1.85725,2026-05-18
Vero Martínez,Albacete,Castilla-La Mancha,,,,,osm,39.0021357,-1.8578398,2026-05-18
Hermanos Lomas,Albacete,Castilla-La Mancha,,,,,osm,38.9995231,-1.8580536,2026-05-18
Anache,Albacete,Castilla-La Mancha,+34656609082,,,,osm,38.9982909,-1.8585474,2026-05-18
Paqui Céspedes,Albacete,Castilla-La Mancha,,,,,osm,39.0029344,-1.8602263,2026-05-18
Lorena Gil,Albacete,Castilla-La Mancha,+34967662264,,,,osm,39.0008264,-1.861746,2026-05-18
Rodenas Juan,Albacete,Castilla-La Mancha,,,,,osm,38.9997685,-1.8617553,2026-05-18
Itxel Estilistas,Albacete,Castilla-La Mancha,,,,,osm,38.9991539,-1.8610155,2026-05-18
Morote,Albacete,Castilla-La Mancha,+34967507399,,,http://www.peluqueriajesusmorote.com,osm,38.9981937,-1.8620847,2026-05-18
Inma Auxi Peluqueras,Albacete,Castilla-La Mancha,+34967507426,,,,osm,38.9981887,-1.8621837,2026-05-18
Peluquería Silvia Castro,Motril,Andalucía,+34678759306,,,,osm,36.7500653,-3.5125587,2026-05-18
Patty Gago,Caldas de Reis,Galicia,,,,,osm,42.603952,-8.6427528,2026-05-18
Gallardo 2,Chiclana de la Frontera,Andalucía,,,,,osm,36.4184426,-6.1530347,2026-05-18
Angelery,Albacete,Castilla-La Mancha,+34624347208,,,,osm,39.0017176,-1.8630478,2026-05-18
Utopía,Albacete,Castilla-La Mancha,,,,,osm,39.0028306,-1.8643542,2026-05-18
Raquel Segovia,Albacete,Castilla-La Mancha,,,,,osm,38.9929425,-1.8633249,2026-05-18
Tárraga,Albacete,Castilla-La Mancha,,,,,osm,39.003484,-1.8622164,2026-05-18
Pilar Mansilla,Albacete,Castilla-La Mancha,,,,,osm,39.0007021,-1.8652735,2026-05-18
Don Cepillo,Albacete,Castilla-La Mancha,+34967504497,,,,osm,38.9947975,-1.8643512,2026-05-18
Julio Tirado,Albacete,Castilla-La Mancha,,,,,osm,38.9941543,-1.8640056,2026-05-18
La barbarie,Chiclana de la Frontera,Andalucía,,,,,osm,36.4186316,-6.1521945,2026-05-18
F.J. Barbería,Chiclana de la Frontera,Andalucía,+34640222596,,,,osm,36.3757282,-6.1860782,2026-05-18
Plan B,Albacete,Castilla-La Mancha,,,,,osm,38.9915653,-1.8593483,2026-05-18
Get the Look,Albacete,Castilla-La Mancha,,,,,osm,38.9922421,-1.8587751,2026-05-18
The Room,Albacete,Castilla-La Mancha,,,,,osm,38.9917656,-1.8599439,2026-05-18
Luxury,La Línea de la Concepción,Andalucía,,,,,osm,36.1700301,-5.3441883,2026-05-18
Peluquería Sandra,La Línea de la Concepción,Andalucía,,,,,osm,36.1702692,-5.3438756,2026-05-18
Andrés Moreno,La Línea de la Concepción,Andalucía,,,,,osm,36.1682737,-5.343548,2026-05-18
Barbería Óscar P.G.,Vigo,Galicia,+34674828990,,,,osm,42.2194723,-8.7331681,2026-05-18
Peinados Bambú,Madrid,Madrid,,,,,osm,40.4744007,-3.6425795,2026-05-18
MAYVIL Peluquería (ex MAYSON),Barcelona,Catalunya,+34933384753,,,,osm,41.3595036,2.0978919,2026-05-18
Variopinto,Burgos,Castilla y León,,,,,osm,42.3485211,-3.6960503,2026-05-18
Ziani,Madrid,Madrid,,,,,osm,40.4427858,-3.6521869,2026-05-18
Peluquería Eva Ortiz,Camargo,Cantabria,+34942072242,,,,osm,43.4387261,-3.8409119,2026-05-18
Apain,Zumaia,Euskadi,+34943860450,apainilea@gmail.com,,,osm,43.2941754,-2.2551373,2026-05-18
Azzul,Zaragoza,Aragón,,,,,osm,41.6487403,-0.8861992,2026-05-18
A Concept,Málaga,Andalucía,,,,,osm,36.7072183,-4.4344016,2026-05-18
Barbería Jose,Pinto,Madrid,,,,,osm,40.2451996,-3.6990074,2026-05-18
Lilac,Albacete,Castilla-La Mancha,+34623563446,,,,osm,38.9912814,-1.8590055,2026-05-18
Barber Woman Noelia Expósito,Albacete,Castilla-La Mancha,,,,,osm,38.9943361,-1.8606229,2026-05-18
Rebeca,Albacete,Castilla-La Mancha,,,,,osm,38.9949793,-1.8609084,2026-05-18
Yohel,Valverde,Canarias,,,,,osm,27.8076121,-17.91558,2026-05-18
Perruqueria,Igualada,Catalunya,,,,,osm,41.5785215,1.6184322,2026-05-18
Peluquería SG,Torrox,Andalucía,+34644890751,sgsabinapeluqueria@gmail.com,,,osm,36.7349865,-3.9797174,2026-05-18
Zpo,Balanegra,Andalucía,,,,,osm,36.7502194,-2.9070833,2026-05-18
Klein Barber Shop,Balanegra,Andalucía,,,,,osm,36.7497919,-2.9073215,2026-05-18
Peluqueros Samuel Ortega,Balanegra,Andalucía,+34669661897,,,,osm,36.7489045,-2.904312,2026-05-18
Peluqueria Castillo,Zamora,Castilla y León,+34692695330,,,,osm,41.5048944,-5.7482904,2026-05-18
Eleganza Hair Lab,Zamora,Castilla y León,+34629952874,,,https://www.eleganza-hairlab.com/,osm,41.5049591,-5.7477312,2026-05-18
Markeer Barber,Anglès,Catalunya,,,,,osm,41.9692108,2.6223987,2026-05-18
Peluquería GoldenHair,Balanegra,Andalucía,,,,,osm,36.7467969,-2.9082193,2026-05-18
Volumen S.,Madrid,Madrid,,,,,osm,40.4763987,-3.6418336,2026-05-18
Isabel Herrero Peluqueros,Madrid,Madrid,,,,,osm,40.4768308,-3.6445575,2026-05-18
GD Peluqueros,Madrid,Madrid,,,,,osm,40.4772555,-3.6453936,2026-05-18
Rtokes,Albacete,Castilla-La Mancha,+34967236251,,,,osm,38.9899564,-1.8590535,2026-05-18
Rodríguez Estilistas,Albacete,Castilla-La Mancha,,,,,osm,38.989937,-1.8583811,2026-05-18
Arturo,Albacete,Castilla-La Mancha,,,,,osm,38.9853463,-1.8622157,2026-05-18
Flow,Albacete,Castilla-La Mancha,,,,,osm,38.9856703,-1.8625813,2026-05-18
Marinelli peluqueros,Madrid,Madrid,,,,,osm,40.3959933,-3.695725,2026-05-18
Peluquería mixta Ederra,Errenteria,Euskadi,+34603579008,,,,osm,43.3164262,-1.9091778,2026-05-18
Viva,Donostia / San Sebastián,Euskadi,,,,,osm,43.3164031,-1.9741455,2026-05-18
"Salón Bella Montero Peluquería y Estética natural “Secretos del Agua""",Chiclana de la Frontera,Andalucía,,,,,osm,36.3687407,-6.1725566,2026-05-18
Lidia Povieda,Donostia / San Sebastián,Euskadi,+34663552472,,,,osm,43.3218204,-1.9833007,2026-05-18
Vanessa Cid,Madrid,Madrid,,,,,osm,40.4778662,-3.6451307,2026-05-18
dZero,Zaragoza,Aragón,,,,,osm,41.6298953,-0.887169,2026-05-18
Salón de Belleza María Ángeles,Motril,Andalucía,+34636501361,,,,osm,36.7520561,-3.5180994,2026-05-18
Peina-Dos R & V,Albacete,Castilla-La Mancha,+34967220240,,,,osm,38.989843,-1.8611646,2026-05-18
Toñi Navarro,Albacete,Castilla-La Mancha,+34967220681,,,,osm,38.9875904,-1.8617423,2026-05-18
España 2000,Albacete,Castilla-La Mancha,,,,,osm,38.9891033,-1.8602963,2026-05-18
Style Estudio 2 Hermanos,Albacete,Castilla-La Mancha,,,,,osm,38.9888932,-1.8619805,2026-05-18
Mati Giner,Albacete,Castilla-La Mancha,,,,,osm,38.9873049,-1.864303,2026-05-18
Atlas,Albacete,Castilla-La Mancha,,,,,osm,38.9886119,-1.8636814,2026-05-18
Wassim,Albacete,Castilla-La Mancha,,,,,osm,38.9891956,-1.8626475,2026-05-18
Bel-Issima,Albacete,Castilla-La Mancha,,,,,osm,38.9912178,-1.8611604,2026-05-18
Estilcan Estilistes Canins,Barcelona,Catalunya,,,,,osm,41.4452868,2.2433054,2026-05-18
Sara Gallart,Lleida,Catalunya,,,,,osm,41.6193719,0.6217927,2026-05-18
Monet,Madrid,Madrid,,,,,osm,40.4033333,-3.698111,2026-05-18
Orquidea Beauty Hair,Lleida,Catalunya,,,,,osm,41.6226518,0.6230765,2026-05-18
King Eliasse,La Línea de la Concepción,Andalucía,,,,,osm,36.175931,-5.3486214,2026-05-18
Lluís,Lleida,Catalunya,,,,,osm,41.6207885,0.6169994,2026-05-18
mimARTE,Lleida,Catalunya,,,,,osm,41.6212275,0.6176209,2026-05-18
Peluquería Rachid,La Línea de la Concepción,Andalucía,,,,,osm,36.1683942,-5.3410918,2026-05-18
M- Afaq - Barber Shop,València,Comunitat Valenciana,,,,,osm,39.4611752,-0.3721868,2026-05-18
La Vieja Habana,El Astillero,Cantabria,,,,https://barberialaviejahabana.com/,osm,43.4000796,-3.8195541,2026-05-18
Hola París!,Córdoba,Andalucía,,,,,osm,37.8903753,-4.7775066,2026-05-18
Mila Pardo,Albacete,Castilla-La Mancha,,,,,osm,38.9917641,-1.8621513,2026-05-18
GRS Black,Albacete,Castilla-La Mancha,,,,,osm,38.9901056,-1.8588963,2026-05-18
R y B Peluqueras,Santa Olalla,Castilla-La Mancha,,,,,osm,40.0239096,-4.4284233,2026-05-18
Peluquería Jesús Sendino,Briviesca,Castilla y León,,,peluqueria_jesus_sendino,,osm,42.5515333,-3.3215534,2026-05-18
Ignasi de Loyola Perruqueria,Barcelona,Catalunya,,,,,osm,41.4467252,2.2441537,2026-05-18
Peluquería Aries,La Línea de la Concepción,Andalucía,,,,,osm,36.1695974,-5.346465,2026-05-18
Alberto Medina,Albacete,Castilla-La Mancha,,,,,osm,38.9928175,-1.875064,2026-05-18
Hermanos Cotillas,Albacete,Castilla-La Mancha,,,,,osm,38.9925166,-1.861619,2026-05-18
Iván Marín,Albacete,Castilla-La Mancha,+34651937353,,,,osm,38.9978305,-1.8572977,2026-05-18
J. Muñoz,Albacete,Castilla-La Mancha,+34637330373,,,,osm,38.9943292,-1.8717175,2026-05-18
Peluquería Arturo,Albacete,Castilla-La Mancha,,,,,osm,38.9941618,-1.8726725,2026-05-18
Área 46,Albacete,Castilla-La Mancha,,,,,osm,38.9939935,-1.8735305,2026-05-18
De la Cruz,Albacete,Castilla-La Mancha,,,,,osm,38.9935238,-1.8737458,2026-05-18
Nuevas Formas,Albacete,Castilla-La Mancha,,,,,osm,38.9926503,-1.8748785,2026-05-18
MG Peluqueros,Albacete,Castilla-La Mancha,,,,,osm,38.9928103,-1.862081,2026-05-18
Calleja Peluqueros,Albacete,Castilla-La Mancha,,,,,osm,38.992462,-1.8765535,2026-05-18
Stylo XXI,Albacete,Castilla-La Mancha,,,,,osm,38.9948715,-1.8741922,2026-05-18
María Amparo,Albacete,Castilla-La Mancha,,,,,osm,38.9961282,-1.8674229,2026-05-18
Justo Peluqueros,Albacete,Castilla-La Mancha,,,,,osm,38.9951059,-1.8654815,2026-05-18
A Li Peluquería y Estética,Albacete,Castilla-La Mancha,+34967116832,,,,osm,38.9947038,-1.8626928,2026-05-18
Elvira Quintana,Albacete,Castilla-La Mancha,,,,,osm,38.9935648,-1.8625424,2026-05-18
Yeilook,Madrid,Madrid,,,,,osm,40.3991315,-3.6983983,2026-05-18
Estilo Único,La Línea de la Concepción,Andalucía,,,,,osm,36.1660197,-5.3496246,2026-05-18
Peluquería Rocío Cabrera,La Línea de la Concepción,Andalucía,,,,,osm,36.1667209,-5.3500317,2026-05-18
Art i estil,València,Comunitat Valenciana,,,,,osm,39.5174546,-0.4339983,2026-05-18
Hair business developers,València,Comunitat Valenciana,,,,,osm,39.5174995,-0.4340165,2026-05-18
Anna's,Madrid,Madrid,,,,,osm,40.384735,-3.6709104,2026-05-18
Perruqueria Pels Pèls,Figueres,Catalunya,,,,,osm,42.2620437,2.9606357,2026-05-18
Imán peluquería,Oviedo,Asturias / Asturies,+34985030268,,,,osm,43.3674413,-5.8674451,2026-05-18
Naiz,Donostia / San Sebastián,Euskadi,,,,,osm,43.3231768,-1.9861073,2026-05-18
Toni & Guy,València,Comunitat Valenciana,+34960913340,valencia.aqua@toniandguy.es,toniandguyspain,https://toniandguy.es/salones/salon-peluqueria-valencia-aqua,osm,39.4577327,-0.3461737,2026-05-18
Peluquería Moyano,Alanís,Andalucía,,,,,osm,38.0381448,-5.7135088,2026-05-18
Atono,La Línea de la Concepción,Andalucía,,,,,osm,36.1620537,-5.3474968,2026-05-18
El Salón de Laura,Chiclana de la Frontera,Andalucía,,,,,osm,36.3967444,-6.1657192,2026-05-18
Perruqueria Maria del Mar,la Granja d'Escarp,Catalunya,,,,https://www.perruqueriamariadelmar.com/,osm,41.4181376,0.3525487,2026-05-18
Peluqueria ELENA PINTEÑO,Chiclana de la Frontera,Andalucía,,,,,osm,36.3950476,-6.1743725,2026-05-18
Cristina,Vilanova de Segrià,Catalunya,,,,,osm,41.7120505,0.6189845,2026-05-18
María Ángeles Rodenss,Albacete,Castilla-La Mancha,,,,,osm,38.9888416,-1.8645968,2026-05-18
Nux,Albacete,Castilla-La Mancha,+34967590518,,,,osm,38.9860764,-1.8555442,2026-05-18
Roberto Peluquero,Albacete,Castilla-La Mancha,,,,,osm,38.9867001,-1.8593808,2026-05-18
Gloria Piqueras,Albacete,Castilla-La Mancha,,,,,osm,38.9907584,-1.8661164,2026-05-18
Antonio Peluquero,Albacete,Castilla-La Mancha,,,,,osm,38.9910951,-1.8668478,2026-05-18
Dávila,Albacete,Castilla-La Mancha,,,,,osm,38.9908208,-1.8674271,2026-05-18
La Quinta Esencia,Albacete,Castilla-La Mancha,,,,,osm,38.9890685,-1.8640747,2026-05-18
Dubai,Albacete,Castilla-La Mancha,+34632375396,,,,osm,38.9896432,-1.8635161,2026-05-18
Fina y Raquel,Albacete,Castilla-La Mancha,,,,,osm,38.990017,-1.8633948,2026-05-18
Estilo & Glamour,Madrid,Madrid,,,,,osm,40.3821146,-3.6726274,2026-05-18
BH13,Madrid,Madrid,+34919126712,,,https://booksy.com/es-es/152683_bh13_barberia_53009_madrid,osm,40.3624522,-3.750921,2026-05-18
Lola Carreras,Córdoba,Andalucía,+34957470558,lolacarreras@hotmail.com,,https://www.peluquerialolacarreras.com,osm,37.8852733,-4.7840389,2026-05-18
Fransis,Córdoba,Andalucía,,,,,osm,37.8851629,-4.7839839,2026-05-18
Luxury Barber Shop,Calafell,Catalunya,,,,,osm,41.1906832,1.6076919,2026-05-18
La Quinta,Arroyo de la Miel-Benalmádena Costa,Andalucía,,,,,osm,36.5993752,-4.5382025,2026-05-18
Juani Requena,Albacete,Castilla-La Mancha,,,,,osm,38.9883381,-1.8608928,2026-05-18
Barbería Ash,Albacete,Castilla-La Mancha,,,,,osm,38.9883593,-1.8609487,2026-05-18
Carmen Ponce,Albacete,Castilla-La Mancha,+34614258610,,,,osm,38.9894802,-1.863119,2026-05-18
Studio 87,Albacete,Castilla-La Mancha,,,,,osm,38.9907042,-1.8655229,2026-05-18
Luxury Studio,Albacete,Castilla-La Mancha,,,,,osm,38.9938438,-1.8669223,2026-05-18
Barbería Central,Albacete,Castilla-La Mancha,,,,,osm,38.9952536,-1.8633255,2026-05-18
Kölors,Albacete,Castilla-La Mancha,,,,,osm,38.9951697,-1.863101,2026-05-18
Peluquería Masculina Manuel Perez,Sant Boi de Llobregat,Catalunya,+34936362290,,,,osm,41.2859617,1.9813508,2026-05-18
Salamanca,Madrid,Madrid,,,,,osm,40.4265838,-3.6740796,2026-05-18
Ready men,Barcelona,Catalunya,,,,,osm,41.3752306,2.1388367,2026-05-18
The Boyz,Albacete,Castilla-La Mancha,,,,,osm,38.9917007,-1.8625587,2026-05-18
Paco Peluquero,Albacete,Castilla-La Mancha,,,,,osm,39.0007925,-1.862391,2026-05-18
Loft Perruquers & Estilistes,Figueres,Catalunya,,,,,osm,42.2653107,2.9640824,2026-05-18
Salón Ohana,Albacete,Castilla-La Mancha,+34967178533,,,,osm,39.0022864,-1.8641803,2026-05-18
Peluquería José Sánchez,Albacete,Castilla-La Mancha,,,,,osm,39.0030561,-1.8652674,2026-05-18
Pilar Villada,Albacete,Castilla-La Mancha,,,,,osm,39.002463,-1.8663684,2026-05-18
Jumani Barber,Albacete,Castilla-La Mancha,,,,,osm,38.9905921,-1.8638673,2026-05-18
Yoland Beauty Salon,Figueres,Catalunya,,,,,osm,42.2670016,2.9604319,2026-05-18
Natalia Iglesias,Figueres,Catalunya,,,,,osm,42.2630081,2.9523685,2026-05-18
Shani Perruqueria,Montcada i Reixac,Catalunya,+34632040587,,,,osm,41.4516506,2.232076,2026-05-18
El Arte del Barbero,Montcada i Reixac,Catalunya,+34640208122,,elartedelvarvero.official,https://elartedelbarbero.com/,osm,41.4517788,2.2319545,2026-05-18
Nekor,Madrid,Madrid,,,,,osm,40.3841918,-3.6715612,2026-05-18
Perruqueria Ferrés Quintana,Figueres,Catalunya,,,,,osm,42.2664146,2.9673017,2026-05-18
Natalia Costey,Figueres,Catalunya,,,,,osm,42.2684699,2.9626605,2026-05-18
David O Barbeiro,A Coruña,Galicia,+34881105430,,,,osm,43.3185047,-8.3570693,2026-05-18
Edisheva,La Mata,Castilla-La Mancha,,,,,osm,39.9434086,-4.4382913,2026-05-18
3 Hermanos,Bilbao,Euskadi,,,,,osm,43.2567222,-2.939784,2026-05-18
El Ojillo Barber Studio,Sestao,Euskadi,,,,,osm,43.3186644,-3.0223198,2026-05-18
Carolina,Albacete,Castilla-La Mancha,+34967020702,,,,osm,38.9940282,-1.8622563,2026-05-18
Suances Estilistak,Sestao,Euskadi,,,,,osm,43.319296,-3.0190262,2026-05-18
Patricia Casal,Muxía,Galicia,,,,,osm,43.1050848,-9.2178791,2026-05-18
Peluqueria de Nieves,Utebo,Aragón,,,,,osm,41.7159359,-1.0245114,2026-05-18
Peluqueria Cris,Utebo,Aragón,,,,,osm,41.7166286,-1.0247765,2026-05-18
Peluqueria Pilar Ruiz,Utebo,Aragón,,,,,osm,41.7156403,-1.0244835,2026-05-18
Barbara Puente,León,Castilla y León,,,,,osm,42.596451,-5.6065211,2026-05-18
Bellevalia,León,Castilla y León,,,,,osm,42.5957408,-5.6079315,2026-05-18
Peluquería Unisex Natalia,León,Castilla y León,,,,,osm,42.5960604,-5.6088483,2026-05-18
Brooklyn,València,Comunitat Valenciana,,,,,osm,39.4548204,-0.3911639,2026-05-18
Jose Ruiz,Ugíjar,Andalucía,,,,,osm,36.963005,-3.0538632,2026-05-18
Barbería Romero,Albacete,Castilla-La Mancha,,,,,osm,38.9867709,-1.8460471,2026-05-18
Salón de belleza DeCorte,Zamora,Castilla y León,+34980534648,,,,osm,41.5049639,-5.7462598,2026-05-18
La Pelu,Zamora,Castilla y León,+34980536661,,,,osm,41.5050431,-5.7451238,2026-05-18
Element Hair Studio,Zamora,Castilla y León,+34640102720,,,,osm,41.5055515,-5.745266,2026-05-18
El Punt - perruqueria barberia,Barcelona,Catalunya,+34654622092,,peluqueria_barberia_el_punt,,osm,41.4469075,2.2499112,2026-05-18
Danes Perruquers,Olot,Catalunya,+34972271494,,,,osm,42.1824792,2.4889848,2026-05-18
Yomil,Oviedo,Asturias / Asturies,,,,,osm,43.368068,-5.8570366,2026-05-18
Perruqueria Carme Gilart,Gimenells i el Pla de la Font,Catalunya,,,,,osm,41.6878103,0.3526883,2026-05-18
Md Peluquería,Sagunt / Sagunto,Comunitat Valenciana,,,,,osm,39.6620844,-0.2186521,2026-05-18
Peluquería Imagen Cristina,Sagunt / Sagunto,Comunitat Valenciana,,,,,osm,39.6606029,-0.2190405,2026-05-18
Studio032,Madrid,Madrid,,,,,osm,40.4031337,-3.6061795,2026-05-18
Lovelys,Cartagena,Murcia,,,,,osm,37.636343,-1.010278,2026-05-18
Peluquería Manuel Benavi,Motril,Andalucía,+34625668498,,,,osm,36.7533684,-3.518492,2026-05-18
Peluquería Mixta Guadalupe,Zamora,Castilla y León,+34645102900,,,,osm,41.5059048,-5.7465472,2026-05-18
Alba Styl,Bellcaire d'Urgell,Catalunya,+34973586529,,albastylperruqueria,,osm,41.7582311,0.9068948,2026-05-18
Perruqueria Eva,Bellcaire d'Urgell,Catalunya,,,,,osm,41.7590996,0.9067374,2026-05-18
Centre d'Estètica i Perruqueria Marta,Bellcaire d'Urgell,Catalunya,,,,,osm,41.758646,0.9074095,2026-05-18
Trenzas Malaga,Málaga,Andalucía,+34609603768,karinamendeznavarro@gmail.com,,,osm,36.7223912,-4.4382473,2026-05-18
Arnau Rayó Perruquers,sa Pobla,Illes Balears,,,,,osm,39.7703398,3.0238708,2026-05-18
Ricoruíz,Lleida,Catalunya,,,,,osm,41.6126654,0.6243203,2026-05-18
La Bendición De Dios,Zamora,Castilla y León,+34652822547,,,,osm,41.5072043,-5.7453302,2026-05-18
Peluquería Aslaut Estilistas,Tomelloso,Castilla-La Mancha,+34926510361,,,,osm,39.1529439,-3.0232892,2026-05-18
Peluquería Unisex Pili Reina,Albacete,Castilla-La Mancha,,,,,osm,38.9906645,-1.8648082,2026-05-18
Trium Barber,Sevilla,Sevilla,,,,,osm,37.4049072,-5.9149399,2026-05-18
Bécara Style,Tomelloso,Castilla-La Mancha,+34661660508,,,,osm,39.1543052,-3.0207567,2026-05-18
Peluquería-Estética V'iker,Zamora,Castilla y León,+34980161623,,,,osm,41.5078938,-5.7457613,2026-05-18
Trashi Sho Peluquería,Pinto,Madrid,,,,,osm,40.2408966,-3.6931032,2026-05-18
Vents Perruaueria;Vents Perruqueria,Montcada i Reixac,Catalunya,+34640757901,,,,osm,41.4518033,2.2448865,2026-05-18
Becka's Hair,Montcada i Reixac,Catalunya,,,,,osm,41.4514875,2.2455234,2026-05-18
Milano Perriqueria,Montcada i Reixac,Catalunya,,,,,osm,41.45188,2.2437878,2026-05-18
VIP,Montcada i Reixac,Catalunya,,,,,osm,41.4524098,2.2434352,2026-05-18
Peluquería Cristina Martínez,Albacete,Castilla-La Mancha,+34967964335,,,,osm,38.9945808,-1.8690145,2026-05-18
Barbería Bruno Sánchez,Albacete,Castilla-La Mancha,,,,,osm,38.9883668,-1.8681659,2026-05-18
Sophie,Errenteria,Euskadi,+34943341586,,,,osm,43.316161,-1.9072646,2026-05-18
New Style,Tomelloso,Castilla-La Mancha,+34642564487,,,,osm,39.1569222,-3.0219145,2026-05-18
Peluqueria Marisabel,Tomelloso,Castilla-La Mancha,+34655428610,,,,osm,39.1572592,-3.020511,2026-05-18
Style Barber,Alacant / Alicante,Comunitat Valenciana,,,,,osm,38.3527582,-0.4769808,2026-05-18
AsEs Saló,Esparreguera,Catalunya,+34676277426,,,,osm,41.5400181,1.8685825,2026-05-18
Barberia Badene,Esparreguera,Catalunya,+34612283323,,,,osm,41.5399131,1.8685207,2026-05-18
Perruqueria Tres N,Esparreguera,Catalunya,+34937772147,,,,osm,41.5398447,1.8683159,2026-05-18
600 Talls,Esparreguera,Catalunya,+34647028686,,,https://www.wa.link/g8l2l5,osm,41.5396432,1.8681347,2026-05-18
Perruquería Kbell's,Esparreguera,Catalunya,+34937775557,,,,osm,41.5394999,1.8678285,2026-05-18
Cal Carlos,Esparreguera,Catalunya,+34937772299,,,,osm,41.5392058,1.8672709,2026-05-18
Peluquería Sacri,Albacete,Castilla-La Mancha,,,,,osm,38.9952773,-1.8642017,2026-05-18
Tini,Mieres,Asturias / Asturies,,,,,osm,43.2481243,-5.7756763,2026-05-18
ALISADO JAPONES YSSU,Alacant / Alicante,Comunitat Valenciana,,,,,osm,38.3428389,-0.4892703,2026-05-18
The Lola Style,Albacete,Castilla-La Mancha,,,,,osm,39.0084441,-1.8727523,2026-05-18
Imagine Estilista,Albacete,Castilla-La Mancha,+34967613425,,,,osm,39.0080805,-1.8729067,2026-05-18
Querencia,Albacete,Castilla-La Mancha,,,,,osm,39.0077909,-1.8709892,2026-05-18
Trigal Peluqueros,Leganés,Madrid,,,,,osm,40.3353458,-3.7764614,2026-05-18
Paco Peluqueros,Elx / Elche,Comunitat Valenciana,,,,,osm,38.2637181,-0.7047653,2026-05-18
Tiffany's,Albacete,Castilla-La Mancha,+34967223990,,,,osm,39.0000269,-1.8643574,2026-05-18
Barbería Miguel González,Albacete,Castilla-La Mancha,,,,,osm,39.000392,-1.8644961,2026-05-18
Famma,Albacete,Castilla-La Mancha,,,,,osm,39.0047012,-1.8670323,2026-05-18
Barbería Barbanegra,Albacete,Castilla-La Mancha,,,,,osm,39.0056358,-1.8673358,2026-05-18
Peluquería Carmen R. G.,Albacete,Castilla-La Mancha,,,,,osm,39.0052523,-1.8660618,2026-05-18
Boira Beauty Center,Zaragoza,Aragón,+34611055607,,https://www.instagram.com/@boirabeaurycenter,,osm,41.666708,-0.8299382,2026-05-18
Chico Diez,Alacant / Alicante,Comunitat Valenciana,,,,,osm,38.3456232,-0.4807161,2026-05-18
Peluquería Eva Moreno,Arroyo de la Miel-Benalmádena Costa,Andalucía,,,,,osm,36.600566,-4.5340458,2026-05-18
La pelu de Iñaki,Sestao,Euskadi,,,,,osm,43.3193543,-3.019763,2026-05-18
Sandra Castanedo,Santander,Cantabria,,,,,osm,43.4583289,-3.8099577,2026-05-18
Imagin'hair,Madrid,Madrid,,,,,osm,40.406778,-3.6874275,2026-05-18
Chema Tineo Peluquería Unisex,Tomelloso,Castilla-La Mancha,+34722172233,,,,osm,39.1596052,-3.0217221,2026-05-18
Dolce,València,Comunitat Valenciana,,,,,osm,39.4657043,-0.3351884,2026-05-18
Peluquería Chamal,Castellbisbal,Catalunya,+34611551298,,,,osm,41.4722254,1.9791317,2026-05-18
Antonio Castro Perruquer,Castellbisbal,Catalunya,+34937722860,,,,osm,41.4724624,1.9791538,2026-05-18
Rafael Pagés,Castellbisbal,Catalunya,,,,,osm,41.4729267,1.9791608,2026-05-18
Perruqueria Raul,Tarragona,Catalunya,,,,,osm,41.1155389,1.2423196,2026-05-18
Custom Barber,Tarragona,Catalunya,,,,,osm,41.1156619,1.2423719,2026-05-18
Black Barber,Tarragona,Catalunya,,,,,osm,41.1151467,1.2423774,2026-05-18
Hermanos García,Burgos,Burgos,+34947232038,,,,osm,42.3549832,-3.6924095,2026-05-18
De Felipe Perruquers,Esparreguera,Catalunya,,,,,osm,41.5449304,1.8636358,2026-05-18
my styling hair salón,Esparreguera,Catalunya,+34691593273,,,,osm,41.5442677,1.8643496,2026-05-18
Peluquería de Caballeros Sur,Granada,Andalucía,,,,,osm,37.1803614,-3.6123706,2026-05-18
Perruqueria Judith,Corbins,Catalunya,,,,,osm,41.691633,0.6955055,2026-05-18
Nikson,Santander,Cantabria,,,,,osm,43.4529932,-3.8228384,2026-05-18
SANTANA STUDIO & SPA CAPILAR,Sant Feliu de Guíxols,Catalunya,,,,,osm,41.7889898,3.0277098,2026-05-18
Centro de Estética Miriam Jiménez,Sartaguda,Navarra,+34675813485,,,,osm,42.3834879,-2.0568097,2026-05-18
Jara,Madrid,Madrid,,,,,osm,40.4015256,-3.6189198,2026-05-18
Novo can - Beauty for animals,Chiclana de la Frontera,Andalucía,,,,,osm,36.3787949,-6.1742452,2026-05-18
Peluquería Gema Guerrero,Chiclana de la Frontera,Andalucía,,,,,osm,36.3788422,-6.1742178,2026-05-18
Pedro Peluquero,Albacete,Castilla-La Mancha,,,,,osm,39.0010827,-1.8655848,2026-05-18
Estefanía Morcillo,Albacete,Castilla-La Mancha,,,,,osm,39.0010975,-1.8657951,2026-05-18
Peluquería Inma López,Albacete,Castilla-La Mancha,+34967819278,,,,osm,38.9926623,-1.8490762,2026-05-18
Zafiro Stilistas,Albacete,Castilla-La Mancha,,,,,osm,38.9996582,-1.8562437,2026-05-18
Pein Arte,Albacete,Castilla-La Mancha,,,,,osm,38.9998699,-1.8564995,2026-05-18
Ana López,Albacete,Castilla-La Mancha,+34967741590,,,,osm,38.9997211,-1.8570727,2026-05-18
Sonia Peluquería,Albacete,Castilla-La Mancha,,,,,osm,39.0000999,-1.8602293,2026-05-18
Silvia Ríos,Albacete,Castilla-La Mancha,,,,,osm,38.9998726,-1.8706248,2026-05-18
Pilar Nieto,Albacete,Castilla-La Mancha,+34967609696,,,,osm,39.0006192,-1.8627312,2026-05-18
Peluquería Maribel,Albacete,Castilla-La Mancha,,,,,osm,38.9992788,-1.8676156,2026-05-18
Peluquería Ana Milla,Albacete,Castilla-La Mancha,+34967601026,,,,osm,38.9992502,-1.8660536,2026-05-18
Perruqueria Lluïsa Unisex,Benavent de Segrià,Catalunya,,,,,osm,41.6950331,0.6327081,2026-05-18
Peluquería Enrique,Tomelloso,Castilla-La Mancha,+34628562375,,,,osm,39.1520866,-3.0259215,2026-05-18
Montse & Eva Estilistes,Artesa de Lleida,Catalunya,,,,,osm,41.5534096,0.7035982,2026-05-18
Yaes,Albacete,Castilla-La Mancha,,,,,osm,39.0015717,-1.8611339,2026-05-18
Renova,Adeje,Canarias,,,,,osm,28.1259935,-16.7743358,2026-05-18
Barber Shop American Style,Adeje,Canarias,,,,,osm,28.1264508,-16.7737594,2026-05-18
T-cortas,Zamora,Castilla y León,+34980166650,,,,osm,41.509103,-5.7467547,2026-05-18
Peluquería Estética Eva,Málaga,Andalucía,,,,,osm,36.7378831,-4.4210149,2026-05-18
Barberia 91,Candelaria,Canarias,,,,,osm,28.3558705,-16.370022,2026-05-18
Sonia Pena,Santiago de Compostela,Galicia,,,,,osm,42.8998853,-8.525696,2026-05-18
Pelu Chic,Calafell,Catalunya,,,,,osm,41.1870286,1.5708782,2026-05-18
Peluquería Azzamouri,Pamplona / Iruña,Navarra,,,,,osm,42.8085193,-1.6362387,2026-05-18
Viel.Barber Bunker Studio,Llagostera,Catalunya,,,@viel.barber,,osm,41.8271052,2.8953379,2026-05-18
Sandra Ballarín Perruqueria,Barcelona,Catalunya,+34933995461,,,,osm,41.4484767,2.2370116,2026-05-18
Maria Nacarro Perruqueria,Barcelona,Catalunya,,,,,osm,41.4483993,2.2380632,2026-05-18
Perruqueria i Estètica Cristina,Barcelona,Catalunya,,,,,osm,41.4483814,2.2382425,2026-05-18
Gharu ViDa Barber Shop,Barcelona,Catalunya,+34632482234,,gharu.vida.barbershop,,osm,41.4483249,2.2388379,2026-05-18
Duet's Perruqueria,Barcelona,Catalunya,+34933871244,,,,osm,41.44668,2.2374348,2026-05-18
JM Palma Estilisme i Perruqueria,Barcelona,Catalunya,,,,,osm,41.4480428,2.2422535,2026-05-18
Esther Pié Perruqueria,Barcelona,Catalunya,+34934606014,,,,osm,41.4480531,2.2419469,2026-05-18
Daniel peluqueros sevilla,Sevilla,Sevilla,+34954400400,,,,osm,37.4025106,-5.9194409,2026-05-18
Berónica estilistas,Pamplona / Iruña,Navarra,,,,,osm,42.8011485,-1.6447335,2026-05-18
JJ Guilarte,Granada,Andalucía,,,,,osm,37.1762368,-3.6044574,2026-05-18
Olga Garrido,Madrid,Madrid,,,,,osm,40.4243822,-3.5679779,2026-05-18
Pilar Esteban,Madrid,Madrid,,,,,osm,40.4249081,-3.566655,2026-05-18
Salón de Peluquería Carmen,Albacete,Castilla-La Mancha,,,,,osm,39.0002183,-1.8732456,2026-05-18
Alfonso Peluquero,Albacete,Castilla-La Mancha,,,,,osm,39.0006279,-1.8744717,2026-05-18
Peluquería Rayan,La Línea de la Concepción,Andalucía,,,,,osm,36.1674528,-5.3560073,2026-05-18
Peluquería María del Carmen Villalta,Tomelloso,Castilla-La Mancha,,,,,osm,39.150336,-3.0253564,2026-05-18
Junior Reller Peluquería y Estética Brasileña,Barcelona,Catalunya,,,,,osm,41.3807258,2.1339122,2026-05-18
Barbería José Ángel,Albacete,Castilla-La Mancha,+34622355507,,,,osm,38.9870301,-1.869839,2026-05-18
Ángela Ramírez,Albacete,Castilla-La Mancha,,,,,osm,38.993055,-1.8721396,2026-05-18
Cristina & Esther,Albacete,Castilla-La Mancha,,,,,osm,38.9926236,-1.8731309,2026-05-18
Estela Peluquera,Albacete,Castilla-La Mancha,+34610084221,,,,osm,38.9934783,-1.8769328,2026-05-18
Hamza 48,Albacete,Castilla-La Mancha,,,,,osm,38.9949974,-1.8729434,2026-05-18
Peluquería Asun Rasilla,Santander,Cantabria,,,,,osm,43.4820997,-3.7976325,2026-05-18
UO-MO by Miguelangel,Tres Cantos,Madrid,+34919952192,,,,osm,40.5982587,-3.7149642,2026-05-18
Digno,Tres Cantos,Madrid,,,,,osm,40.5987321,-3.7132024,2026-05-18
Alex's cut studio,Tres Cantos,Madrid,+34918031708,,,,osm,40.5987052,-3.7134337,2026-05-18
Vip Hair,Tres Cantos,Madrid,,,,,osm,40.600637,-3.7099066,2026-05-18
Peluquería Velencoso,Albacete,Castilla-La Mancha,,,,,osm,38.9844059,-1.8580734,2026-05-18
Peluquería Pili,Albacete,Castilla-La Mancha,,,,,osm,38.9967633,-1.8749875,2026-05-18
Cristina Catalán,Albacete,Castilla-La Mancha,,,,,osm,38.9971133,-1.8744087,2026-05-18
Barbeito,A Coruña,Galicia,,,,,osm,43.3466828,-8.4467782,2026-05-18
Toonic,Tarragona,Catalunya,,,,,osm,41.1152584,1.2415429,2026-05-18
Lutximak,Mutriku,Euskadi,+34943033835,,,https://lutximakestilistak.com/,osm,43.2509481,-2.3888942,2026-05-18
Ayoze,Puerto de la Cruz,Canarias,,,,,osm,28.4216521,-16.4996806,2026-05-18
Mar Dier,Puerto de la Cruz,Canarias,,,,,osm,28.4215667,-16.4997559,2026-05-18
Gema Casas,Madrid,Madrid,,,,,osm,40.4342546,-3.7009099,2026-05-18
Kike Molina,Albacete,Castilla-La Mancha,,,,,osm,38.9964332,-1.8482163,2026-05-18
Ángela Pérez,Albacete,Castilla-La Mancha,,,,,osm,38.9965862,-1.8492296,2026-05-18
Centro de Peluquería Marla,Toledo,Castilla-La Mancha,,,,,osm,39.8728837,-4.0358573,2026-05-18
Peluquería y Barbería Como Tú,Toledo,Castilla-La Mancha,+34925672577,,,,osm,39.8744147,-4.0337597,2026-05-18
El Admi Barber,Toledo,Castilla-La Mancha,,,,,osm,39.8734678,-4.0355052,2026-05-18
Pel-Arte,Gines,Andalucía,+34667313136,,,,osm,37.3802279,-6.1220327,2026-05-18
Pantera Barbería,Las Palmas de Gran Canaria,Canarias,,,,https://booksy.com/es-es/31580_pantera-barberia_barberia_69556_las-palmas-de-gran-canaria,osm,28.1364774,-15.4303313,2026-05-18
CENTRO KASSEL. Peluqueria ecológica y centro de estetica,Fuengirola,Andalucía,+34952466938,,@salonkassel,https://centrokassel.com/,osm,36.5480219,-4.6180501,2026-05-18
Seebab,Ólvega,Castilla y León,,,,,osm,41.779644,-1.9842863,2026-05-18
Ana Cristina,Ólvega,Castilla y León,+34976645782,,,,osm,41.7792425,-1.9842737,2026-05-18
César Lozano,Albacete,Castilla-La Mancha,+34967229633,,,,osm,38.9862532,-1.8678435,2026-05-18
Luisa Ríos,Málaga,Andalucía,,,,,osm,36.7210496,-4.4082264,2026-05-18
Georgian,Málaga,Andalucía,,,,,osm,36.7211067,-4.4074723,2026-05-18
Shey & Jo.,Calafell,Catalunya,,,,,osm,41.1901965,1.6025654,2026-05-18
Aire,Aranda de Duero,Castilla y León,,,,,osm,41.6701031,-3.6847545,2026-05-18
Peluquería Pedreras,La Línea de la Concepción,Andalucía,,,,,osm,36.1686224,-5.35675,2026-05-18
María Muñiz,Avilés,Asturias / Asturies,,,,,osm,43.5594217,-5.9253211,2026-05-18
Mareva,Avilés,Asturias / Asturies,,,,,osm,43.5599103,-5.9255511,2026-05-18
BisMillah,Montcada i Reixac,Catalunya,,,,,osm,41.4628461,2.2483014,2026-05-18
The Barber's,Motril,Andalucía,+34632530098;+34630736471,,,,osm,36.7412224,-3.5244856,2026-05-18
Barbería Jorge Guillén,Santa Cruz de La Palma,Canarias,,,,,osm,28.6878164,-17.7644294,2026-05-18
Barba Negra,Madrid,Madrid,,,,,osm,40.4206031,-3.7077851,2026-05-18
Dache peluqueros,Madrid,Madrid,,,,,osm,40.4227069,-3.5639237,2026-05-18
Perruqueria Núria,Olivella,Catalunya,,,,,osm,41.2979277,1.7787741,2026-05-18
Juan Peluqueros,Albacete,Castilla-La Mancha,,,,,osm,38.9962559,-1.8601676,2026-05-18
Bronny,Avilés,Asturias / Asturies,,,,,osm,43.5554508,-5.9278511,2026-05-18
Peluquería D',Madrid,Madrid,,,,,osm,40.3936574,-3.6973294,2026-05-18
Narai,Gernika-Lumo,Euskadi,,,,,osm,43.3078495,-2.6803774,2026-05-18
Salón de belleza Daniela,Roquetas de Mar,Andalucía,+34635146151,,,,osm,36.76869,-2.6103974,2026-05-18
Varo Academia Unisex,Roquetas de Mar,Andalucía,,,,,osm,36.772617,-2.6060778,2026-05-18
Fanity Hair,Roquetas de Mar,Andalucía,+34950322387,,,,osm,36.7764628,-2.6079709,2026-05-18
Due Peluqueros,Roquetas de Mar,Andalucía,+34959324010,,,,osm,36.7762479,-2.6078049,2026-05-18
Brother's Barber,Roquetas de Mar,Andalucía,,,,,osm,36.7750172,-2.6093153,2026-05-18
Peluquería Rocío Sánchez,Roquetas de Mar,Andalucía,+34950670238,,,,osm,36.7728655,-2.6080778,2026-05-18
Salón 11,Roquetas de Mar,Andalucía,+34674522221,,,,osm,36.7729329,-2.6083301,2026-05-18
Barbería Category,La Línea de la Concepción,Andalucía,,,,,osm,36.1623799,-5.3482942,2026-05-18
Lara Ferrero,Mombuey,Castilla y León,+34618002567,,,,osm,42.023467,-6.3301674,2026-05-18
Peluquería Gómez,Roquetas de Mar,Andalucía,,,,,osm,36.7550768,-2.6070574,2026-05-18
Peluquería A & M,Roquetas de Mar,Andalucía,,,,,osm,36.7654813,-2.6161018,2026-05-18
Peluquería New stile,Roquetas de Mar,Andalucía,+34650418111,,,,osm,36.7661782,-2.6149758,2026-05-18
Peluquería Bandido,Roquetas de Mar,Andalucía,,,,,osm,36.7653731,-2.6154108,2026-05-18
Bea Peluqueros,València,Comunitat Valenciana,,,,,osm,39.5128004,-0.4182009,2026-05-18
David Parrado Perruquers,Sant Boi de Llobregat,Catalunya,,,,,osm,41.3350976,2.0386266,2026-05-18
Strand Marbella,Marbella,Andalucía,,,,,osm,36.4974586,-4.7860526,2026-05-18
Peluquería Viçent Davó,Benaguasil,Comunitat Valenciana,,,,,osm,39.5675001,-0.6239638,2026-05-18
Barber Samir,Marbella,Andalucía,,,,,osm,36.5087807,-4.8834404,2026-05-18
Estilista Elena Diez,Madrid,Madrid,,,,,osm,40.4276125,-3.5624741,2026-05-18
Peluquería Lloreda,Montcada i Reixac,Catalunya,+34612598652,,,,osm,41.4524407,2.2304676,2026-05-18
Peluquería Lafuente,Montcada i Reixac,Catalunya,+34933830662;+34607484986,,,,osm,41.4526088,2.230292,2026-05-18
Perruqueria Bea Unisex,Montcada i Reixac,Catalunya,+34685415237,,unisexpeluqueriabea,,osm,41.4529827,2.2298604,2026-05-18
DuQs,Madrid,Madrid,,,,https://duqs.es/,osm,40.4256678,-3.6689786,2026-05-18
Sergio Carrilero,Albacete,Castilla-La Mancha,+34967040926,,https://www.instagram.com/@sergio_carrilero,,osm,38.978195,-1.8419235,2026-05-18
Eleven,Albacete,Castilla-La Mancha,,,,,osm,38.9779499,-1.8411955,2026-05-18
Carolina Cruz,Albacete,Castilla-La Mancha,,,,,osm,38.9783915,-1.8403981,2026-05-18
Barber Shop Aziz,Barcelona,Catalunya,,,,,osm,41.359767,2.1416745,2026-05-18
Peluquería Juan Oliver,Son Ferrer,Illes Balears,+34650845987,,,,osm,39.4944487,2.5028682,2026-05-18
Delia,Lleida,Catalunya,,,,,osm,41.6210508,0.6276326,2026-05-18
Tadi's Style,Tarragona,Catalunya,,,,,osm,41.1159129,1.2447189,2026-05-18
Esma,Tarragona,Catalunya,,,,,osm,41.1161268,1.2450357,2026-05-18
Marey,Laxe,Galicia,,,,,osm,43.2148533,-9.0054754,2026-05-18
Maria Silva,Laxe,Galicia,,,,,osm,43.2183119,-9.0047577,2026-05-18
Lola Velasco,Barcelona,Catalunya,,,,,osm,41.3811425,2.1313331,2026-05-18
Bizartegia,Tolosa,Euskadi,,,,,osm,43.0985156,-2.0966655,2026-05-18
Ile-apaindegia,Tolosa,Euskadi,,,,,osm,43.0985877,-2.0967344,2026-05-18
Ágadu,Madrid,Madrid,,,,,osm,40.3879486,-3.6454519,2026-05-18
La Barbería,Sant Boi de Llobregat,Catalunya,,,,,osm,41.3442851,2.0376697,2026-05-18
Martín Silvalde,Santiago de Compostela,Galicia,,,,,osm,42.8730621,-8.5483216,2026-05-18
Driss11,Sant Boi de Llobregat,Catalunya,,,,,osm,41.3474057,2.0304269,2026-05-18
Peluquería Zarana,Madrid,Madrid,,,,,osm,40.4559174,-3.6985872,2026-05-18
Manuel Mota Peluqueros,Sevilla,Sevilla,+34955127396,,,https://www.peluqueriasmanuelmota.com/,osm,37.4021753,-5.920508,2026-05-18
Dennis Imperial,Albacete,Castilla-La Mancha,+34641169650,,,,osm,38.9865322,-1.8678233,2026-05-18
Meli Kids,Melide,Galicia,,,,,osm,42.9132969,-8.0172937,2026-05-18
María Suárez,Melide,Galicia,,,,,osm,42.9123922,-8.0192671,2026-05-18
Barbería Manolo,Córdoba,Andalucía,+34699424893;+34957432953,,,,osm,37.8946416,-4.7549962,2026-05-18
La Peluquería,La Línea de la Concepción,Andalucía,,,,,osm,36.1620267,-5.3456164,2026-05-18
SalonMyx,Albacete,Castilla-La Mancha,,,,,osm,38.9927858,-1.8499242,2026-05-18
Peluquería Canet,Tavernes de la Valldigna,Comunitat Valenciana,,,,,osm,39.0711922,-0.2612049,2026-05-18
Perruqueria Marin,Alzira,Comunitat Valenciana,+34669711954,,,,osm,39.1977542,-0.4310201,2026-05-18
MG,Algemesi,Comunitat Valenciana,,,,,osm,39.1899083,-0.4378184,2026-05-18
Mary y Sandra,Barcelona,Catalunya,,,,,osm,41.4441303,2.1759955,2026-05-18
Regenta Estilistas,Oviedo,Asturias / Asturies,,,,,osm,43.3630136,-5.8452884,2026-05-18
Leitza Barber,Leitza,Navarra,,,,,osm,43.0801287,-1.9150141,2026-05-18
Raúl perruquer,Algemesi,Comunitat Valenciana,+34604430816,,,,osm,39.1962253,-0.4375095,2026-05-18
Wonder,Almuñécar,Andalucía,,,,,osm,36.7330032,-3.693611,2026-05-18
Elisabeth López,Santa Cruz de Tenerife,Canarias,,,,,osm,28.521429,-16.3172602,2026-05-18
Permia Peluquero,Sevilla,Sevilla,+34691973489,,,,osm,37.4057928,-5.9145417,2026-05-18
EJB Peluqueros,Madrid,Madrid,+34699538087,,,,osm,40.4677158,-3.7060556,2026-05-18
Mar Peluquería,Madrid,Madrid,,,,,osm,40.467538,-3.7057616,2026-05-18
FashionKids Asturias,Oviedo,Asturias / Asturies,+34984700576,,,https://fashionkids.es/salones-2/oviedo/,osm,43.3664645,-5.8488375,2026-05-18
Júpiter,Benidorm,Comunitat Valenciana,,,,,osm,38.5372611,-0.1319749,2026-05-18
Jenifer Rueda Estilistas,Sant Boi de Llobregat,Catalunya,,,,,osm,41.3433315,2.0389094,2026-05-18
Yi Jian Mei,Sant Boi de Llobregat,Catalunya,,,,,osm,41.3435118,2.0393393,2026-05-18
Ramos Peluqueros,Talavera de la Reina,Castilla-La Mancha,+34925826085,,,,osm,39.9665968,-4.8139136,2026-05-18
Yoana,Zumaia,Euskadi,,,,,osm,43.2983782,-2.2563702,2026-05-18
The Barbershop VIP,Arroyo de la Miel-Benalmádena Costa,Andalucía,+34605721758,,,,osm,36.6207419,-4.4996624,2026-05-18
Top Barber Sant Boi,Sant Boi de Llobregat,Catalunya,,,,,osm,41.342704,2.0404013,2026-05-18
Peluquería Josana,Onil,Comunitat Valenciana,,,,,osm,38.6294728,-0.6746447,2026-05-18
Cecilia Rossi,Arroyo de la Miel-Benalmádena Costa,Andalucía,,,,,osm,36.5964079,-4.5317745,2026-05-18
Barbería El Corte Real,Granada,Andalucía,+34614127992,,,,osm,37.1863733,-3.6108415,2026-05-18
Barbero tatoo,Madrid,Madrid,,,,,osm,40.4267855,-3.5665975,2026-05-18
Marina Plasencia - Hair Salon,Tavernes de la Valldigna,Comunitat Valenciana,,,,,osm,39.0686426,-0.2652544,2026-05-18
ALINA VAMBUTIENE,Tavernes de la Valldigna,Comunitat Valenciana,,,,,osm,39.0705788,-0.2632274,2026-05-18
Pelos con estilo,Eivissa,Illes Balears,,,,,osm,38.9091196,1.4228096,2026-05-18
Aziz,Sabiñánigo,Aragón,,,,,osm,42.5201959,-0.3615442,2026-05-18
BarberShop,Tavernes de la Valldigna,Comunitat Valenciana,+34643898065,,,,osm,39.0713573,-0.2650601,2026-05-18
Barberia De la Rue,Tavernes de la Valldigna,Comunitat Valenciana,,,,,osm,39.0714613,-0.2650377,2026-05-18
Peluquería de Caballeros Deluxe,La Línea de la Concepción,Andalucía,,,,,osm,36.1662741,-5.3603991,2026-05-18
GDG,Sant Boi de Llobregat,Catalunya,,,,,osm,41.3446643,2.0389927,2026-05-18
Pingo,Alzira,Comunitat Valenciana,,,,,osm,39.1949704,-0.4373942,2026-05-18
Clary's,Alzira,Comunitat Valenciana,+34962423833,,,,osm,39.1928995,-0.439825,2026-05-18
La Barbería Tradicional,Agüimes,Canarias,+34828041241,,,,osm,27.9122935,-15.4369759,2026-05-18
Peluqueria Passeig 29,Tavernes de la Valldigna,Comunitat Valenciana,+34634481051,,,,osm,39.0707366,-0.2669378,2026-05-18
RoyalBarber,Tavernes de la Valldigna,Comunitat Valenciana,+34641239858,,,,osm,39.0707726,-0.2662715,2026-05-18
Riffi Barber,Onil,Comunitat Valenciana,,,,,osm,38.629849,-0.6713867,2026-05-18
Barcelona Barber Shop,Barcelona,Catalunya,,,,,osm,41.387023,2.1605457,2026-05-18
Peluquería Juanita,Málaga,Andalucía,,,,,osm,36.7388756,-4.4203896,2026-05-18
Ayoubbarbershop,Onil,Comunitat Valenciana,,,,,osm,38.6297467,-0.6698828,2026-05-18
Yara,Navaluenga,Castilla y León,,,,,osm,40.4111681,-4.7080877,2026-05-18
Fresh Barber Studio,Sant Boi de Llobregat,Catalunya,,,,,osm,41.3426905,2.0387726,2026-05-18
Spejo's Peluqueros,Leganés,Madrid,+34916441781,,,,osm,40.3377899,-3.8293139,2026-05-18
Principado,Avilés,Asturias / Asturies,,,,,osm,43.5553935,-5.9270236,2026-05-18
María Estilistes,Sant Boi de Llobregat,Catalunya,,,,,osm,41.3420072,2.0411688,2026-05-18
Estilistas Ariznavarreta,Oviedo,Asturias / Asturies,+34984285971,,,,osm,43.3692185,-5.8540613,2026-05-18
Salón Silvia,Avilés,Asturias / Asturies,,,,,osm,43.55437,-5.9194316,2026-05-18
Flor Casado,Avilés,Asturias / Asturies,,,,,osm,43.5541676,-5.919374,2026-05-18
Paloma Llaneza,Mieres,Asturias / Asturies,,,,,osm,43.2525649,-5.7763732,2026-05-18
Urban Mieres,Mieres,Asturias / Asturies,,,,,osm,43.25265,-5.7770456,2026-05-18
DC Aguado Peluqueria Unisex Alcobendas,Alcobendas,Madrid,+34916613056,,,,osm,40.5381391,-3.6363825,2026-05-18
Peluquería Mostapha,Pamplona/Iruña,Navarra,,,,,osm,42.8253362,-1.6561706,2026-05-18
DS Peluquería Unisex,Pamplona/Iruña,Navarra,,,,,osm,42.8263802,-1.6540358,2026-05-18
Peluquería Renacer,Pamplona/Iruña,Navarra,,,,,osm,42.8260347,-1.654215,2026-05-18
Peluquería Grego/Sergio,Pamplona/Iruña,Navarra,,,,,osm,42.8264995,-1.6529149,2026-05-18
Peluquería Biloa,Pamplona/Iruña,Navarra,,,,,osm,42.8271839,-1.6509269,2026-05-18
Peluquería Shameer,Pamplona/Iruña,Navarra,,,,,osm,42.8272288,-1.6507968,2026-05-18
L&V Estilistes,Tarragona,Catalunya,,,,,osm,41.1135661,1.2424857,2026-05-18
SCR Barber,Tarragona,Catalunya,,,,,osm,41.113744,1.2432776,2026-05-18
Mikel García,Tarragona,Catalunya,,,,,osm,41.1129159,1.2425429,2026-05-18
Peluquería Patry,Coristanco,Galicia,+34645650627,,,,osm,43.1979975,-8.8058468,2026-05-18
Peluquería La Maja,Majadahonda,Madrid,+34912540177,,,https://www.fresha.com/es/lvp/peluqueria-la-maja-calle-del-doctor-calero-majadahonda-Mx8BDx,osm,40.4741928,-3.8740701,2026-05-18
Peluquería Vertices,Majadahonda,Madrid,+34626687956,,,https://www.fresha.com/es/lvp/peluqueria-la-maja-calle-del-doctor-calero-majadahonda-Mx8BDx,osm,40.4746502,-3.8730695,2026-05-18
Eletxondo,Aiarako kuadrilla,Euskadi,,,,,osm,43.0532799,-3.0003369,2026-05-18
Lourdes Ugarte,Aiarako kuadrilla,Euskadi,,,,,osm,43.0530758,-3.0010488,2026-05-18
Peluquería CR,La Línea de la Concepción,Andalucía,,,,,osm,36.1687451,-5.3632083,2026-05-18
Pozo,Barcelona,Catalunya,,,,,osm,41.431521,2.1780394,2026-05-18
Any,Málaga,Andalucía,,,,,osm,36.7169402,-4.4239475,2026-05-18
Youssef Barber Shop,Barcelona,Catalunya,,,,,osm,41.3865171,2.1811407,2026-05-18
Las Manos de Cupido,Sant Boi de Llobregat,Catalunya,,,,,osm,41.34132,2.040268,2026-05-18
Peluquería Rosana,La Línea de la Concepción,Andalucía,,,,,osm,36.1720401,-5.3416139,2026-05-18
Peluquería Omar,La Línea de la Concepción,Andalucía,,,,,osm,36.1721419,-5.3415862,2026-05-18
Privée,Sant Boi de Llobregat,Catalunya,,,,,osm,41.3421345,2.0402228,2026-05-18
SPS Estilistas,Santiago de Compostela,Galicia,+34881974535,,,,osm,42.8714394,-8.5483572,2026-05-18
Harold Studio,Almería,Andalucía,,,,,osm,36.8881572,-2.4452715,2026-05-18
Ana Belén Flores,Albacete,Castilla-La Mancha,,,,,osm,38.9861009,-1.8690702,2026-05-18
Cap Espartel,Sant Boi de Llobregat,Catalunya,,,,,osm,41.3411747,2.0402474,2026-05-18
Bellvitge Perruqueria Home,el Prat de Llobregat,Catalunya,,,,,osm,41.3480319,2.1077792,2026-05-18
J. Iglesias,Almería,Andalucía,,,,,osm,36.8698285,-2.4396362,2026-05-18
Loli Guirado,Almería,Andalucía,,,,,osm,36.8703895,-2.4393872,2026-05-18
Burdeos,Almería,Andalucía,,,,,osm,36.86967,-2.4387456,2026-05-18
Adrià Peluqueria Homes,València,Comunitat Valenciana,+34963745401,,,,osm,39.4525929,-0.3781642,2026-05-18
El Carmen,Salamanca,Castilla y León,,,,,osm,40.9670185,-5.6668105,2026-05-18
Rohit Barber's Boss,Barcelona,Catalunya,,,,,osm,41.3716287,2.1046312,2026-05-18
Pirineus,Lleida,Catalunya,,,,,osm,41.6214183,0.6340145,2026-05-18
Alona Andreyko,La Robla,Castilla y León,+34987572359,,,,osm,42.80284,-5.630264,2026-05-18
Peluquería Güimil,O Porto do Son,Galicia,,,,,osm,42.6575995,-9.0316353,2026-05-18
Peluquería Nicolás,La Robla,Castilla y León,+34987570425,,,,osm,42.803223,-5.6282667,2026-05-18
Peluqueria Lorena,Bárboles,Aragón,,,,,osm,41.7103381,-1.1865273,2026-05-18
Perruquería de Chuco,Santa Uxía de Ribeira,Galicia,,,,,osm,42.6208585,-9.0314984,2026-05-18
MariCarmen,A Coruña,Galicia,+34981254027,,,,osm,43.3649672,-8.4250722,2026-05-18
Peluqueria Ale-Isa,Santander,Cantabria,,,,,osm,43.465004,-3.8666145,2026-05-18
Perruqueria Ekares Estilistes,Barcelona,Catalunya,+34932082579,,,https://ekarestilistes.com/,osm,41.398335,2.1690506,2026-05-18
Perruqueria Sensi,Sarria de Ter,Catalunya,,,,,osm,42.0130605,2.8150352,2026-05-18
Peluqueria Unisex CH,Sant Vicenç dels Horts,Catalunya,,,,,osm,41.3978831,2.010635,2026-05-18
Oscar Blanco Peluqueros,Fuenlabrada,Madrid,+34916074613,,,https://oscarblancopeluqueros.com,osm,40.282234,-3.8085645,2026-05-18
Rocy,A Armada,Galicia,,,,,osm,43.3747184,-8.1155617,2026-05-18
Alburquerque,Los Alcázares,Murcia,,,,,osm,37.7375425,-0.9405031,2026-05-18
Ego's,Aranga,Galicia,,,,,osm,43.1905966,-8.0243855,2026-05-18
Peluquería Unisex Petit,Bilbao,Euskadi,,,,,osm,43.2607531,-2.9271624,2026-05-18
Peluqueria Lorena Villaverde,Pobra de San Xiao,Galicia,,,,,osm,42.8647825,-7.4456167,2026-05-18
Peluquería Nica,Vigo,Pontevedra,,,,,osm,42.2506485,-8.6996093,2026-05-18
I B.C. Complutense III,Alcalá de Henares,Madrid,,,,,osm,40.4886803,-3.3566293,2026-05-18
Productos de Peluquería López,Alcalá de Henares,Madrid,,,,,osm,40.4932963,-3.3527493,2026-05-18
Perruqueria Cesca,Manlleu,Catalunya,,,,,osm,42.001166,2.2920806,2026-05-18
Peluquería y Estética Teresa Garrido,San Cristóbal de Segovia,Castilla y León,,,,,osm,40.9515277,-4.0732515,2026-05-18
Peluquería Unisex Juani Cuadrado,Miajadas,Extremadura,,,,,osm,39.1443162,-5.9164426,2026-05-18
Lyonelle,Sevilla,Andalucía,,,,,osm,37.3457898,-5.9779676,2026-05-18
La Pelu de Ana,Sevilla,Sevilla,,,,,osm,37.3764511,-6.0117804,2026-05-18
Bernabe Meroño - peluquero,Molinos Marfagones,Murcia,,,,,osm,37.6292586,-1.043706,2026-05-18
Maybel,Almería,Almería,+34950086444,,,,osm,36.8428735,-2.4582114,2026-05-18
Goncer & Domenech Peluqueros y Estética Unisex,Almería,Almería,+34950220560,,,,osm,36.8404668,-2.4550745,2026-05-18
Rosa Maroño,Ferrol,Galicia,,,,,osm,43.4739661,-8.166103,2026-05-18
Imagen Peluqueria,Onda,Comunitat Valenciana,,,,,osm,39.963755,-0.2616571,2026-05-18
Peluqueos Úrsula,Málaga,Andalucía,,,,,osm,36.6720222,-4.5091035,2026-05-18
Peluquería María José,Aldeacentenera,Extremadura,,,,,osm,39.5257235,-5.6289501,2026-05-18
Peluquería de Caballeros Cipri,Palma,Illes Balears,,,,,osm,39.5523448,2.6027357,2026-05-18
Peluquería Capricho,Palma,Islas Baleares,,,,,osm,39.5524538,2.6024489,2026-05-18
Peluquería 2H,Arrecife,Canarias,+34928836573,,,,osm,29.0134858,-13.5460424,2026-05-18
Pili perruquera,Manlleu,Catalunya,,,,,osm,42.000857,2.2855498,2026-05-18
David Pasán,Puigpunyent,Illes Balears,,,,,osm,39.6204211,2.5258611,2026-05-18
Casas Con Vida La Barbería,Fresnedillas de la Oliva,Madrid,,,,,osm,40.4865024,-4.1717439,2026-05-18
Pelucas Cabello R.,Madrid,Madrid,+34913692423,,,https://cabellor.com,osm,40.4122809,-3.6999509,2026-05-18
Vea Peluqueros,Madrid,Madrid,,,,,osm,40.416513,-3.7103556,2026-05-18
Finita Peluquería y Estética,Ferrol,Galicia,,,,,osm,43.4555648,-8.2013415,2026-05-18
VIP Woman Peluqueros,Almería,Almería,,,,,osm,36.8741986,-2.4407148,2026-05-18
L'Esquilo,Llíber,Comunitat Valenciana,+34606913297,,,,osm,38.7429027,0.0063741,2026-05-18
Barbería Daniel Acebedo,Celanova,Galicia,,,,,osm,42.1507051,-7.9581881,2026-05-18
Edgar Carrillo,Ròtova,Comunitat Valenciana,,,,,osm,38.9318731,-0.2554165,2026-05-18
Toñy Sampol,Palma,Illes Balears,,,,,osm,39.5943573,2.6872915,2026-05-18
Buades,Palma,Illes Balears,,,,,osm,39.5957645,2.7047048,2026-05-18
es Pont d'Inca,Palma,Illes Balears,,,,,osm,39.5971129,2.6930745,2026-05-18
Somnis,Palma,Illes Balears,,,,,osm,39.5965077,2.7088281,2026-05-18
Vich,Marratxí,Illes Balears,,,,,osm,39.5542399,2.776604,2026-05-18
Art,Marratxí,Illes Balears,,,,,osm,39.6175717,2.7719692,2026-05-18
Peluquería Asun & Paula,Santander,Cantabria,+34942391747,,,,osm,43.484595,-3.7989817,2026-05-18
Peluquería Strettos,Brihuega,Castilla-La Mancha,,,,,osm,40.760519,-2.869603,2026-05-18
Perruqueria Expressions,Igualada,Catalunya,+34938068440,,@eva_collado_,,osm,41.5802696,1.6293291,2026-05-18
Peluquería Laura Golpe,Monfero,Galicia,,,,,osm,43.3286129,-8.0519649,2026-05-18
Áurea Peluquería,Zas,Galicia,,,,,osm,43.098557,-8.9131443,2026-05-18
Peluquería Maestre,Trescasas,Castilla y León,,,,,osm,40.9599963,-4.0384577,2026-05-18
Bogue,Abrera,Catalunya,,,,,osm,41.5073438,1.9028965,2026-05-18
Perruqueria Danmarc,el Vendrell,Catalunya,,,,,osm,41.2225828,1.5356809,2026-05-18
Peluqueria Ella La Holandesa,Benissa,Comunitat Valenciana,+34965747184,helga@laholandesa.es,,https://www.laholandesa.es,osm,38.6864647,0.0982946,2026-05-18
Wawanco,Urduliz,Euskadi,,,,,osm,43.3795274,-2.9584834,2026-05-18
Peluqueria Joseba,Sopela,Euskadi,,,,,osm,43.3785209,-2.9578466,2026-05-18
AK Peluqueros,Castelló de la Plana / Castellón de la Plana,Comunitat Valenciana,,,,,osm,39.9745058,-0.0614009,2026-05-18
Peluquería Pascual,València,Comunitat Valenciana,,,,,osm,39.4805998,-0.3909506,2026-05-18
Peluquería River's,Vigo,Galicia,,,,,osm,42.1927338,-8.7129904,2026-05-18
The Office Barbershop,San Vicente de Alcántara;La Tasquina de Ana,Extremadura,,,,,osm,39.3615319,-7.1372279,2026-05-18
María Gan,Madrid,Madrid,,,,,osm,40.4079335,-3.7511295,2026-05-18
La Barbería de Guadiaro,San Roque,Andalucía,,,,https://www.facebook.com/1barberiaguadiaro/?locale=es_ES,osm,36.2943762,-5.3005746,2026-05-18
Peiteados Imna,Ribadavia,Galicia,,,,,osm,42.2776081,-8.1555229,2026-05-18
Peluquería María Naranjo,Pueblo Nuevo de Guadiaro,Andalucía,,,,,osm,36.2943473,-5.3004817,2026-05-18
Peluquería Marlo,Pueblo Nuevo de Guadiaro,Andalucía,,,,,osm,36.2935889,-5.2998152,2026-05-18
En Boga,Villaviciosa de Odón,Madrid,,,,,osm,40.3541817,-3.9004272,2026-05-18
Makinavaja,Urduliz,Euskadi,+34690376511,,,,osm,43.3766509,-2.9598932,2026-05-18
Cool&chic,Urduliz,Euskadi,+34946533136,,,,osm,43.3767909,-2.9552635,2026-05-18
Karmele,Urduliz,Euskadi,+34688673162,,,,osm,43.3758469,-2.954467,2026-05-18
Bego,Urduliz,Euskadi,+34946762479,,,,osm,43.3734987,-2.948093,2026-05-18
Carol & Co estilistas,Calafell,Catalunya,,,,,osm,41.1935747,1.6056239,2026-05-18
Peluquería Marce,Calafell,Catalunya,,,,,osm,41.1931706,1.6045733,2026-05-18
Mª Angela - Carolina,Vilobí del Penedès,Catalunya,,,,,osm,41.4138251,1.6503547,2026-05-18
Hermanos Lomas Barbershop,Villanueva de la Fuente,Castilla-La Mancha,,,,,osm,38.6928838,-2.6951472,2026-05-18
SAVIA Belleza Peluquería y Estética,Guadalajara,Castilla-La Mancha,,,,,osm,40.6265992,-3.2367476,2026-05-18
Peluquería Mari Vázquez,O Mosteiro,Galicia,+34986715422;+34653672869,info@peluqueriamarivazquez.es,,https://www.peluqueriamarivazquez.es/,osm,42.5182146,-8.7031809,2026-05-18
Pelequería O Paraíso,Cee,Galicia,,,,,osm,42.9552762,-9.188823,2026-05-18
Peluqueria Masculina,Sevilla,Sevilla,,,,,osm,37.3733193,-5.9490421,2026-05-18
Chrisam,Móstoles,Madrid,,,,,osm,40.3324802,-3.865029,2026-05-18
Peluquería Mazuelas,Alcalá de Henares,Madrid,,,,,osm,40.4935112,-3.3409634,2026-05-18
Yebra Peluqueros,Zaragoza,Aragón,,,,,osm,41.6442331,-0.8912034,2026-05-18
